obligation_id,target_module_path,target_symbol,target_source_path,is_constant_literal_result,is_executed,is_broad_appendix_grammar_row,uses_appendix_b_composite_target,passes_quality_gate
front-matter.document-organization,HelloUltraviolet::Reference::Conformance,runConformanceConstructVocabularyReference,Source/Reference/Conformance/ConstructVocabulary.uv,false,true,false,false,true
front-matter.feature-section-template,HelloUltraviolet::Reference::Conformance,runConformanceConstructVocabularyReference,Source/Reference/Conformance/ConstructVocabulary.uv,false,true,false,false,true
front-matter.language-design-contract,HelloUltraviolet::Reference::Conformance,runConformanceConstructVocabularyReference,Source/Reference/Conformance/ConstructVocabulary.uv,false,true,false,false,true
def.Phase1Order,HelloUltraviolet::Reference::Conformance,runConformanceTranslationOrderingReference,Source/Reference/Conformance/TranslationOrdering.uv,false,true,false,false,true
def.Phase2Order,HelloUltraviolet::Reference::Conformance,runConformanceTranslationOrderingReference,Source/Reference/Conformance/TranslationOrdering.uv,false,true,false,false,true
def.Phase3Checks,HelloUltraviolet::Reference::Conformance,runConformanceTranslationOrderingReference,Source/Reference/Conformance/TranslationOrdering.uv,false,true,false,false,true
def.Phase3Order,HelloUltraviolet::Reference::Conformance,runConformanceTranslationOrderingReference,Source/Reference/Conformance/TranslationOrdering.uv,false,true,false,false,true
def.Phase4Order,HelloUltraviolet::Reference::Conformance,runConformanceTranslationOrderingReference,Source/Reference/Conformance/TranslationOrdering.uv,false,true,false,false,true
def.TranslationPhases,HelloUltraviolet::Reference::Conformance,runConformanceTranslationOrderingReference,Source/Reference/Conformance/TranslationOrdering.uv,false,true,false,false,true
def.JudgmentSubjectAndEnvironment,HelloUltraviolet::Audit,artifactProjectEmitLlExercise,Source/Audit/ArtifactProjectExecution.uv,false,true,false,false,true
def.RuntimeCheck,HelloUltraviolet::Audit,artifactProjectRuntimeCheckBehaviorExercise,Source/Audit/ArtifactProjectExecution.uv,false,true,false,false,true
def.CompileTimeTranslationPhases,HelloUltraviolet::Reference::Conformance,runConformanceTranslationOrderingReference,Source/Reference/Conformance/TranslationOrdering.uv,false,true,false,false,true
def.ExecuteComptime,HelloUltraviolet::Reference::Conformance,runConformanceTranslationOrderingReference,Source/Reference/Conformance/TranslationOrdering.uv,false,true,false,false,true
req.Phase1BeforePhase2,HelloUltraviolet::Reference::Conformance,runConformanceTranslationOrderingReference,Source/Reference/Conformance/TranslationOrdering.uv,false,true,false,false,true
req.Phase2DeterministicDependencyOrder,HelloUltraviolet::Reference::Conformance,runConformanceTranslationOrderingReference,Source/Reference/Conformance/TranslationOrdering.uv,false,true,false,false,true
req.Phase2DeclarationsBeforePhase3,HelloUltraviolet::Reference::Conformance,runConformanceTranslationOrderingReference,Source/Reference/Conformance/TranslationOrdering.uv,false,true,false,false,true
req.Phase3UsesExpandedModuleSet,HelloUltraviolet::Reference::Conformance,runConformanceTranslationOrderingReference,Source/Reference/Conformance/TranslationOrdering.uv,false,true,false,false,true
req.Phase4OnlyAcceptedProgram,HelloUltraviolet::Reference::Conformance,runConformanceTranslationOrderingReference,Source/Reference/Conformance/TranslationOrdering.uv,false,true,false,false,true
conformance.ComptimeFormsChapterOwner,HelloUltraviolet::Reference::Conformance,runConformanceTranslationOrderingReference,Source/Reference/Conformance/TranslationOrdering.uv,false,true,false,false,true
req.TargetProfileResolution,HelloUltraviolet::Audit,artifactProjectEmitLlExercise,Source/Audit/ArtifactProjectExecution.uv,false,true,false,false,true
req.TargetProfileNoHostInference,HelloUltraviolet::Audit,artifactProjectEmitLlExercise,Source/Audit/ArtifactProjectExecution.uv,false,true,false,false,true
def.TargetArch,HelloUltraviolet::Audit,artifactProjectEmitLlExercise,Source/Audit/ArtifactProjectExecution.uv,false,true,false,false,true
def.TargetMachineModel,HelloUltraviolet::Audit,artifactProjectEmitLlExercise,Source/Audit/ArtifactProjectExecution.uv,false,true,false,false,true
def.TargetTriple,HelloUltraviolet::Audit,artifactProjectEmitLlExercise,Source/Audit/ArtifactProjectExecution.uv,false,true,false,false,true
conformance.LayoutAndABIOwnerSections,HelloUltraviolet::Audit,artifactProjectEmitLlExercise,Source/Audit/ArtifactProjectExecution.uv,false,true,false,false,true
def.SourceLocation,HelloUltraviolet::Reference::Diagnostics,runDiagnosticsSourceSpansReference,Source/Reference/Diagnostics/SourceSpans.uv,false,true,false,false,true
def.Span,HelloUltraviolet::Reference::Diagnostics,runDiagnosticsSourceSpansReference,Source/Reference/Diagnostics/SourceSpans.uv,false,true,false,false,true
def.SpanRange,HelloUltraviolet::Reference::Diagnostics,runDiagnosticsSourceSpansReference,Source/Reference/Diagnostics/SourceSpans.uv,false,true,false,false,true
WF-Location,HelloUltraviolet::Reference::Diagnostics,runDiagnosticsSourceSpansReference,Source/Reference/Diagnostics/SourceSpans.uv,false,true,false,false,true
WF-Span,HelloUltraviolet::Reference::Diagnostics,runDiagnosticsSourceSpansReference,Source/Reference/Diagnostics/SourceSpans.uv,false,true,false,false,true
def.ClampSpan,HelloUltraviolet::Reference::Diagnostics,runDiagnosticsSourceSpansReference,Source/Reference/Diagnostics/SourceSpans.uv,false,true,false,false,true
Span-Of,HelloUltraviolet::Reference::Diagnostics,runDiagnosticsSourceSpansReference,Source/Reference/Diagnostics/SourceSpans.uv,false,true,false,false,true
def.TokenKind,HelloUltraviolet::Reference::Diagnostics,runDiagnosticsSourceSpansReference,Source/Reference/Diagnostics/SourceSpans.uv,false,true,false,false,true
No-Unknown-Ok,HelloUltraviolet::Reference::Diagnostics,runDiagnosticsSourceSpansReference,Source/Reference/Diagnostics/SourceSpans.uv,false,true,false,false,true
def.RawToken,HelloUltraviolet::Reference::Diagnostics,runDiagnosticsSourceSpansReference,Source/Reference/Diagnostics/SourceSpans.uv,false,true,false,false,true
def.Token,HelloUltraviolet::Reference::Diagnostics,runDiagnosticsSourceSpansReference,Source/Reference/Diagnostics/SourceSpans.uv,false,true,false,false,true
Attach-Token-Ok,HelloUltraviolet::Reference::Diagnostics,runDiagnosticsSourceSpansReference,Source/Reference/Diagnostics/SourceSpans.uv,false,true,false,false,true
Attach-Tokens-Ok,HelloUltraviolet::Reference::Diagnostics,runDiagnosticsSourceSpansReference,Source/Reference/Diagnostics/SourceSpans.uv,false,true,false,false,true
def.DiagnosticSeverity,HelloUltraviolet::Reference::Diagnostics,runDiagnosticsDiagnosticRecordsReference,Source/Reference/Diagnostics/DiagnosticRecords.uv,false,true,false,false,true
def.DiagCodeOpt,HelloUltraviolet::Reference::Diagnostics,runDiagnosticsDiagnosticRecordsReference,Source/Reference/Diagnostics/DiagnosticRecords.uv,false,true,false,false,true
def.Diagnostic,HelloUltraviolet::Reference::Diagnostics,runDiagnosticsDiagnosticRecordsReference,Source/Reference/Diagnostics/DiagnosticRecords.uv,false,true,false,false,true
req.DiagnosticCodeOwnership,HelloUltraviolet::Reference::Diagnostics,runDiagnosticsDiagnosticRecordsReference,Source/Reference/Diagnostics/DiagnosticRecords.uv,false,true,false,false,true
Code,HelloUltraviolet::Reference::Diagnostics,runDiagnosticsDiagnosticRecordsReference,Source/Reference/Diagnostics/DiagnosticRecords.uv,false,true,false,false,true
Order,HelloUltraviolet::Reference::Diagnostics,runDiagnosticsDiagnosticOrderingReference,Source/Reference/Diagnostics/DiagnosticOrdering.uv,false,true,false,false,true
def.DiagnosticRender,HelloUltraviolet::Reference::Diagnostics,runDiagnosticsRenderingInputsReference,Source/Reference/Diagnostics/RenderingInputs.uv,false,true,false,false,true
def.DiagnosticRenderComponents,HelloUltraviolet::Reference::Diagnostics,runDiagnosticsRenderingInputsReference,Source/Reference/Diagnostics/RenderingInputs.uv,false,true,false,false,true
NoSpan-External,HelloUltraviolet::Reference::Diagnostics,runDiagnosticsSourceSpansReference,Source/Reference/Diagnostics/SourceSpans.uv,false,true,false,false,true
def.AssemblyAndLinkKinds,HelloUltraviolet::Audit,artifactProjectAssemblyAndLinkKindsExercise,Source/Audit/ArtifactProjectExecution.uv,false,true,false,false,true
def.ProjectRecord,HelloUltraviolet::Reference::Projects,runProjectsManifestModelReference,Source/Reference/Projects/ManifestModel.uv,false,true,false,false,true
def.AssemblyClassification,HelloUltraviolet::Reference::Projects,runProjectsManifestModelReference,Source/Reference/Projects/ManifestModel.uv,false,true,false,false,true
def.ProjectValidationScope,HelloUltraviolet::Reference::Projects,runProjectsManifestModelReference,Source/Reference/Projects/ManifestModel.uv,false,true,false,false,true
def.DumpProjectOutput,HelloUltraviolet::Audit,artifactProjectFixturesBuildAndExerciseOutputObligations,Source/Audit/ArtifactProjectExecution.uv,false,true,false,false,true
def.ProjectSummaryOutput,HelloUltraviolet::Audit,artifactProjectFixturesBuildAndExerciseOutputObligations,Source/Audit/ArtifactProjectExecution.uv,false,true,false,false,true
def.OutputSummary,HelloUltraviolet::Audit,artifactProjectFixturesBuildAndExerciseOutputObligations,Source/Audit/ArtifactProjectExecution.uv,false,true,false,false,true
def.LinkOutputSummary,HelloUltraviolet::Audit,artifactProjectFixturesBuildAndExerciseOutputObligations,Source/Audit/ArtifactProjectExecution.uv,false,true,false,false,true
def.IROpt,HelloUltraviolet::Audit,artifactProjectFixturesBuildAndExerciseOutputObligations,Source/Audit/ArtifactProjectExecution.uv,false,true,false,false,true
def.ImportLibOpt,HelloUltraviolet::Audit,artifactProjectFixturesBuildAndExerciseOutputObligations,Source/Audit/ArtifactProjectExecution.uv,false,true,false,false,true
def.ManifestParsing,HelloUltraviolet::Reference::Projects,runProjectsManifestModelReference,Source/Reference/Projects/ManifestModel.uv,false,true,false,false,true
Parse-Manifest-Ok,HelloUltraviolet::Reference::Projects,runProjectsManifestModelReference,Source/Reference/Projects/ManifestModel.uv,false,true,false,false,true
conformance.ManifestRequired,HelloUltraviolet::Audit,outputDiagnosticManifestMissingExercise,Source/Audit/OutputDiagnosticExecution.uv,false,true,false,false,true
req.ManifestHostPathResolution,HelloUltraviolet::Audit,outputDiagnosticRuntimeLibMissingExercise,Source/Audit/OutputDiagnosticExecution.uv,false,true,false,false,true
req.ManifestNoAdditionalCaseVerification,HelloUltraviolet::Reference::Projects,runProjectsManifestModelReference,Source/Reference/Projects/ManifestModel.uv,false,true,false,false,true
req.ProjectRootResolveInputPath,HelloUltraviolet::Reference::Projects,runProjectsManifestModelReference,Source/Reference/Projects/ManifestModel.uv,false,true,false,false,true
req.ProjectRootFileInputStartsAtParent,HelloUltraviolet::Reference::Projects,runProjectsManifestModelReference,Source/Reference/Projects/ManifestModel.uv,false,true,false,false,true
req.ProjectRootDirectoryInputStartsAtResolvedPath,HelloUltraviolet::Audit,outputDiagnosticRuntimeLibMissingExercise,Source/Audit/OutputDiagnosticExecution.uv,false,true,false,false,true
def.FindProjectRoot,HelloUltraviolet::Reference::Projects,runProjectsManifestModelReference,Source/Reference/Projects/ManifestModel.uv,false,true,false,false,true
def.ManifestSchema,HelloUltraviolet::Reference::Projects,runProjectsManifestModelReference,Source/Reference/Projects/ManifestModel.uv,false,true,false,false,true
WF-Assembly-Name,HelloUltraviolet::Reference::Projects,runProjectsManifestModelReference,Source/Reference/Projects/ManifestModel.uv,false,true,false,false,true
WF-Assembly-Kind,HelloUltraviolet::Reference::Projects,runProjectsManifestModelReference,Source/Reference/Projects/ManifestModel.uv,false,true,false,false,true
WF-Assembly-Root-Path,HelloUltraviolet::Reference::Projects,runProjectsManifestModelReference,Source/Reference/Projects/ManifestModel.uv,false,true,false,false,true
WF-Assembly-OutDir-Path,HelloUltraviolet::Audit,outputDiagnosticRuntimeLibMissingExercise,Source/Audit/OutputDiagnosticExecution.uv,false,true,false,false,true
WF-Assembly-EmitIR,HelloUltraviolet::Audit,outputDiagnosticRuntimeLibMissingExercise,Source/Audit/OutputDiagnosticExecution.uv,false,true,false,false,true
def.AsmLinkKind,HelloUltraviolet::Audit,outputDiagnosticRuntimeLibMissingExercise,Source/Audit/OutputDiagnosticExecution.uv,false,true,false,false,true
def.ManifestTableProjections,HelloUltraviolet::Reference::Projects,runProjectsManifestModelReference,Source/Reference/Projects/ManifestModel.uv,false,true,false,false,true
def.ManifestTopKeys,HelloUltraviolet::Reference::Projects,runProjectsManifestModelReference,Source/Reference/Projects/ManifestModel.uv,false,true,false,false,true
WF-TopKeys,HelloUltraviolet::Reference::Projects,runProjectsManifestModelReference,Source/Reference/Projects/ManifestModel.uv,false,true,false,false,true
WF-TopKeys-Err,HelloUltraviolet::Reference::Projects,runProjectsManifestModelReference,Source/Reference/Projects/ManifestModel.uv,false,true,false,false,true
WF-Assembly-Table,HelloUltraviolet::Reference::Projects,runProjectsManifestModelReference,Source/Reference/Projects/ManifestModel.uv,false,true,false,false,true
WF-Assembly-Count,HelloUltraviolet::Reference::Projects,runProjectsManifestModelReference,Source/Reference/Projects/ManifestModel.uv,false,true,false,false,true
WF-Assembly-Name-Dup,HelloUltraviolet::Reference::Projects,runProjectsManifestModelReference,Source/Reference/Projects/ManifestModel.uv,false,true,false,false,true
def.ManifestAssemblyKeys,HelloUltraviolet::Reference::Projects,runProjectsManifestModelReference,Source/Reference/Projects/ManifestModel.uv,false,true,false,false,true
WF-Assembly-Keys,HelloUltraviolet::Reference::Projects,runProjectsManifestModelReference,Source/Reference/Projects/ManifestModel.uv,false,true,false,false,true
WF-Assembly-Required-Types,HelloUltraviolet::Audit,outputDiagnosticRuntimeLibMissingExercise,Source/Audit/OutputDiagnosticExecution.uv,false,true,false,false,true
WF-Assembly-Optional-Types,HelloUltraviolet::Reference::Projects,runProjectsManifestModelReference,Source/Reference/Projects/ManifestModel.uv,false,true,false,false,true
WF-Assembly-EmitIRType,HelloUltraviolet::Audit,outputDiagnosticRuntimeLibMissingExercise,Source/Audit/OutputDiagnosticExecution.uv,false,true,false,false,true
WF-Assembly-LinkKindType,HelloUltraviolet::Audit,outputDiagnosticRuntimeLibMissingExercise,Source/Audit/OutputDiagnosticExecution.uv,false,true,false,false,true
WF-Assembly-LinkKind,HelloUltraviolet::Audit,outputDiagnosticRuntimeLibMissingExercise,Source/Audit/OutputDiagnosticExecution.uv,false,true,false,false,true
def.ToolchainKeys,HelloUltraviolet::Audit,outputDiagnosticRuntimeLibMissingExercise,Source/Audit/OutputDiagnosticExecution.uv,false,true,false,false,true
def.ToolchainTargetProfileOk,HelloUltraviolet::Audit,outputDiagnosticRuntimeLibMissingExercise,Source/Audit/OutputDiagnosticExecution.uv,false,true,false,false,true
WF-Toolchain,HelloUltraviolet::Audit,outputDiagnosticRuntimeLibMissingExercise,Source/Audit/OutputDiagnosticExecution.uv,false,true,false,false,true
def.ToolchainConfig,HelloUltraviolet::Audit,outputDiagnosticRuntimeLibMissingExercise,Source/Audit/OutputDiagnosticExecution.uv,false,true,false,false,true
def.SelectedTargetProfile,HelloUltraviolet::Reference::Projects,runProjectsOutputArtifactsReference,Source/Reference/Projects/OutputArtifacts.uv,false,true,false,false,true
def.BuildConfiguration,HelloUltraviolet::Reference::Projects,runProjectsManifestModelReference,Source/Reference/Projects/ManifestModel.uv,false,true,false,false,true
WF-Build,HelloUltraviolet::Reference::Projects,runProjectsManifestModelReference,Source/Reference/Projects/ManifestModel.uv,false,true,false,false,true
def.BuildConfigDefaults,HelloUltraviolet::Reference::Projects,runProjectsManifestModelReference,Source/Reference/Projects/ManifestModel.uv,false,true,false,false,true
def.PathRootPredicates,HelloUltraviolet::Reference::Projects,runProjectsManifestModelReference,Source/Reference/Projects/ManifestModel.uv,false,true,false,false,true
def.PathRootTagAndTail,HelloUltraviolet::Reference::Projects,runProjectsManifestModelReference,Source/Reference/Projects/ManifestModel.uv,false,true,false,false,true
def.PathSegments,HelloUltraviolet::Reference::Projects,runProjectsManifestModelReference,Source/Reference/Projects/ManifestModel.uv,false,true,false,false,true
def.PathComponents,HelloUltraviolet::Reference::Projects,runProjectsManifestModelReference,Source/Reference/Projects/ManifestModel.uv,false,true,false,false,true
def.JoinComp,HelloUltraviolet::Reference::Projects,runProjectsManifestModelReference,Source/Reference/Projects/ManifestModel.uv,false,true,false,false,true
def.Join,HelloUltraviolet::Reference::Projects,runProjectsManifestModelReference,Source/Reference/Projects/ManifestModel.uv,false,true,false,false,true
def.AbsPath,HelloUltraviolet::Reference::Projects,runProjectsManifestModelReference,Source/Reference/Projects/ManifestModel.uv,false,true,false,false,true
def.PathFunctionTypes,HelloUltraviolet::Reference::Projects,runProjectsManifestModelReference,Source/Reference/Projects/ManifestModel.uv,false,true,false,false,true
def.PathPrefix,HelloUltraviolet::Reference::Projects,runProjectsManifestModelReference,Source/Reference/Projects/ManifestModel.uv,false,true,false,false,true
def.Normalize,HelloUltraviolet::Reference::Projects,runProjectsManifestModelReference,Source/Reference/Projects/ManifestModel.uv,false,true,false,false,true
def.Under,HelloUltraviolet::Reference::Projects,runProjectsManifestModelReference,Source/Reference/Projects/ManifestModel.uv,false,true,false,false,true
def.Canon,HelloUltraviolet::Reference::Projects,runProjectsManifestModelReference,Source/Reference/Projects/ManifestModel.uv,false,true,false,false,true
def.Drop,HelloUltraviolet::Reference::Projects,runProjectsManifestModelReference,Source/Reference/Projects/ManifestModel.uv,false,true,false,false,true
def.RelativePathComputation,HelloUltraviolet::Reference::Projects,runProjectsManifestModelReference,Source/Reference/Projects/ManifestModel.uv,false,true,false,false,true
def.Basename,HelloUltraviolet::Reference::Projects,runProjectsManifestModelReference,Source/Reference/Projects/ManifestModel.uv,false,true,false,false,true
def.FileExt,HelloUltraviolet::Reference::Projects,runProjectsManifestModelReference,Source/Reference/Projects/ManifestModel.uv,false,true,false,false,true
Resolve-Canonical,HelloUltraviolet::Reference::Projects,runProjectsManifestModelReference,Source/Reference/Projects/ManifestModel.uv,false,true,false,false,true
WF-RelPath,HelloUltraviolet::Reference::Projects,runProjectsManifestModelReference,Source/Reference/Projects/ManifestModel.uv,false,true,false,false,true
def.ProjectContext,HelloUltraviolet::Reference::Projects,runProjectsManifestModelReference,Source/Reference/Projects/ManifestModel.uv,false,true,false,false,true
WF-Project-Root,HelloUltraviolet::Reference::Projects,runProjectsManifestModelReference,Source/Reference/Projects/ManifestModel.uv,false,true,false,false,true
WF-Assembly,HelloUltraviolet::Reference::Projects,runProjectsAssemblyModelReference,Source/Reference/Projects/AssemblyModel.uv,false,true,false,false,true
def.AssemblyTarget,HelloUltraviolet::Reference::Projects,runProjectsManifestModelReference,Source/Reference/Projects/ManifestModel.uv,false,true,false,false,true
def.ProjLoadState,HelloUltraviolet::Reference::Projects,runProjectsManifestModelReference,Source/Reference/Projects/ManifestModel.uv,false,true,false,false,true
Step-Parse,HelloUltraviolet::Reference::Projects,runProjectsManifestModelReference,Source/Reference/Projects/ManifestModel.uv,false,true,false,false,true
Step-Validate,HelloUltraviolet::Reference::Projects,runProjectsManifestModelReference,Source/Reference/Projects/ManifestModel.uv,false,true,false,false,true
def.ChecksAsm,HelloUltraviolet::Reference::Projects,runProjectsManifestModelReference,Source/Reference/Projects/ManifestModel.uv,false,true,false,false,true
def.BaseChecks,HelloUltraviolet::Reference::Projects,runProjectsManifestModelReference,Source/Reference/Projects/ManifestModel.uv,false,true,false,false,true
def.AsmChecks,HelloUltraviolet::Reference::Projects,runProjectsManifestModelReference,Source/Reference/Projects/ManifestModel.uv,false,true,false,false,true
def.ManifestChecks,HelloUltraviolet::Reference::Projects,runProjectsManifestModelReference,Source/Reference/Projects/ManifestModel.uv,false,true,false,false,true
def.FirstFail,HelloUltraviolet::Audit,outputDiagnosticManifestLinkKindInvalidExercise,Source/Audit/OutputDiagnosticExecution.uv,false,true,false,false,true
ValidateManifest-Ok,HelloUltraviolet::Reference::Projects,runProjectsManifestModelReference,Source/Reference/Projects/ManifestModel.uv,false,true,false,false,true
ValidateManifest-Err,HelloUltraviolet::Reference::Projects,runProjectsManifestModelReference,Source/Reference/Projects/ManifestModel.uv,false,true,false,false,true
Step-Asm-Init,HelloUltraviolet::Reference::Projects,runProjectsManifestModelReference,Source/Reference/Projects/ManifestModel.uv,false,true,false,false,true
Step-Asm-Cons,HelloUltraviolet::Reference::Projects,runProjectsManifestModelReference,Source/Reference/Projects/ManifestModel.uv,false,true,false,false,true
Step-Asm-Done,HelloUltraviolet::Reference::Projects,runProjectsManifestModelReference,Source/Reference/Projects/ManifestModel.uv,false,true,false,false,true
Select-Only,HelloUltraviolet::Reference::Projects,runProjectsAssemblyModelReference,Source/Reference/Projects/AssemblyModel.uv,false,true,false,false,true
Select-Only-Exe,HelloUltraviolet::Reference::Projects,runProjectsAssemblyModelReference,Source/Reference/Projects/AssemblyModel.uv,false,true,false,false,true
Select-By-Name,HelloUltraviolet::Reference::Projects,runProjectsAssemblyModelReference,Source/Reference/Projects/AssemblyModel.uv,false,true,false,false,true
BuildAssembly-Ok,HelloUltraviolet::Reference::Projects,runProjectsAssemblyModelReference,Source/Reference/Projects/AssemblyModel.uv,false,true,false,false,true
LoadProject-Ok,HelloUltraviolet::Reference::Projects,runProjectsManifestModelReference,Source/Reference/Projects/ManifestModel.uv,false,true,false,false,true
def.AsmDeps,HelloUltraviolet::Reference::Projects,runProjectsAssemblyModelReference,Source/Reference/Projects/AssemblyModel.uv,false,true,false,false,true
req.AssemblyGraphRejectExecutableImports,HelloUltraviolet::Reference::Projects,runProjectsAssemblyModelReference,Source/Reference/Projects/AssemblyModel.uv,false,true,false,false,true
req.AssemblyGraphRejectLibraryCycles,HelloUltraviolet::Reference::Projects,runProjectsAssemblyModelReference,Source/Reference/Projects/AssemblyModel.uv,false,true,false,false,true
req.DependencyAssemblyNoFinalArtifact,HelloUltraviolet::Audit,artifactProjectEmitLlDependencyExercise,Source/Audit/ArtifactProjectExecution.uv,false,true,false,false,true
def.FoldPath,HelloUltraviolet::Reference::Projects,runProjectsModuleDiscoveryReference,Source/Reference/Projects/ModuleDiscovery.uv,false,true,false,false,true
def.FileKey,HelloUltraviolet::Reference::Projects,runProjectsModuleDiscoveryReference,Source/Reference/Projects/ModuleDiscovery.uv,false,true,false,false,true
def.FileOrdering,HelloUltraviolet::Reference::Projects,runProjectsModuleDiscoveryReference,Source/Reference/Projects/ModuleDiscovery.uv,false,true,false,false,true
def.Fold,HelloUltraviolet::Reference::Projects,runProjectsModuleDiscoveryReference,Source/Reference/Projects/ModuleDiscovery.uv,false,true,false,false,true
def.DirKey,HelloUltraviolet::Audit,artifactProjectModuleDiscoveryOrderingExercise,Source/Audit/ArtifactProjectExecution.uv,false,true,false,false,true
def.DirectoryOrdering,HelloUltraviolet::Audit,artifactProjectModuleDiscoveryOrderingExercise,Source/Audit/ArtifactProjectExecution.uv,false,true,false,false,true
DirSeq-Rel-Fail,HelloUltraviolet::Reference::Projects,moduleDiscoveryRelativizeFailureReference,Source/Reference/Projects/ModuleDiscovery.uv,false,true,false,false,true
def.SourceRootDirectories,HelloUltraviolet::Audit,artifactProjectModuleDiscoveryOrderingExercise,Source/Audit/ArtifactProjectExecution.uv,false,true,false,false,true
WF-Source-Root,HelloUltraviolet::Reference::Projects,runProjectsModuleDiscoveryReference,Source/Reference/Projects/ModuleDiscovery.uv,false,true,false,false,true
Module-Dir,HelloUltraviolet::Audit,artifactProjectModuleDiscoveryOrderingExercise,Source/Audit/ArtifactProjectExecution.uv,false,true,false,false,true
def.ModuleDirectoryFiles,HelloUltraviolet::Audit,artifactProjectModuleDiscoveryOrderingExercise,Source/Audit/ArtifactProjectExecution.uv,false,true,false,false,true
def.CompilationUnits,HelloUltraviolet::Reference::Projects,runProjectsModuleDiscoveryReference,Source/Reference/Projects/ModuleDiscovery.uv,false,true,false,false,true
refs.ModuleDiscoverySection,HelloUltraviolet::Reference::Projects,runProjectsModuleDiscoveryReference,Source/Reference/Projects/ModuleDiscovery.uv,false,true,false,false,true
Modules-Ok,HelloUltraviolet::Reference::Projects,runProjectsModuleDiscoveryReference,Source/Reference/Projects/ModuleDiscovery.uv,false,true,false,false,true
def.AssemblySourceRoots,HelloUltraviolet::Reference::Projects,runProjectsAssemblyModelReference,Source/Reference/Projects/AssemblyModel.uv,false,true,false,false,true
def.OwnerRoot,HelloUltraviolet::Reference::Projects,runProjectsAssemblyModelReference,Source/Reference/Projects/AssemblyModel.uv,false,true,false,false,true
def.OwnedModules,HelloUltraviolet::Reference::Projects,runProjectsAssemblyModelReference,Source/Reference/Projects/AssemblyModel.uv,false,true,false,false,true
OwnAssemblies-Ok,HelloUltraviolet::Reference::Projects,runProjectsAssemblyModelReference,Source/Reference/Projects/AssemblyModel.uv,false,true,false,false,true
def.AssemblyProject,HelloUltraviolet::Reference::Projects,runProjectsAssemblyModelReference,Source/Reference/Projects/AssemblyModel.uv,false,true,false,false,true
def.ModulePaths,HelloUltraviolet::Reference::Projects,runProjectsAssemblyModelReference,Source/Reference/Projects/AssemblyModel.uv,false,true,false,false,true
def.AsmImportGraph,HelloUltraviolet::Reference::Projects,runProjectsAssemblyModelReference,Source/Reference/Projects/AssemblyModel.uv,false,true,false,false,true
def.GraphAccessors,HelloUltraviolet::Reference::Projects,runProjectsAssemblyModelReference,Source/Reference/Projects/AssemblyModel.uv,false,true,false,false,true
def.GraphPathReach,HelloUltraviolet::Reference::Projects,runProjectsAssemblyModelReference,Source/Reference/Projects/AssemblyModel.uv,false,true,false,false,true
def.NoLibraryInterior,HelloUltraviolet::Reference::Projects,runProjectsAssemblyModelReference,Source/Reference/Projects/AssemblyModel.uv,false,true,false,false,true
def.LibraryBoundaryCycle,HelloUltraviolet::Reference::Projects,runProjectsAssemblyModelReference,Source/Reference/Projects/AssemblyModel.uv,false,true,false,false,true
def.ImportsExecutable,HelloUltraviolet::Reference::Projects,runProjectsAssemblyModelReference,Source/Reference/Projects/AssemblyModel.uv,false,true,false,false,true
Assembly-Graph-Ok,HelloUltraviolet::Reference::Projects,runProjectsAssemblyModelReference,Source/Reference/Projects/AssemblyModel.uv,false,true,false,false,true
Assembly-Graph-Err,HelloUltraviolet::Reference::Projects,runProjectsAssemblyModelReference,Source/Reference/Projects/AssemblyModel.uv,false,true,false,false,true
def.EmitAssemblies,HelloUltraviolet::Reference::Projects,runProjectsOutputArtifactsReference,Source/Reference/Projects/OutputArtifacts.uv,false,true,false,false,true
def.ImportedLibraries,HelloUltraviolet::Reference::Projects,runProjectsOutputArtifactsReference,Source/Reference/Projects/OutputArtifacts.uv,false,true,false,false,true
def.LibraryPred,HelloUltraviolet::Reference::Projects,runProjectsOutputArtifactsReference,Source/Reference/Projects/OutputArtifacts.uv,false,true,false,false,true
def.LibraryReady,HelloUltraviolet::Reference::Projects,runProjectsOutputArtifactsReference,Source/Reference/Projects/OutputArtifacts.uv,false,true,false,false,true
def.LibraryTopo,HelloUltraviolet::Reference::Projects,runProjectsOutputArtifactsReference,Source/Reference/Projects/OutputArtifacts.uv,false,true,false,false,true
def.ReadyLexLeast,HelloUltraviolet::Reference::Projects,runProjectsOutputArtifactsReference,Source/Reference/Projects/OutputArtifacts.uv,false,true,false,false,true
EmitModuleList-Ok,HelloUltraviolet::Reference::Projects,runProjectsOutputArtifactsReference,Source/Reference/Projects/OutputArtifacts.uv,false,true,false,false,true
def.RequiredOutputs,HelloUltraviolet::Audit,artifactProjectAssemblyAndLinkKindsExercise,Source/Audit/ArtifactProjectExecution.uv,false,true,false,false,true
def.IRSet,HelloUltraviolet::Audit,artifactProjectAssemblyAndLinkKindsExercise,Source/Audit/ArtifactProjectExecution.uv,false,true,false,false,true
def.PrimaryArtifactSet,HelloUltraviolet::Audit,artifactProjectAssemblyAndLinkKindsExercise,Source/Audit/ArtifactProjectExecution.uv,false,true,false,false,true
def.ImportLibSet,HelloUltraviolet::Audit,artifactProjectAssemblyAndLinkKindsExercise,Source/Audit/ArtifactProjectExecution.uv,false,true,false,false,true
def.OutputRoot,HelloUltraviolet::Audit,artifactProjectAssemblyAndLinkKindsExercise,Source/Audit/ArtifactProjectExecution.uv,false,true,false,false,true
def.OutputHygiene,HelloUltraviolet::Audit,artifactProjectAssemblyAndLinkKindsExercise,Source/Audit/ArtifactProjectExecution.uv,false,true,false,false,true
def.OutputPathsRoot,HelloUltraviolet::Audit,artifactProjectAssemblyAndLinkKindsExercise,Source/Audit/ArtifactProjectExecution.uv,false,true,false,false,true
def.OutputPathsDirectories,HelloUltraviolet::Audit,artifactProjectAssemblyAndLinkKindsExercise,Source/Audit/ArtifactProjectExecution.uv,false,true,false,false,true
def.ProjectOutputBinding,HelloUltraviolet::Audit,artifactProjectAssemblyAndLinkKindsExercise,Source/Audit/ArtifactProjectExecution.uv,false,true,false,false,true
def.PathToPrefix,HelloUltraviolet::Reference::Projects,runProjectsOutputArtifactsReference,Source/Reference/Projects/OutputArtifacts.uv,false,true,false,false,true
def.BMap,HelloUltraviolet::Reference::Projects,runProjectsOutputArtifactsReference,Source/Reference/Projects/OutputArtifacts.uv,false,true,false,false,true
def.ModulePathMangle,HelloUltraviolet::Reference::Projects,runProjectsOutputArtifactsReference,Source/Reference/Projects/OutputArtifacts.uv,false,true,false,false,true
def.ObjectPath,HelloUltraviolet::Audit,artifactProjectAssemblyAndLinkKindsExercise,Source/Audit/ArtifactProjectExecution.uv,false,true,false,false,true
def.FinalArtifactLibraryName,HelloUltraviolet::Audit,artifactProjectAssemblyAndLinkKindsExercise,Source/Audit/ArtifactProjectExecution.uv,false,true,false,false,true
def.FinalArtifactNames,HelloUltraviolet::Audit,artifactProjectAssemblyAndLinkKindsExercise,Source/Audit/ArtifactProjectExecution.uv,false,true,false,false,true
def.ModuleEmissionPathContext,HelloUltraviolet::Reference::Projects,runProjectsOutputArtifactsReference,Source/Reference/Projects/OutputArtifacts.uv,false,true,false,false,true
def.ModuleEmissionOrder,HelloUltraviolet::Reference::Projects,runProjectsOutputArtifactsReference,Source/Reference/Projects/OutputArtifacts.uv,false,true,false,false,true
def.Utf8LexLess,HelloUltraviolet::Reference::Projects,runProjectsOutputArtifactsReference,Source/Reference/Projects/OutputArtifacts.uv,false,true,false,false,true
ModuleList-Ok,HelloUltraviolet::Reference::Projects,runProjectsOutputArtifactsReference,Source/Reference/Projects/OutputArtifacts.uv,false,true,false,false,true
def.ArtifactPathContext,HelloUltraviolet::Audit,artifactProjectAssemblyAndLinkKindsExercise,Source/Audit/ArtifactProjectExecution.uv,false,true,false,false,true
def.EmitIRExtension,HelloUltraviolet::Audit,artifactProjectAssemblyAndLinkKindsExercise,Source/Audit/ArtifactProjectExecution.uv,false,true,false,false,true
def.ObjPath,HelloUltraviolet::Audit,artifactProjectAssemblyAndLinkKindsExercise,Source/Audit/ArtifactProjectExecution.uv,false,true,false,false,true
def.IRPath,HelloUltraviolet::Audit,artifactProjectAssemblyAndLinkKindsExercise,Source/Audit/ArtifactProjectExecution.uv,false,true,false,false,true
def.ExePath,HelloUltraviolet::Audit,artifactProjectAssemblyAndLinkKindsExercise,Source/Audit/ArtifactProjectExecution.uv,false,true,false,false,true
def.SharedLibPath,HelloUltraviolet::Audit,artifactProjectAssemblyAndLinkKindsExercise,Source/Audit/ArtifactProjectExecution.uv,false,true,false,false,true
def.StaticLibPath,HelloUltraviolet::Audit,artifactProjectAssemblyAndLinkKindsExercise,Source/Audit/ArtifactProjectExecution.uv,false,true,false,false,true
def.ImportLibPath,HelloUltraviolet::Audit,artifactProjectAssemblyAndLinkKindsExercise,Source/Audit/ArtifactProjectExecution.uv,false,true,false,false,true
def.PrimaryArtifact,HelloUltraviolet::Audit,artifactProjectAssemblyAndLinkKindsExercise,Source/Audit/ArtifactProjectExecution.uv,false,true,false,false,true
def.ArtifactOutputDirectoryUse,HelloUltraviolet::Audit,artifactProjectAssemblyAndLinkKindsExercise,Source/Audit/ArtifactProjectExecution.uv,false,true,false,false,true
def.ObjPaths,HelloUltraviolet::Audit,artifactProjectAssemblyAndLinkKindsExercise,Source/Audit/ArtifactProjectExecution.uv,false,true,false,false,true
def.IRPaths,HelloUltraviolet::Audit,artifactProjectAssemblyAndLinkKindsExercise,Source/Audit/ArtifactProjectExecution.uv,false,true,false,false,true
def.LibraryArtifactInputs,HelloUltraviolet::Audit,artifactProjectLibraryArtifactInputsExercise,Source/Audit/ArtifactProjectExecution.uv,false,true,false,false,true
def.EmitModuleIndex,HelloUltraviolet::Reference::Projects,runProjectsOutputArtifactsReference,Source/Reference/Projects/OutputArtifacts.uv,false,true,false,false,true
def.Pad4,HelloUltraviolet::Reference::Projects,runProjectsOutputArtifactsReference,Source/Reference/Projects/OutputArtifacts.uv,false,true,false,false,true
def.SymbolName,HelloUltraviolet::Reference::Projects,runProjectsOutputArtifactsReference,Source/Reference/Projects/OutputArtifacts.uv,false,true,false,false,true
def.Trunc8,HelloUltraviolet::Reference::Projects,runProjectsOutputArtifactsReference,Source/Reference/Projects/OutputArtifacts.uv,false,true,false,false,true
def.LLVMTargetConstants,HelloUltraviolet::Audit,artifactProjectEmitLlExercise,Source/Audit/ArtifactProjectExecution.uv,false,true,false,false,true
def.IsRootModule,HelloUltraviolet::Reference::Projects,runProjectsOutputArtifactsReference,Source/Reference/Projects/OutputArtifacts.uv,false,true,false,false,true
def.WithEntry,HelloUltraviolet::Reference::Projects,runProjectsOutputArtifactsReference,Source/Reference/Projects/OutputArtifacts.uv,false,true,false,false,true
CodegenObj-LLVM,HelloUltraviolet::Audit,artifactProjectEmitLlExercise,Source/Audit/ArtifactProjectExecution.uv,false,true,false,false,true
CodegenIR-LLVM,HelloUltraviolet::Audit,artifactProjectEmitLlExercise,Source/Audit/ArtifactProjectExecution.uv,false,true,false,false,true
def.WriteFileOk,HelloUltraviolet::Reference::Projects,runProjectsOutputArtifactsReference,Source/Reference/Projects/OutputArtifacts.uv,false,true,false,false,true
def.Overwrites,HelloUltraviolet::Reference::Projects,runProjectsOutputArtifactsReference,Source/Reference/Projects/OutputArtifacts.uv,false,true,false,false,true
def.EnsureDir,HelloUltraviolet::Audit,artifactProjectEmitLlDependencyExercise,Source/Audit/ArtifactProjectExecution.uv,false,true,false,false,true
def.PathKindChecks,HelloUltraviolet::Reference::Projects,runProjectsOutputArtifactsReference,Source/Reference/Projects/OutputArtifacts.uv,false,true,false,false,true
Emit-Objects-Cons,HelloUltraviolet::Audit,artifactProjectEmitLlExercise,Source/Audit/ArtifactProjectExecution.uv,false,true,false,false,true
Emit-IR-None,HelloUltraviolet::Audit,artifactProjectAArch64DependencyExercise,Source/Audit/ArtifactProjectExecution.uv,false,true,false,false,true
Emit-IR-Cons-LL,HelloUltraviolet::Audit,artifactProjectEmitLlExercise,Source/Audit/ArtifactProjectExecution.uv,false,true,false,false,true
Emit-IR-Cons-BC,HelloUltraviolet::Audit,artifactProjectEmitBcExercise,Source/Audit/ArtifactProjectExecution.uv,false,true,false,false,true
def.EmitIRFailBC,HelloUltraviolet::Audit,outputDiagnosticEmitLLVMRenderFailureExercise,Source/Audit/OutputDiagnosticExecution.uv,false,true,false,false,true
def.LinkJudg,HelloUltraviolet::Audit,artifactProjectAssemblyAndLinkKindsExercise,Source/Audit/ArtifactProjectExecution.uv,false,true,false,false,true
def.RuntimeLibName,HelloUltraviolet::Audit,artifactProjectAssemblyAndLinkKindsExercise,Source/Audit/ArtifactProjectExecution.uv,false,true,false,false,true
def.CompilerExecutableDir,HelloUltraviolet::Audit,artifactProjectAssemblyAndLinkKindsExercise,Source/Audit/ArtifactProjectExecution.uv,false,true,false,false,true
def.CompilerSidecarLayoutPredicates,HelloUltraviolet::Audit,artifactProjectAssemblyAndLinkKindsExercise,Source/Audit/ArtifactProjectExecution.uv,false,true,false,false,true
def.CompilerSupportRoot,HelloUltraviolet::Audit,artifactProjectAssemblyAndLinkKindsExercise,Source/Audit/ArtifactProjectExecution.uv,false,true,false,false,true
def.CompilerRuntimeLibPath,HelloUltraviolet::Audit,artifactProjectAssemblyAndLinkKindsExercise,Source/Audit/ArtifactProjectExecution.uv,false,true,false,false,true
def.RuntimeLibPath,HelloUltraviolet::Audit,artifactProjectAssemblyAndLinkKindsExercise,Source/Audit/ArtifactProjectExecution.uv,false,true,false,false,true
ResolveRuntimeLib-Ok,HelloUltraviolet::Audit,artifactProjectAssemblyAndLinkKindsExercise,Source/Audit/ArtifactProjectExecution.uv,false,true,false,false,true
Build-LibrariesSeq-Empty,HelloUltraviolet::Reference::Projects,runProjectsOutputArtifactsReference,Source/Reference/Projects/OutputArtifacts.uv,false,true,false,false,true
Build-LibrariesSeq-Cons,HelloUltraviolet::Reference::Projects,runProjectsOutputArtifactsReference,Source/Reference/Projects/OutputArtifacts.uv,false,true,false,false,true
Build-Libraries-Ok,HelloUltraviolet::Reference::Projects,runProjectsOutputArtifactsReference,Source/Reference/Projects/OutputArtifacts.uv,false,true,false,false,true
def.LinkerSymbols,HelloUltraviolet::Audit,artifactProjectAssemblyAndLinkKindsExercise,Source/Audit/ArtifactProjectExecution.uv,false,true,false,false,true
def.LinkObjs,HelloUltraviolet::Audit,artifactProjectAssemblyAndLinkKindsExercise,Source/Audit/ArtifactProjectExecution.uv,false,true,false,false,true
def.LinkMode,HelloUltraviolet::Audit,artifactProjectAssemblyAndLinkKindsExercise,Source/Audit/ArtifactProjectExecution.uv,false,true,false,false,true
def.LinkOutputPath,HelloUltraviolet::Audit,artifactProjectAssemblyAndLinkKindsExercise,Source/Audit/ArtifactProjectExecution.uv,false,true,false,false,true
def.LinkImportLibOpt,HelloUltraviolet::Audit,artifactProjectAssemblyAndLinkKindsExercise,Source/Audit/ArtifactProjectExecution.uv,false,true,false,false,true
def.LinkInputs,HelloUltraviolet::Audit,artifactProjectAssemblyAndLinkKindsExercise,Source/Audit/ArtifactProjectExecution.uv,false,true,false,false,true
def.ArchiveInputs,HelloUltraviolet::Audit,artifactProjectAssemblyAndLinkKindsExercise,Source/Audit/ArtifactProjectExecution.uv,false,true,false,false,true
def.LinkFlags,HelloUltraviolet::Audit,artifactProjectAssemblyAndLinkKindsExercise,Source/Audit/ArtifactProjectExecution.uv,false,true,false,false,true
def.ArchiveFlags,HelloUltraviolet::Audit,artifactProjectAssemblyAndLinkKindsExercise,Source/Audit/ArtifactProjectExecution.uv,false,true,false,false,true
def.LinkArgsOk,HelloUltraviolet::Audit,artifactProjectAssemblyAndLinkKindsExercise,Source/Audit/ArtifactProjectExecution.uv,false,true,false,false,true
def.ArchiveArgsOk,HelloUltraviolet::Audit,artifactProjectAssemblyAndLinkKindsExercise,Source/Audit/ArtifactProjectExecution.uv,false,true,false,false,true
Link-Ok,HelloUltraviolet::Audit,artifactProjectLibraryArtifactInputsExercise,Source/Audit/ArtifactProjectExecution.uv,false,true,false,false,true
Archive-Ok,HelloUltraviolet::Audit,artifactProjectStaticLibraryExercise,Source/Audit/ArtifactProjectExecution.uv,false,true,false,false,true
Finalize-Link,HelloUltraviolet::Audit,acceptedProjectExecutableExercise,Source/Audit/AcceptedProjectExecution.uv,false,true,false,false,true
Finalize-Archive,HelloUltraviolet::Audit,acceptedProjectStaticLibraryExercise,Source/Audit/AcceptedProjectExecution.uv,false,true,false,false,true
def.OutputPipelineBigStepInputs,HelloUltraviolet::Audit,outputDiagnosticObjectWriteFailureExercise,Source/Audit/OutputDiagnosticExecution.uv,false,true,false,false,true
Output-Pipeline-Linkable,HelloUltraviolet::Audit,acceptedProjectExecutableExercise,Source/Audit/AcceptedProjectExecution.uv,false,true,false,false,true
Output-Pipeline-Dependency,HelloUltraviolet::Audit,artifactProjectAArch64DependencyExercise,Source/Audit/ArtifactProjectExecution.uv,false,true,false,false,true
def.OutputPipelineState,HelloUltraviolet::Audit,outputDiagnosticObjectWriteFailureExercise,Source/Audit/OutputDiagnosticExecution.uv,false,true,false,false,true
def.OutputPipelineSmallStepInputs,HelloUltraviolet::Audit,outputDiagnosticObjectWriteFailureExercise,Source/Audit/OutputDiagnosticExecution.uv,false,true,false,false,true
Out-Start,HelloUltraviolet::Reference::Projects,runProjectsOutputArtifactsReference,Source/Reference/Projects/OutputArtifacts.uv,false,true,false,false,true
Out-Dirs-Ok,HelloUltraviolet::Audit,outputDiagnosticObjectWriteFailureExercise,Source/Audit/OutputDiagnosticExecution.uv,false,true,false,false,true
Out-Obj-Collision,HelloUltraviolet::Reference::Projects,outputObjectPathCollisionReference,Source/Reference/Projects/OutputArtifacts.uv,false,true,false,false,true
Out-Obj-Cons,HelloUltraviolet::Reference::Projects,runProjectsOutputArtifactsReference,Source/Reference/Projects/OutputArtifacts.uv,false,true,false,false,true
Out-Obj-Done,HelloUltraviolet::Reference::Projects,runProjectsOutputArtifactsReference,Source/Reference/Projects/OutputArtifacts.uv,false,true,false,false,true
Out-IR-None-Finalize,HelloUltraviolet::Audit,acceptedProjectExecutableExercise,Source/Audit/AcceptedProjectExecution.uv,false,true,false,false,true
Out-IR-None-NoFinalize,HelloUltraviolet::Audit,artifactProjectAArch64DependencyExercise,Source/Audit/ArtifactProjectExecution.uv,false,true,false,false,true
Out-IR-Collision,HelloUltraviolet::Reference::Projects,outputIrPathCollisionReference,Source/Reference/Projects/OutputArtifacts.uv,false,true,false,false,true
Out-IR-Cons-LL,HelloUltraviolet::Audit,artifactProjectEmitLlExercise,Source/Audit/ArtifactProjectExecution.uv,false,true,false,false,true
Out-IR-Cons-BC,HelloUltraviolet::Audit,artifactProjectEmitBcExercise,Source/Audit/ArtifactProjectExecution.uv,false,true,false,false,true
Out-IR-Done-Finalize,HelloUltraviolet::Audit,artifactProjectEmitLlExercise,Source/Audit/ArtifactProjectExecution.uv,false,true,false,false,true
Out-Final-Link-Ok,HelloUltraviolet::Audit,artifactProjectLibraryArtifactInputsExercise,Source/Audit/ArtifactProjectExecution.uv,false,true,false,false,true
Out-Final-Archive-Ok,HelloUltraviolet::Audit,artifactProjectStaticLibraryExercise,Source/Audit/ArtifactProjectExecution.uv,false,true,false,false,true
def.SearchDirs,HelloUltraviolet::Audit,artifactProjectEmitBcExercise,Source/Audit/ArtifactProjectExecution.uv,false,true,false,false,true
def.CompilerToolBinDir,HelloUltraviolet::Audit,outputDiagnosticRuntimeLibMissingExercise,Source/Audit/OutputDiagnosticExecution.uv,false,true,false,false,true
def.ToolVersion,HelloUltraviolet::Reference::Projects,runProjectsAssemblyModelReference,Source/Reference/Projects/AssemblyModel.uv,false,true,false,false,true
ResolveTool-Ok,HelloUltraviolet::Reference::Projects,runProjectsAssemblyModelReference,Source/Reference/Projects/AssemblyModel.uv,false,true,false,false,true
ResolveTool-Err-IR,HelloUltraviolet::Audit,outputDiagnosticLlvmToolResolveOwnershipExercise,Source/Audit/OutputDiagnosticExecution.uv,false,true,false,false,true
AssembleIR-Ok,HelloUltraviolet::Audit,artifactProjectEmitBcExercise,Source/Audit/ArtifactProjectExecution.uv,false,true,false,false,true
AssembleIR-Err,HelloUltraviolet::Audit,outputDiagnosticEmitLLVMRenderFailureExercise,Source/Audit/OutputDiagnosticExecution.uv,false,true,false,false,true
def.SourceFileRecord,HelloUltraviolet::Reference::SourceText,runSourceTextUnicodeNormalizationReference,Source/Reference/SourceText/UnicodeNormalization.uv,false,true,false,false,true
def.SourceFileDerivedFields,HelloUltraviolet::Reference::SourceText,runSourceTextUnicodeNormalizationReference,Source/Reference/SourceText/UnicodeNormalization.uv,false,true,false,false,true
def.UnicodeScalarDomains,HelloUltraviolet::Reference::SourceText,runSourceTextUnicodeNormalizationReference,Source/Reference/SourceText/UnicodeNormalization.uv,false,true,false,false,true
def.Utf8Len,HelloUltraviolet::Reference::SourceText,runSourceTextUnicodeNormalizationReference,Source/Reference/SourceText/UnicodeNormalization.uv,false,true,false,false,true
def.EncodeUTF8Scalar,HelloUltraviolet::Reference::SourceText,runSourceTextUnicodeNormalizationReference,Source/Reference/SourceText/UnicodeNormalization.uv,false,true,false,false,true
def.EncodeUTF8Sequence,HelloUltraviolet::Reference::SourceText,runSourceTextUnicodeNormalizationReference,Source/Reference/SourceText/UnicodeNormalization.uv,false,true,false,false,true
def.DecodeUTF8,HelloUltraviolet::Reference::SourceText,runSourceTextUnicodeNormalizationReference,Source/Reference/SourceText/UnicodeNormalization.uv,false,true,false,false,true
def.Utf8Valid,HelloUltraviolet::Reference::SourceText,runSourceTextUnicodeNormalizationReference,Source/Reference/SourceText/UnicodeNormalization.uv,false,true,false,false,true
def.Utf8,HelloUltraviolet::Reference::SourceText,runSourceTextUnicodeNormalizationReference,Source/Reference/SourceText/UnicodeNormalization.uv,false,true,false,false,true
def.NormalizeOutsideIdentifiers,HelloUltraviolet::Reference::SourceText,runSourceTextUnicodeNormalizationReference,Source/Reference/SourceText/UnicodeNormalization.uv,false,true,false,false,true
def.LexSensitivePos,HelloUltraviolet::Reference::SourceText,runSourceTextUnicodeNormalizationReference,Source/Reference/SourceText/UnicodeNormalization.uv,false,true,false,false,true
req.LexSecureSensitivePositions,HelloUltraviolet::Reference::SourceText,runSourceTextUnicodeNormalizationReference,Source/Reference/SourceText/UnicodeNormalization.uv,false,true,false,false,true
Decode-Ok,HelloUltraviolet::Reference::SourceText,runSourceTextUnicodeNormalizationReference,Source/Reference/SourceText/UnicodeNormalization.uv,false,true,false,false,true
def.StripLeadBOM,HelloUltraviolet::Reference::SourceText,runSourceTextUnicodeNormalizationReference,Source/Reference/SourceText/UnicodeNormalization.uv,false,true,false,false,true
StripBOM-Empty,HelloUltraviolet::Reference::SourceText,runSourceTextUnicodeNormalizationReference,Source/Reference/SourceText/UnicodeNormalization.uv,false,true,false,false,true
StripBOM-None,HelloUltraviolet::Reference::SourceText,runSourceTextUnicodeNormalizationReference,Source/Reference/SourceText/UnicodeNormalization.uv,false,true,false,false,true
StripBOM-Start,HelloUltraviolet::Reference::SourceText,runSourceTextUnicodeNormalizationReference,Source/Reference/SourceText/UnicodeNormalization.uv,false,true,false,false,true
StripBOM-Embedded,HelloUltraviolet::Reference::SourceText,runSourceTextUnicodeNormalizationReference,Source/Reference/SourceText/UnicodeNormalization.uv,false,true,false,false,true
def.LineEndingConstants,HelloUltraviolet::Reference::SourceText,runSourceTextUnicodeNormalizationReference,Source/Reference/SourceText/UnicodeNormalization.uv,false,true,false,false,true
Norm-Empty,HelloUltraviolet::Reference::SourceText,runSourceTextUnicodeNormalizationReference,Source/Reference/SourceText/UnicodeNormalization.uv,false,true,false,false,true
Norm-CRLF,HelloUltraviolet::Reference::SourceText,runSourceTextUnicodeNormalizationReference,Source/Reference/SourceText/UnicodeNormalization.uv,false,true,false,false,true
Norm-CR,HelloUltraviolet::Reference::SourceText,runSourceTextUnicodeNormalizationReference,Source/Reference/SourceText/UnicodeNormalization.uv,false,true,false,false,true
Norm-LF,HelloUltraviolet::Reference::SourceText,runSourceTextUnicodeNormalizationReference,Source/Reference/SourceText/UnicodeNormalization.uv,false,true,false,false,true
Norm-Other,HelloUltraviolet::Reference::SourceText,runSourceTextUnicodeNormalizationReference,Source/Reference/SourceText/UnicodeNormalization.uv,false,true,false,false,true
def.Utf8Offsets,HelloUltraviolet::Reference::SourceText,runSourceTextUnicodeNormalizationReference,Source/Reference/SourceText/UnicodeNormalization.uv,false,true,false,false,true
def.LineStarts,HelloUltraviolet::Reference::SourceText,runSourceTextLogicalLinesReference,Source/Reference/SourceText/LogicalLines.uv,false,true,false,false,true
def.LineCount,HelloUltraviolet::Reference::SourceText,runSourceTextLogicalLinesReference,Source/Reference/SourceText/LogicalLines.uv,false,true,false,false,true
def.LocateLineColumn,HelloUltraviolet::Reference::SourceText,runSourceTextLogicalLinesReference,Source/Reference/SourceText/LogicalLines.uv,false,true,false,false,true
def.ProhibitedCodePoints,HelloUltraviolet::Reference::SourceText,runSourceTextUnicodeNormalizationReference,Source/Reference/SourceText/UnicodeNormalization.uv,false,true,false,false,true
def.LiteralSpan,HelloUltraviolet::Reference::SourceText,runSourceTextUnicodeNormalizationReference,Source/Reference/SourceText/UnicodeNormalization.uv,false,true,false,false,true
WF-Prohibited,HelloUltraviolet::Reference::SourceText,runSourceTextUnicodeNormalizationReference,Source/Reference/SourceText/UnicodeNormalization.uv,false,true,false,false,true
def.NFC,HelloUltraviolet::Reference::SourceText,runSourceTextUnicodeNormalizationReference,Source/Reference/SourceText/UnicodeNormalization.uv,false,true,false,false,true
def.CaseFold,HelloUltraviolet::Reference::SourceText,runSourceTextUnicodeNormalizationReference,Source/Reference/SourceText/UnicodeNormalization.uv,false,true,false,false,true
def.IdentifierKeys,HelloUltraviolet::Reference::SourceText,runSourceTextUnicodeNormalizationReference,Source/Reference/SourceText/UnicodeNormalization.uv,false,true,false,false,true
def.ModulePathKeys,HelloUltraviolet::Reference::SourceText,runSourceTextUnicodeNormalizationReference,Source/Reference/SourceText/UnicodeNormalization.uv,false,true,false,false,true
req.NFCAndCaseFoldTotality,HelloUltraviolet::Reference::SourceText,runSourceTextUnicodeNormalizationReference,Source/Reference/SourceText/UnicodeNormalization.uv,false,true,false,false,true
def.NestingDepth,HelloUltraviolet::Reference::SourceText,runSourceTextLogicalLinesReference,Source/Reference/SourceText/LogicalLines.uv,false,true,false,false,true
def.PrevNextNonNewlineTokens,HelloUltraviolet::Reference::SourceText,runSourceTextLogicalLinesReference,Source/Reference/SourceText/LogicalLines.uv,false,true,false,false,true
def.NewlineContinuationTokenSets,HelloUltraviolet::Reference::SourceText,runSourceTextLogicalLinesReference,Source/Reference/SourceText/LogicalLines.uv,false,true,false,false,true
def.Continue,HelloUltraviolet::Reference::SourceText,runSourceTextLogicalLinesReference,Source/Reference/SourceText/LogicalLines.uv,false,true,false,false,true
def.FilterContinuedNewlines,HelloUltraviolet::Reference::SourceText,runSourceTextLogicalLinesReference,Source/Reference/SourceText/LogicalLines.uv,false,true,false,false,true
def.StatementTerminatorPredicates,HelloUltraviolet::Reference::SourceText,runSourceTextLogicalLinesReference,Source/Reference/SourceText/LogicalLines.uv,false,true,false,false,true
req.RangeContinuationAcrossNewline,HelloUltraviolet::Reference::SourceText,runSourceTextLogicalLinesReference,Source/Reference/SourceText/LogicalLines.uv,false,true,false,false,true
req.ElseContinuationAcrossNewline,HelloUltraviolet::Reference::Expressions,runExpressionsIfControlReference,Source/Reference/Expressions/Control.uv,false,true,false,false,true
req.BraceNewlineContinuation,HelloUltraviolet::Reference::SourceText,runSourceTextLogicalLinesReference,Source/Reference/SourceText/LogicalLines.uv,false,true,false,false,true
req.CommaStatementTermination,HelloUltraviolet::Reference::SourceText,runSourceTextLogicalLinesReference,Source/Reference/SourceText/LogicalLines.uv,false,true,false,false,true
def.SourceLoadState,HelloUltraviolet::Reference::SourceText,runSourceTextUnicodeNormalizationReference,Source/Reference/SourceText/UnicodeNormalization.uv,false,true,false,false,true
def.SourceLoadStateComponentDomains,HelloUltraviolet::Reference::SourceText,runSourceTextUnicodeNormalizationReference,Source/Reference/SourceText/UnicodeNormalization.uv,false,true,false,false,true
Step-Size,HelloUltraviolet::Reference::SourceText,runSourceTextUnicodeNormalizationReference,Source/Reference/SourceText/UnicodeNormalization.uv,false,true,false,false,true
Step-Decode,HelloUltraviolet::Reference::SourceText,runSourceTextUnicodeNormalizationReference,Source/Reference/SourceText/UnicodeNormalization.uv,false,true,false,false,true
Step-BOM,HelloUltraviolet::Reference::SourceText,runSourceTextUnicodeNormalizationReference,Source/Reference/SourceText/UnicodeNormalization.uv,false,true,false,false,true
Step-Norm,HelloUltraviolet::Reference::SourceText,runSourceTextUnicodeNormalizationReference,Source/Reference/SourceText/UnicodeNormalization.uv,false,true,false,false,true
Step-LineMap,HelloUltraviolet::Reference::SourceText,runSourceTextLogicalLinesReference,Source/Reference/SourceText/LogicalLines.uv,false,true,false,false,true
Step-Prohibited,HelloUltraviolet::Reference::SourceText,runSourceTextUnicodeNormalizationReference,Source/Reference/SourceText/UnicodeNormalization.uv,false,true,false,false,true
LoadSource-Ok,HelloUltraviolet::Reference::SourceText,runSourceTextUnicodeNormalizationReference,Source/Reference/SourceText/UnicodeNormalization.uv,false,true,false,false,true
def.SourceLoadTemporarySource,HelloUltraviolet::Reference::SourceText,runSourceTextUnicodeNormalizationReference,Source/Reference/SourceText/UnicodeNormalization.uv,false,true,false,false,true
def.SpanAtIndex,HelloUltraviolet::Reference::SourceText,runSourceTextUnicodeNormalizationReference,Source/Reference/SourceText/UnicodeNormalization.uv,false,true,false,false,true
def.SpanAtLineStart,HelloUltraviolet::Reference::SourceText,runSourceTextLogicalLinesReference,Source/Reference/SourceText/LogicalLines.uv,false,true,false,false,true
def.LexerInput,HelloUltraviolet::Reference::SourceText,runSourceTextLiteralsReference,Source/Reference/SourceText/Literals.uv,false,true,false,false,true
def.LexerOutput,HelloUltraviolet::Audit,artifactProjectLexerTokenizerOutputExercise,Fixtures/ArtifactProjects/LexerTokenizerOutput/Source/Library.uv,false,true,false,false,true
def.TokenEOF,HelloUltraviolet::Reference::SourceText,runSourceTextLiteralsReference,Source/Reference/SourceText/Literals.uv,false,true,false,false,true
def.LexemeBinding,HelloUltraviolet::Reference::SourceText,runSourceTextLiteralsReference,Source/Reference/SourceText/Literals.uv,false,true,false,false,true
def.DocCommentRecord,HelloUltraviolet::Reference::SourceText,runSourceTextLiteralsReference,Source/Reference/SourceText/Literals.uv,false,true,false,false,true
def.DocCommentBody,HelloUltraviolet::Reference::SourceText,runSourceTextLiteralsReference,Source/Reference/SourceText/Literals.uv,false,true,false,false,true
def.NewlineTokens,HelloUltraviolet::Reference::SourceText,runSourceTextLiteralsReference,Source/Reference/SourceText/Literals.uv,false,true,false,false,true
def.CommentTokenExclusion,HelloUltraviolet::Reference::SourceText,runSourceTextLiteralsReference,Source/Reference/SourceText/Literals.uv,false,true,false,false,true
def.LexerIndicesAndLexemes,HelloUltraviolet::Reference::SourceText,runSourceTextLiteralsReference,Source/Reference/SourceText/Literals.uv,false,true,false,false,true
def.CharacterClassInput,HelloUltraviolet::Reference::SourceText,runSourceTextLiteralsReference,Source/Reference/SourceText/Literals.uv,false,true,false,false,true
def.Whitespace,HelloUltraviolet::Reference::SourceText,runSourceTextLiteralsReference,Source/Reference/SourceText/Literals.uv,false,true,false,false,true
def.LineFeed,HelloUltraviolet::Reference::SourceText,runSourceTextLiteralsReference,Source/Reference/SourceText/Literals.uv,false,true,false,false,true
def.IdentifierCharacters,HelloUltraviolet::Reference::SourceText,runSourceTextLiteralsReference,Source/Reference/SourceText/Literals.uv,false,true,false,false,true
def.XIDVersion,HelloUltraviolet::Reference::SourceText,runSourceTextLiteralsReference,Source/Reference/SourceText/Literals.uv,false,true,false,false,true
def.DigitCharacters,HelloUltraviolet::Reference::SourceText,runSourceTextLiteralsReference,Source/Reference/SourceText/Literals.uv,false,true,false,false,true
def.ReservedKeywords,HelloUltraviolet::Reference::SourceText,runSourceTextLiteralsReference,Source/Reference/SourceText/Literals.uv,false,true,false,false,true
def.FutureReserved,HelloUltraviolet::Reference::SourceText,runSourceTextLiteralsReference,Source/Reference/SourceText/Literals.uv,false,true,false,false,true
def.KeywordPredicate,HelloUltraviolet::Reference::SourceText,runSourceTextLiteralsReference,Source/Reference/SourceText/Literals.uv,false,true,false,false,true
def.ReservedNamespaces,HelloUltraviolet::Reference::SourceText,runSourceTextLiteralsReference,Source/Reference/SourceText/Literals.uv,false,true,false,false,true
def.UniverseProtectedBindings,HelloUltraviolet::Reference::SourceText,runSourceTextLiteralsReference,Source/Reference/SourceText/Literals.uv,false,true,false,false,true
req.ReservedPredicateNames,HelloUltraviolet::Reference::SourceText,runSourceTextLiteralsReference,Source/Reference/SourceText/Literals.uv,false,true,false,false,true
def.TokenKinds,HelloUltraviolet::Reference::SourceText,runSourceTextLiteralsReference,Source/Reference/SourceText/Literals.uv,false,true,false,false,true
def.OperatorSet,HelloUltraviolet::Reference::SourceText,runSourceTextLiteralsReference,Source/Reference/SourceText/Literals.uv,false,true,false,false,true
def.PunctuatorSet,HelloUltraviolet::Reference::SourceText,runSourceTextLiteralsReference,Source/Reference/SourceText/Literals.uv,false,true,false,false,true
def.OperatorPunctuatorDisjoint,HelloUltraviolet::Reference::SourceText,runSourceTextLiteralsReference,Source/Reference/SourceText/Literals.uv,false,true,false,false,true
def.CommentScanInput,HelloUltraviolet::Reference::SourceText,runSourceTextLiteralsReference,Source/Reference/SourceText/Literals.uv,false,true,false,false,true
Scan-Line-Comment,HelloUltraviolet::Reference::SourceText,runSourceTextLiteralsReference,Source/Reference/SourceText/Literals.uv,false,true,false,false,true
def.DocCommentClassification,HelloUltraviolet::Reference::SourceText,runSourceTextLiteralsReference,Source/Reference/SourceText/Literals.uv,false,true,false,false,true
Doc-Comment,HelloUltraviolet::Reference::SourceText,runSourceTextLiteralsReference,Source/Reference/SourceText/Literals.uv,false,true,false,false,true
def.LineCommentSkipping,HelloUltraviolet::Reference::SourceText,runSourceTextLiteralsReference,Source/Reference/SourceText/Literals.uv,false,true,false,false,true
def.BlockCommentState,HelloUltraviolet::Reference::SourceText,runSourceTextLiteralsReference,Source/Reference/SourceText/Literals.uv,false,true,false,false,true
Block-Start,HelloUltraviolet::Reference::SourceText,runSourceTextLiteralsReference,Source/Reference/SourceText/Literals.uv,false,true,false,false,true
Block-End,HelloUltraviolet::Reference::SourceText,runSourceTextLiteralsReference,Source/Reference/SourceText/Literals.uv,false,true,false,false,true
Block-Done,HelloUltraviolet::Reference::SourceText,runSourceTextLiteralsReference,Source/Reference/SourceText/Literals.uv,false,true,false,false,true
Block-Step,HelloUltraviolet::Reference::SourceText,runSourceTextLiteralsReference,Source/Reference/SourceText/Literals.uv,false,true,false,false,true
def.LiteralLexingInput,HelloUltraviolet::Reference::SourceText,runSourceTextLiteralsReference,Source/Reference/SourceText/Literals.uv,false,true,false,false,true
grammar.LiteralLexing,HelloUltraviolet::Reference::SourceText,runSourceTextLiteralsReference,Source/Reference/SourceText/Literals.uv,false,true,false,false,true
conformance.FloatSuffixDefaulting,HelloUltraviolet::Reference::SourceText,runSourceTextLiteralsReference,Source/Reference/SourceText/Literals.uv,false,true,false,false,true
def.SimpleEscape,HelloUltraviolet::Reference::SourceText,runSourceTextLiteralsReference,Source/Reference/SourceText/Literals.uv,false,true,false,false,true
def.ByteEscapeValidity,HelloUltraviolet::Reference::SourceText,runSourceTextLiteralsReference,Source/Reference/SourceText/Literals.uv,false,true,false,false,true
def.UnicodeEscapeValidity,HelloUltraviolet::Reference::SourceText,runSourceTextLiteralsReference,Source/Reference/SourceText/Literals.uv,false,true,false,false,true
def.StringCharacterValidity,HelloUltraviolet::Reference::SourceText,runSourceTextLiteralsReference,Source/Reference/SourceText/Literals.uv,false,true,false,false,true
def.CharacterLiteralContentValidity,HelloUltraviolet::Reference::SourceText,runSourceTextLiteralsReference,Source/Reference/SourceText/Literals.uv,false,true,false,false,true
def.QuotedLiteralCharacterUnits,HelloUltraviolet::Reference::SourceText,runSourceTextLiteralsReference,Source/Reference/SourceText/Literals.uv,false,true,false,false,true
def.NumericSuffixSets,HelloUltraviolet::Reference::SourceText,runSourceTextLiteralsReference,Source/Reference/SourceText/Literals.uv,false,true,false,false,true
def.StringHelpers,HelloUltraviolet::Reference::SourceText,runSourceTextLiteralsReference,Source/Reference/SourceText/Literals.uv,false,true,false,false,true
def.HexDigitValue,HelloUltraviolet::Reference::SourceText,runSourceTextLiteralsReference,Source/Reference/SourceText/Literals.uv,false,true,false,false,true
def.DecimalDigitValue,HelloUltraviolet::Reference::SourceText,runSourceTextLiteralsReference,Source/Reference/SourceText/Literals.uv,false,true,false,false,true
def.OctalDigitValue,HelloUltraviolet::Reference::SourceText,runSourceTextLiteralsReference,Source/Reference/SourceText/Literals.uv,false,true,false,false,true
def.BinaryDigitValue,HelloUltraviolet::Reference::SourceText,runSourceTextLiteralsReference,Source/Reference/SourceText/Literals.uv,false,true,false,false,true
def.NumericValues,HelloUltraviolet::Reference::SourceText,runSourceTextLiteralsReference,Source/Reference/SourceText/Literals.uv,false,true,false,false,true
def.NumericUnderscorePredicates,HelloUltraviolet::Reference::SourceText,runSourceTextLiteralsReference,Source/Reference/SourceText/Literals.uv,false,true,false,false,true
def.NumericDigitRuns,HelloUltraviolet::Reference::SourceText,runSourceTextLiteralsReference,Source/Reference/SourceText/Literals.uv,false,true,false,false,true
def.SuffixMatch,HelloUltraviolet::Reference::SourceText,runSourceTextLiteralsReference,Source/Reference/SourceText/Literals.uv,false,true,false,false,true
def.ExponentScan,HelloUltraviolet::Reference::SourceText,runSourceTextLiteralsReference,Source/Reference/SourceText/Literals.uv,false,true,false,false,true
def.DecCoreEnd,HelloUltraviolet::Reference::SourceText,runSourceTextLiteralsReference,Source/Reference/SourceText/Literals.uv,false,true,false,false,true
req.DecimalRangeNoFloatCore,HelloUltraviolet::Reference::SourceText,runSourceTextLiteralsReference,Source/Reference/SourceText/Literals.uv,false,true,false,false,true
def.NumericCoreEnd,HelloUltraviolet::Reference::SourceText,runSourceTextLiteralsReference,Source/Reference/SourceText/Literals.uv,false,true,false,false,true
def.NumericScanEnd,HelloUltraviolet::Reference::SourceText,runSourceTextLiteralsReference,Source/Reference/SourceText/Literals.uv,false,true,false,false,true
def.NumericFloatCorePredicates,HelloUltraviolet::Reference::SourceText,runSourceTextLiteralsReference,Source/Reference/SourceText/Literals.uv,false,true,false,false,true
def.NumericKind,HelloUltraviolet::Reference::SourceText,runSourceTextLiteralsReference,Source/Reference/SourceText/Literals.uv,false,true,false,false,true
Lex-Int,HelloUltraviolet::Reference::SourceText,runSourceTextLiteralsReference,Source/Reference/SourceText/Literals.uv,false,true,false,false,true
Lex-Float,HelloUltraviolet::Reference::SourceText,runSourceTextLiteralsReference,Source/Reference/SourceText/Literals.uv,false,true,false,false,true
def.NumericLexemeValidation,HelloUltraviolet::Reference::SourceText,runSourceTextLiteralsReference,Source/Reference/SourceText/Literals.uv,false,true,false,false,true
def.DecimalLeadingZeros,HelloUltraviolet::Reference::SourceText,runSourceTextLiteralsReference,Source/Reference/SourceText/Literals.uv,false,true,false,false,true
def.EscapeSequences,HelloUltraviolet::Reference::SourceText,runSourceTextLiteralsReference,Source/Reference/SourceText/Literals.uv,false,true,false,false,true
Lex-String,HelloUltraviolet::Reference::SourceText,runSourceTextLiteralsReference,Source/Reference/SourceText/Literals.uv,false,true,false,false,true
def.BackslashCount,HelloUltraviolet::Reference::SourceText,runSourceTextLiteralsReference,Source/Reference/SourceText/Literals.uv,false,true,false,false,true
def.StringTerminator,HelloUltraviolet::Reference::SourceText,runSourceTextLiteralsReference,Source/Reference/SourceText/Literals.uv,false,true,false,false,true
def.EscapeMatch,HelloUltraviolet::Reference::SourceText,runSourceTextLiteralsReference,Source/Reference/SourceText/Literals.uv,false,true,false,false,true
Lex-Char,HelloUltraviolet::Reference::SourceText,runSourceTextLiteralsReference,Source/Reference/SourceText/Literals.uv,false,true,false,false,true
def.CharacterLiteralValueRange,HelloUltraviolet::Reference::SourceText,runSourceTextLiteralsReference,Source/Reference/SourceText/Literals.uv,false,true,false,false,true
def.CharacterLiteralRepresentation,HelloUltraviolet::Reference::SourceText,runSourceTextLiteralsReference,Source/Reference/SourceText/Literals.uv,false,true,false,false,true
def.CharacterLiteralTerminator,HelloUltraviolet::Reference::SourceText,runSourceTextLiteralsReference,Source/Reference/SourceText/Literals.uv,false,true,false,false,true
def.CharacterScalarCount,HelloUltraviolet::Reference::SourceText,runSourceTextLiteralsReference,Source/Reference/SourceText/Literals.uv,false,true,false,false,true
def.LiteralTokenizationHelpers,HelloUltraviolet::Reference::SourceText,runSourceTextLiteralsReference,Source/Reference/SourceText/Literals.uv,false,true,false,false,true
def.IdentifierLexingInput,HelloUltraviolet::Reference::SourceText,runSourceTextIdentifiersReference,Source/Reference/SourceText/Identifiers.uv,false,true,false,false,true
def.IdentifierScan,HelloUltraviolet::Reference::SourceText,runSourceTextIdentifiersReference,Source/Reference/SourceText/Identifiers.uv,false,true,false,false,true
Lex-Identifier,HelloUltraviolet::Reference::SourceText,runSourceTextIdentifiersReference,Source/Reference/SourceText/Identifiers.uv,false,true,false,false,true
Lex-Ident-InvalidUnicode,HelloUltraviolet::Reference::SourceText,runSourceTextIdentifiersReference,Source/Reference/SourceText/Identifiers.uv,false,true,false,false,true
Lex-Ident-Token,HelloUltraviolet::Reference::SourceText,runSourceTextIdentifiersReference,Source/Reference/SourceText/Identifiers.uv,false,true,false,false,true
def.KeywordClassification,HelloUltraviolet::Reference::SourceText,runSourceTextIdentifiersReference,Source/Reference/SourceText/Identifiers.uv,false,true,false,false,true
def.OperatorPunctuatorSets,HelloUltraviolet::Reference::SourceText,runSourceTextOperatorsAndPunctuationReference,Source/Reference/SourceText/OperatorsAndPunctuation.uv,false,true,false,false,true
def.OperatorPunctuatorMatches,HelloUltraviolet::Reference::SourceText,runSourceTextOperatorsAndPunctuationReference,Source/Reference/SourceText/OperatorsAndPunctuation.uv,false,true,false,false,true
def.OperatorPunctuatorTokenCandidates,HelloUltraviolet::Reference::SourceText,runSourceTextOperatorsAndPunctuationReference,Source/Reference/SourceText/OperatorsAndPunctuation.uv,false,true,false,false,true
def.MaximalMunchInput,HelloUltraviolet::Reference::SourceText,runSourceTextLiteralsReference,Source/Reference/SourceText/Literals.uv,false,true,false,false,true
def.IsQuote,HelloUltraviolet::Reference::SourceText,runSourceTextLiteralsReference,Source/Reference/SourceText/Literals.uv,false,true,false,false,true
def.TokenCandidates,HelloUltraviolet::Reference::SourceText,runSourceTextLiteralsReference,Source/Reference/SourceText/Literals.uv,false,true,false,false,true
def.LongestCandidates,HelloUltraviolet::Reference::SourceText,runSourceTextLiteralsReference,Source/Reference/SourceText/Literals.uv,false,true,false,false,true
def.KindPriority,HelloUltraviolet::Reference::SourceText,runSourceTextLiteralsReference,Source/Reference/SourceText/Literals.uv,false,true,false,false,true
def.PickLongest,HelloUltraviolet::Reference::SourceText,runSourceTextLiteralsReference,Source/Reference/SourceText/Literals.uv,false,true,false,false,true
Max-Munch,HelloUltraviolet::Reference::SourceText,runSourceTextLiteralsReference,Source/Reference/SourceText/Literals.uv,false,true,false,false,true
def.GenericCloseException,HelloUltraviolet::Reference::SourceText,runSourceTextLiteralsReference,Source/Reference/SourceText/Literals.uv,false,true,false,false,true
def.LexState,HelloUltraviolet::Reference::SourceText,runSourceTextLiteralsReference,Source/Reference/SourceText/Literals.uv,false,true,false,false,true
Lex-Start,HelloUltraviolet::Reference::SourceText,runSourceTextLiteralsReference,Source/Reference/SourceText/Literals.uv,false,true,false,false,true
Lex-End,HelloUltraviolet::Reference::SourceText,runSourceTextLiteralsReference,Source/Reference/SourceText/Literals.uv,false,true,false,false,true
Lex-Whitespace,HelloUltraviolet::Reference::SourceText,runSourceTextLiteralsReference,Source/Reference/SourceText/Literals.uv,false,true,false,false,true
Lex-Newline,HelloUltraviolet::Reference::SourceText,runSourceTextLiteralsReference,Source/Reference/SourceText/Literals.uv,false,true,false,false,true
Lex-Line-Comment,HelloUltraviolet::Reference::SourceText,runSourceTextLiteralsReference,Source/Reference/SourceText/Literals.uv,false,true,false,false,true
Lex-Doc-Comment,HelloUltraviolet::Reference::SourceText,runSourceTextLiteralsReference,Source/Reference/SourceText/Literals.uv,false,true,false,false,true
Lex-Block-Comment,HelloUltraviolet::Reference::SourceText,runSourceTextLiteralsReference,Source/Reference/SourceText/Literals.uv,false,true,false,false,true
conformance.TupleProjectionLexicalDisambiguation,HelloUltraviolet::Reference::SourceText,runSourceTextLiteralsReference,Source/Reference/SourceText/Literals.uv,false,true,false,false,true
Lex-Token,HelloUltraviolet::Reference::SourceText,runSourceTextLiteralsReference,Source/Reference/SourceText/Literals.uv,false,true,false,false,true
Tokenize-Ok,HelloUltraviolet::Reference::SourceText,runSourceTextLiteralsReference,Source/Reference/SourceText/Literals.uv,false,true,false,false,true
Parse-KeyBoundaryOpt-Yes,HelloUltraviolet::Reference::Keys,runKeysKeyPathsReference,Source/Reference/Keys/KeyPaths.uv,false,true,false,false,true
Parse-KeyBoundaryOpt-No,HelloUltraviolet::Reference::Keys,runKeysKeyPathsReference,Source/Reference/Keys/KeyPaths.uv,false,true,false,false,true
def.CapabilityClass,HelloUltraviolet::Reference::Authority,capabilityClassUniverseReference,Source/Reference/Authority/CapabilityFormalModel.uv,false,true,false,false,true
def.CapInTypeSignature,HelloUltraviolet::Reference::Authority,capInTypeSignatureReference,Source/Reference/Authority/CapabilityFormalModel.uv,false,true,false,false,true
def.CapInTypeRootMappings,HelloUltraviolet::Reference::Authority,capInTypeRootMappingsReference,Source/Reference/Authority/CapabilityFormalModel.uv,false,true,false,false,true
def.CapInTypePermission,HelloUltraviolet::Reference::Authority,capInTypePermissionReference,Source/Reference/Authority/CapabilityFormalModel.uv,false,true,false,false,true
def.CapInTypeStructuralCollections,HelloUltraviolet::Reference::Authority,capInTypeStructuralCollectionsReference,Source/Reference/Authority/CapabilityFormalModel.uv,false,true,false,false,true
def.CapInTypeStructuralNominal,HelloUltraviolet::Reference::Authority,capInTypeStructuralNominalReference,Source/Reference/Authority/CapabilityFormalModel.uv,false,true,false,false,true
req.CapInTypeLeastFixedPointAllowed,HelloUltraviolet::Reference::Authority,capInTypeLeastFixedPointAllowedReference,Source/Reference/Authority/CapabilityFormalModel.uv,false,true,false,false,true
req.CapInTypeCyclesTerminate,HelloUltraviolet::Reference::Authority,capInTypeCyclesTerminateReference,Source/Reference/Authority/CapabilityFormalModel.uv,false,true,false,false,true
def.CapReq,HelloUltraviolet::Reference::Authority,capabilityRequirementSetReference,Source/Reference/Authority/CapabilityFormalModel.uv,false,true,false,false,true
def.AttenuationOperations,HelloUltraviolet::Reference::Authority,attenuationOperationsReference,Source/Reference/Authority/CapabilityFormalModel.uv,false,true,false,false,true
req.AttenuationMonotoneAuthority,HelloUltraviolet::Reference::Authority,attenuationMonotoneAuthorityReference,Source/Reference/Authority/CapabilityFormalModel.uv,false,true,false,false,true
req.AttenuationChildLiveness,HelloUltraviolet::Reference::Authority,attenuationChildLivenessReference,Source/Reference/Authority/CapabilityFormalModel.uv,false,true,false,false,true
req.AttenuationChildDropDoesNotDiminishParent,HelloUltraviolet::Reference::Authority,attenuationChildDropDoesNotDiminishParentReference,Source/Reference/Authority/CapabilityFormalModel.uv,false,true,false,false,true
req.AttenuationDelegationSubsetRouting,HelloUltraviolet::Reference::Authority,attenuationDelegationSubsetRoutingReference,Source/Reference/Authority/CapabilityFormalModel.uv,false,true,false,false,true
def.ObservableEffect,HelloUltraviolet::Reference::Authority,observableEffectVariantsReference,Source/Reference/Authority/CapabilityFormalModel.uv,false,true,false,false,true
def.ObservableEvent,HelloUltraviolet::Reference::Authority,observableEventDefinitionReference,Source/Reference/Authority/CapabilityFormalModel.uv,false,true,false,false,true
def.ObservableBehavior,HelloUltraviolet::Reference::Authority,observableBehaviorDefinitionReference,Source/Reference/Authority/CapabilityFormalModel.uv,false,true,false,false,true
req.AsIfObservablePreservation,HelloUltraviolet::Reference::Authority,asIfObservablePreservationReference,Source/Reference/Authority/CapabilityFormalModel.uv,false,true,false,false,true
req.AsIfForbiddenObservableChanges,HelloUltraviolet::Reference::Authority,asIfForbiddenObservableChangesReference,Source/Reference/Authority/CapabilityFormalModel.uv,false,true,false,false,true
def.SequencePoint,HelloUltraviolet::Reference::Authority,sequencePointDefinitionReference,Source/Reference/Authority/CapabilityFormalModel.uv,false,true,false,false,true
def.CanonicalSequencePoints,HelloUltraviolet::Reference::Authority,canonicalSequencePointsReference,Source/Reference/Authority/CapabilityFormalModel.uv,false,true,false,false,true
req.SequencePointLTRPreservation,HelloUltraviolet::Reference::Authority,sequencePointLTRPreservationReference,Source/Reference/Authority/CapabilityFormalModel.uv,false,true,false,false,true
def.IOHostPrimitiveSets,HelloUltraviolet::Reference::Authority,authorityIOHostPrimitiveSetsReference,Source/Reference/Authority/IO.uv,false,true,false,false,true
def.OtherHostPrimitiveSets,HelloUltraviolet::Audit,artifactProjectRuntimeInterfaceSymbolsExercise,Source/Audit/RuntimeInterfaceArtifactExecution.uv,false,true,false,false,true
def.HostPrimitiveUniverse,HelloUltraviolet::Reference::Authority,hostPrimitiveUniverseReference,Source/Reference/Authority/HostPrimitives.uv,false,true,false,false,true
def.DiagnosticHostPrimitives,HelloUltraviolet::Reference::Authority,diagnosticHostPrimitivesReference,Source/Reference/Authority/HostPrimitives.uv,false,true,false,false,true
def.RuntimeHostPrimitives,HelloUltraviolet::Audit,artifactProjectRuntimeInterfaceSymbolsExercise,Source/Audit/RuntimeInterfaceArtifactExecution.uv,false,true,false,false,true
conformance.IOPrimitiveOwnership,HelloUltraviolet::Reference::Authority,authorityIOPrimitiveSemanticModelReference,Source/Reference/Authority/IO.uv,false,true,false,false,true
def.IOPrimitiveJudgments,HelloUltraviolet::Reference::Authority,authorityIOPrimitiveSemanticModelReference,Source/Reference/Authority/IO.uv,false,true,false,false,true
def.IOPrimitiveResultTypes,HelloUltraviolet::Reference::Authority,authorityIOPrimitiveSemanticModelReference,Source/Reference/Authority/IO.uv,false,true,false,false,true
def.IOStateTypes,HelloUltraviolet::Reference::Authority,authorityIOPrimitiveSemanticModelReference,Source/Reference/Authority/IO.uv,false,true,false,false,true
def.IOStateProjections,HelloUltraviolet::Reference::Authority,authorityIOPrimitiveSemanticModelReference,Source/Reference/Authority/IO.uv,false,true,false,false,true
def.IOEntryQueries,HelloUltraviolet::Reference::Authority,authorityIOPrimitiveSemanticModelReference,Source/Reference/Authority/IO.uv,false,true,false,false,true
def.FileHandleQueries,HelloUltraviolet::Reference::Authority,authorityIOFileHandleSemanticsReference,Source/Reference/Authority/IO.uv,false,true,false,false,true
def.DirectoryIteratorQueries,HelloUltraviolet::Reference::Authority,authorityIODirectoryIteratorSemanticsReference,Source/Reference/Authority/IO.uv,false,true,false,false,true
def.FileFlushedQuery,HelloUltraviolet::Reference::Authority,authorityIOFileHandleSemanticsReference,Source/Reference/Authority/IO.uv,false,true,false,false,true
def.IOExplicitStateJudgments,HelloUltraviolet::Reference::Authority,authorityIOPrimitiveSemanticModelReference,Source/Reference/Authority/IO.uv,false,true,false,false,true
def.IOStateElidedEquivalences,HelloUltraviolet::Reference::Authority,authorityIOPrimitiveSemanticModelReference,Source/Reference/Authority/IO.uv,false,true,false,false,true
def.RestrictPathSuccess,HelloUltraviolet::Reference::Authority,authorityIORestrictionAndPathSemanticsReference,Source/Reference/Authority/IO.uv,false,true,false,false,true
def.RestrictPathFailure,HelloUltraviolet::Reference::Authority,authorityIORestrictionAndPathSemanticsReference,Source/Reference/Authority/IO.uv,false,true,false,false,true
def.IOPathOperationSet,HelloUltraviolet::Reference::Authority,authorityIOPrimitiveSemanticModelReference,Source/Reference/Authority/IO.uv,false,true,false,false,true
IORestrict-Delegate,HelloUltraviolet::Reference::Authority,authorityIORestrictionAndPathSemanticsReference,Source/Reference/Authority/IO.uv,false,true,false,false,true
IORestrict-InvalidPath,HelloUltraviolet::Reference::Authority,authorityIORestrictionAndPathSemanticsReference,Source/Reference/Authority/IO.uv,false,true,false,false,true
IORestrict-ExistsInvalidFalse,HelloUltraviolet::Reference::Authority,authorityIORestrictionAndPathSemanticsReference,Source/Reference/Authority/IO.uv,false,true,false,false,true
def.IOPathErrorOperationSets,HelloUltraviolet::Reference::Authority,authorityIOPathErrorOperationSetsReference,Source/Reference/Authority/IO.uv,false,true,false,false,true
def.IOPathErrorPredicates,HelloUltraviolet::Reference::Authority,authorityIOPathErrorPredicatesReference,Source/Reference/Authority/IO.uv,false,true,false,false,true
IOPath-InvalidPath-NoData,HelloUltraviolet::Reference::Authority,authorityIOPathErrorOperationSetsReference,Source/Reference/Authority/IO.uv,false,true,false,false,true
IOPath-InvalidPath-Data,HelloUltraviolet::Reference::Authority,authorityIOPathErrorOperationSetsReference,Source/Reference/Authority/IO.uv,false,true,false,false,true
IOPath-NotFound,HelloUltraviolet::Reference::Authority,authorityIORestrictionAndPathSemanticsReference,Source/Reference/Authority/IO.uv,false,true,false,false,true
IOPath-PermissionDenied,HelloUltraviolet::Reference::Authority,authorityIORestrictionAndPathSemanticsReference,Source/Reference/Authority/IO.uv,false,true,false,false,true
IOPath-CreateWriteAlreadyExists,HelloUltraviolet::Reference::Authority,authorityIORestrictionAndPathSemanticsReference,Source/Reference/Authority/IO.uv,false,true,false,false,true
IOPath-CreateDirAlreadyExistsNonDir,HelloUltraviolet::Reference::Authority,authorityIORestrictionAndPathSemanticsReference,Source/Reference/Authority/IO.uv,false,true,false,false,true
IOPath-OpenDirInvalidNonDir,HelloUltraviolet::Reference::Authority,authorityIORestrictionAndPathSemanticsReference,Source/Reference/Authority/IO.uv,false,true,false,false,true
IOPath-Busy,HelloUltraviolet::Reference::Authority,authorityIORestrictionAndPathSemanticsReference,Source/Reference/Authority/IO.uv,false,true,false,false,true
def.IORemoveSemantics,HelloUltraviolet::Reference::Authority,authorityIORemoveSemanticsReference,Source/Reference/Authority/IO.uv,false,true,false,false,true
IORemove-RemoveFile,HelloUltraviolet::Reference::Authority,authorityIORemoveSemanticsReference,Source/Reference/Authority/IO.uv,false,true,false,false,true
IORemove-RemoveOtherEntry,HelloUltraviolet::Reference::Authority,authorityIORemoveSemanticsReference,Source/Reference/Authority/IO.uv,false,true,false,false,true
IORemove-RemoveEmptyDir,HelloUltraviolet::Reference::Authority,authorityIORemoveSemanticsReference,Source/Reference/Authority/IO.uv,false,true,false,false,true
IORemove-DirectoryNotEmpty,HelloUltraviolet::Reference::Authority,authorityIORemoveSemanticsReference,Source/Reference/Authority/IO.uv,false,true,false,false,true
IOReadFile-InvalidUtf8,HelloUltraviolet::Reference::Authority,authorityIOFileHandleSemanticsReference,Source/Reference/Authority/IO.uv,false,true,false,false,true
FileReadAll-InvalidUtf8,HelloUltraviolet::Reference::Authority,authorityIOFileHandleSemanticsReference,Source/Reference/Authority/IO.uv,false,true,false,false,true
IOExists-True,HelloUltraviolet::Reference::Authority,authorityIORestrictionAndPathSemanticsReference,Source/Reference/Authority/IO.uv,false,true,false,false,true
IOExists-False,HelloUltraviolet::Reference::Authority,authorityIORestrictionAndPathSemanticsReference,Source/Reference/Authority/IO.uv,false,true,false,false,true
def.FileHandleStateAndMode,HelloUltraviolet::Reference::Authority,authorityIOFileHandleSemanticsReference,Source/Reference/Authority/IO.uv,false,true,false,false,true
def.FileLengthAndByteLength,HelloUltraviolet::Reference::Authority,authorityIOFileHandleSemanticsReference,Source/Reference/Authority/IO.uv,false,true,false,false,true
def.DirectoryEntryOrdering,HelloUltraviolet::Reference::Authority,authorityIODirectoryIteratorSemanticsReference,Source/Reference/Authority/IO.uv,false,true,false,false,true
IOOpenRead-HandleState,HelloUltraviolet::Reference::Authority,authorityIOFileHandleSemanticsReference,Source/Reference/Authority/IO.uv,false,true,false,false,true
IOOpenWrite-HandleState,HelloUltraviolet::Reference::Authority,authorityIOFileHandleSemanticsReference,Source/Reference/Authority/IO.uv,false,true,false,false,true
IOOpenAppend-HandleState,HelloUltraviolet::Reference::Authority,authorityIOFileHandleSemanticsReference,Source/Reference/Authority/IO.uv,false,true,false,false,true
IOCreateWrite-HandleState,HelloUltraviolet::Reference::Authority,authorityIOFileHandleSemanticsReference,Source/Reference/Authority/IO.uv,false,true,false,false,true
IOReadFile-DelegatesThroughHandle,HelloUltraviolet::Reference::Authority,authorityIOFileHandleSemanticsReference,Source/Reference/Authority/IO.uv,false,true,false,false,true
IOReadBytes-DelegatesThroughHandle,HelloUltraviolet::Reference::Authority,authorityIOFileHandleSemanticsReference,Source/Reference/Authority/IO.uv,false,true,false,false,true
FileReadAll-ClosedFailure,HelloUltraviolet::Reference::Authority,authorityIOFileHandleSemanticsReference,Source/Reference/Authority/IO.uv,false,true,false,false,true
FileReadAllBytes-ClosedFailure,HelloUltraviolet::Reference::Authority,authorityIOFileHandleSemanticsReference,Source/Reference/Authority/IO.uv,false,true,false,false,true
FileWrite-ClosedFailure,HelloUltraviolet::Reference::Authority,authorityIOFileHandleSemanticsReference,Source/Reference/Authority/IO.uv,false,true,false,false,true
FileFlush-ClosedFailure,HelloUltraviolet::Reference::Authority,authorityIOFileHandleSemanticsReference,Source/Reference/Authority/IO.uv,false,true,false,false,true
FileReadAll-AdvancesToEnd,HelloUltraviolet::Reference::Authority,authorityIOFileHandleSemanticsReference,Source/Reference/Authority/IO.uv,false,true,false,false,true
FileReadAllBytes-AdvancesToEnd,HelloUltraviolet::Reference::Authority,authorityIOFileHandleSemanticsReference,Source/Reference/Authority/IO.uv,false,true,false,false,true
FileWrite-PositionUpdate,HelloUltraviolet::Reference::Authority,authorityIOFileHandleSemanticsReference,Source/Reference/Authority/IO.uv,false,true,false,false,true
FileWrite-LengthUpdate,HelloUltraviolet::Reference::Authority,authorityIOFileHandleSemanticsReference,Source/Reference/Authority/IO.uv,false,true,false,false,true
FileFlush-RecordsFlushed,HelloUltraviolet::Reference::Authority,authorityIOFileHandleSemanticsReference,Source/Reference/Authority/IO.uv,false,true,false,false,true
FileClose-ClosesHandle,HelloUltraviolet::Reference::Authority,authorityIOFileHandleSemanticsReference,Source/Reference/Authority/IO.uv,false,true,false,false,true
IOOpenDir-IteratorState,HelloUltraviolet::Reference::Authority,authorityIODirectoryIteratorSemanticsReference,Source/Reference/Authority/IO.uv,false,true,false,false,true
DirNext-ClosedFailure,HelloUltraviolet::Reference::Authority,authorityIODirectoryIteratorSemanticsReference,Source/Reference/Authority/IO.uv,false,true,false,false,true
DirNext-Exhausted,HelloUltraviolet::Reference::Authority,authorityIODirectoryIteratorSemanticsReference,Source/Reference/Authority/IO.uv,false,true,false,false,true
DirNext-YieldsEntry,HelloUltraviolet::Reference::Authority,authorityIODirectoryIteratorSemanticsReference,Source/Reference/Authority/IO.uv,false,true,false,false,true
DirClose-ClosesIterator,HelloUltraviolet::Reference::Authority,authorityIODirectoryIteratorSemanticsReference,Source/Reference/Authority/IO.uv,false,true,false,false,true
def.SystemState,HelloUltraviolet::Reference::Authority,authoritySystemStateReference,Source/Reference/Authority/System.uv,false,true,false,false,true
def.SystemPrimitiveJudgments,HelloUltraviolet::Reference::Authority,authoritySystemPrimitiveJudgmentsReference,Source/Reference/Authority/System.uv,false,true,false,false,true
def.SystemPrimitiveStateElidedEquivalences,HelloUltraviolet::Reference::Authority,authoritySystemStateElidedEquivalencesReference,Source/Reference/Authority/System.uv,false,true,false,false,true
def.EmptyStringVal,HelloUltraviolet::Reference::Authority,authoritySystemEnvironmentPrimitiveReference,Source/Reference/Authority/System.uv,false,true,false,false,true
System-GetEnv-Ok,HelloUltraviolet::Reference::Authority,authoritySystemEnvironmentPrimitiveReference,Source/Reference/Authority/System.uv,false,true,false,false,true
System-GetEnv-None,HelloUltraviolet::Reference::Authority,authoritySystemEnvironmentPrimitiveReference,Source/Reference/Authority/System.uv,false,true,false,false,true
System-Exit,HelloUltraviolet::Audit,artifactProjectFixturesBuildAndExerciseOutputObligations,Source/Audit/ArtifactProjectExecution.uv,false,true,false,false,true
System-Run,HelloUltraviolet::Reference::Authority,authoritySystemRunPrimitiveReference,Source/Reference/Authority/System.uv,false,true,false,false,true
def.TimePrimitiveJudgments,HelloUltraviolet::Reference::Authority,authorityTimePrimitiveCallsReference,Source/Reference/Authority/Time.uv,false,true,false,false,true
def.TimePrimitiveValueConstructors,HelloUltraviolet::Reference::Authority,authorityTimePrimitiveCallsReference,Source/Reference/Authority/Time.uv,false,true,false,false,true
req.TimePrimitiveAttenuationSemantics,HelloUltraviolet::Reference::Authority,authorityTimePrimitiveCallsReference,Source/Reference/Authority/Time.uv,false,true,false,false,true
req.MonotonicTimePrimitiveSemantics,HelloUltraviolet::Reference::Authority,authorityTimePrimitiveCallsReference,Source/Reference/Authority/Time.uv,false,true,false,false,true
req.WallTimePrimitiveSemantics,HelloUltraviolet::Reference::Authority,authorityTimePrimitiveCallsReference,Source/Reference/Authority/Time.uv,false,true,false,false,true
def.NetworkPrimitiveJudgments,HelloUltraviolet::Reference::Authority,authorityNetworkPrimitiveCallsReference,Source/Reference/Authority/Network.uv,false,true,false,false,true
req.NetRestrictHostRequiredSemantics,HelloUltraviolet::Reference::Authority,authorityNetworkRestrictionRuntimeStateReference,Source/Reference/Authority/Network.uv,false,true,false,false,true
req.NetRestrictHostSubsetAuthority,HelloUltraviolet::Reference::Authority,authorityNetworkRestrictionRuntimeStateReference,Source/Reference/Authority/Network.uv,false,true,false,false,true
req.NetRestrictNoUnrelatedMutation,HelloUltraviolet::Reference::Authority,authorityNetworkRestrictionRuntimeStateReference,Source/Reference/Authority/Network.uv,false,true,false,false,true
def.PrimitiveReceiverHandleHelpers,HelloUltraviolet::Reference::Authority,authorityFileDirPrimitiveCallsReference,Source/Reference/Authority/IO.uv,false,true,false,false,true
def.PrimitiveMethodNameAndOwner,HelloUltraviolet::Audit,artifactProjectRuntimeInterfaceSymbolsExercise,Source/Audit/RuntimeInterfaceArtifactExecution.uv,false,true,false,false,true
def.PrimCallJudgment,HelloUltraviolet::Audit,artifactProjectRuntimeInterfaceSymbolsExercise,Source/Audit/RuntimeInterfaceArtifactExecution.uv,false,true,false,false,true
Prim-IO-OpenRead,HelloUltraviolet::Reference::Authority,authorityIOPrimitiveCallsReference,Source/Reference/Authority/IO.uv,false,true,false,false,true
Prim-IO-OpenWrite,HelloUltraviolet::Reference::Authority,authorityIOPrimitiveCallsReference,Source/Reference/Authority/IO.uv,false,true,false,false,true
Prim-IO-OpenAppend,HelloUltraviolet::Reference::Authority,authorityIOPrimitiveCallsReference,Source/Reference/Authority/IO.uv,false,true,false,false,true
Prim-IO-CreateWrite,HelloUltraviolet::Reference::Authority,authorityIOPrimitiveCallsReference,Source/Reference/Authority/IO.uv,false,true,false,false,true
Prim-IO-ReadFile,HelloUltraviolet::Reference::Authority,authorityIOPrimitiveCallsReference,Source/Reference/Authority/IO.uv,false,true,false,false,true
Prim-IO-ReadBytes,HelloUltraviolet::Reference::Authority,authorityIOPrimitiveCallsReference,Source/Reference/Authority/IO.uv,false,true,false,false,true
Prim-IO-WriteFile,HelloUltraviolet::Reference::Authority,authorityIOPrimitiveCallsReference,Source/Reference/Authority/IO.uv,false,true,false,false,true
Prim-IO-WriteStdout,HelloUltraviolet::Reference::Authority,authorityIOPrimitiveCallsReference,Source/Reference/Authority/IO.uv,false,true,false,false,true
Prim-IO-WriteStderr,HelloUltraviolet::Reference::Authority,authorityIOPrimitiveCallsReference,Source/Reference/Authority/IO.uv,false,true,false,false,true
Prim-IO-Exists,HelloUltraviolet::Reference::Authority,authorityIOPrimitiveCallsReference,Source/Reference/Authority/IO.uv,false,true,false,false,true
Prim-IO-Remove,HelloUltraviolet::Reference::Authority,authorityIOPrimitiveCallsReference,Source/Reference/Authority/IO.uv,false,true,false,false,true
Prim-IO-OpenDir,HelloUltraviolet::Reference::Authority,authorityIOPrimitiveCallsReference,Source/Reference/Authority/IO.uv,false,true,false,false,true
Prim-IO-CreateDir,HelloUltraviolet::Reference::Authority,authorityIOPrimitiveCallsReference,Source/Reference/Authority/IO.uv,false,true,false,false,true
Prim-IO-EnsureDir,HelloUltraviolet::Reference::Authority,authorityIOPrimitiveCallsReference,Source/Reference/Authority/IO.uv,false,true,false,false,true
Prim-IO-Kind,HelloUltraviolet::Reference::Authority,authorityIOPrimitiveCallsReference,Source/Reference/Authority/IO.uv,false,true,false,false,true
Prim-IO-Restrict,HelloUltraviolet::Reference::Authority,authorityIOPrimitiveCallsReference,Source/Reference/Authority/IO.uv,false,true,false,false,true
Prim-File-ReadAll,HelloUltraviolet::Reference::Authority,authorityFileDirPrimitiveCallsReference,Source/Reference/Authority/IO.uv,false,true,false,false,true
Prim-File-ReadAllBytes,HelloUltraviolet::Reference::Authority,authorityFileDirPrimitiveCallsReference,Source/Reference/Authority/IO.uv,false,true,false,false,true
Prim-File-Write,HelloUltraviolet::Reference::Authority,authorityFileDirPrimitiveCallsReference,Source/Reference/Authority/IO.uv,false,true,false,false,true
Prim-File-Flush,HelloUltraviolet::Reference::Authority,authorityFileDirPrimitiveCallsReference,Source/Reference/Authority/IO.uv,false,true,false,false,true
Prim-File-Write-Append,HelloUltraviolet::Reference::Authority,authorityFileDirPrimitiveCallsReference,Source/Reference/Authority/IO.uv,false,true,false,false,true
Prim-File-Flush-Append,HelloUltraviolet::Reference::Authority,authorityFileDirPrimitiveCallsReference,Source/Reference/Authority/IO.uv,false,true,false,false,true
Prim-File-Close-Read,HelloUltraviolet::Reference::Authority,authorityFileDirPrimitiveCallsReference,Source/Reference/Authority/IO.uv,false,true,false,false,true
Prim-File-Close-Write,HelloUltraviolet::Reference::Authority,authorityFileDirPrimitiveCallsReference,Source/Reference/Authority/IO.uv,false,true,false,false,true
Prim-File-Close-Append,HelloUltraviolet::Reference::Authority,authorityFileDirPrimitiveCallsReference,Source/Reference/Authority/IO.uv,false,true,false,false,true
Prim-Dir-Next,HelloUltraviolet::Reference::Authority,authorityFileDirPrimitiveCallsReference,Source/Reference/Authority/IO.uv,false,true,false,false,true
Prim-Dir-Close,HelloUltraviolet::Reference::Authority,authorityFileDirPrimitiveCallsReference,Source/Reference/Authority/IO.uv,false,true,false,false,true
Prim-System-GetEnv,HelloUltraviolet::Reference::Authority,authoritySystemPrimitiveCallsReference,Source/Reference/Authority/System.uv,false,true,false,false,true
Prim-System-ExecutablePath,HelloUltraviolet::Reference::Authority,authoritySystemPrimitiveCallsReference,Source/Reference/Authority/System.uv,false,true,false,false,true
Prim-System-ArgumentCount,HelloUltraviolet::Reference::Authority,authoritySystemPrimitiveCallsReference,Source/Reference/Authority/System.uv,false,true,false,false,true
Prim-System-Argument,HelloUltraviolet::Reference::Authority,authoritySystemPrimitiveCallsReference,Source/Reference/Authority/System.uv,false,true,false,false,true
Prim-System-CurrentDirectory,HelloUltraviolet::Reference::Authority,authoritySystemPrimitiveCallsReference,Source/Reference/Authority/System.uv,false,true,false,false,true
Prim-System-Exit,HelloUltraviolet::Audit,artifactProjectFixturesBuildAndExerciseOutputObligations,Source/Audit/ArtifactProjectExecution.uv,false,true,false,false,true
Prim-System-Run,HelloUltraviolet::Audit,artifactProjectFixturesBuildAndExerciseOutputObligations,Source/Audit/ArtifactProjectExecution.uv,false,true,false,false,true
Prim-Time-Monotonic,HelloUltraviolet::Reference::Authority,authorityTimePrimitiveCallsReference,Source/Reference/Authority/Time.uv,false,true,false,false,true
Prim-Time-Wall,HelloUltraviolet::Reference::Authority,authorityTimePrimitiveCallsReference,Source/Reference/Authority/Time.uv,false,true,false,false,true
Prim-MonotonicTime-Now,HelloUltraviolet::Reference::Authority,authorityTimePrimitiveCallsReference,Source/Reference/Authority/Time.uv,false,true,false,false,true
Prim-MonotonicTime-Resolution,HelloUltraviolet::Reference::Authority,authorityTimePrimitiveCallsReference,Source/Reference/Authority/Time.uv,false,true,false,false,true
Prim-MonotonicTime-Elapsed,HelloUltraviolet::Reference::Authority,authorityTimePrimitiveCallsReference,Source/Reference/Authority/Time.uv,false,true,false,false,true
Prim-MonotonicTime-Coarsen,HelloUltraviolet::Reference::Authority,authorityTimePrimitiveCallsReference,Source/Reference/Authority/Time.uv,false,true,false,false,true
Prim-WallTime-NowUtc,HelloUltraviolet::Reference::Authority,authorityTimePrimitiveCallsReference,Source/Reference/Authority/Time.uv,false,true,false,false,true
Prim-WallTime-Resolution,HelloUltraviolet::Reference::Authority,authorityTimePrimitiveCallsReference,Source/Reference/Authority/Time.uv,false,true,false,false,true
Prim-WallTime-Coarsen,HelloUltraviolet::Reference::Authority,authorityTimePrimitiveCallsReference,Source/Reference/Authority/Time.uv,false,true,false,false,true
Prim-Network-RestrictHost,HelloUltraviolet::Reference::Authority,authorityNetworkPrimitiveCallsReference,Source/Reference/Authority/Network.uv,false,true,false,false,true
def.BindingStateDomain,HelloUltraviolet::Reference::Authority,runAuthorityBindingRuntimeStateReference,Source/Reference/Authority/BindingRuntimeState.uv,false,true,false,false,true
def.BindInfo,HelloUltraviolet::Reference::Authority,runAuthorityBindingRuntimeStateReference,Source/Reference/Authority/BindingRuntimeState.uv,false,true,false,false,true
def.BindingEnvironment,HelloUltraviolet::Audit,acceptedProjectFixturesBuildAndExerciseArtifactObligations,Source/Audit/AcceptedProjectExecution.uv,false,true,false,false,true
def.BindingScopeStackOps,HelloUltraviolet::Reference::Authority,runAuthorityBindingRuntimeStateReference,Source/Reference/Authority/BindingRuntimeState.uv,false,true,false,false,true
def.BindingLookup,HelloUltraviolet::Reference::Authority,runAuthorityBindingRuntimeStateReference,Source/Reference/Authority/BindingRuntimeState.uv,false,true,false,false,true
def.BindingUpdate,HelloUltraviolet::Reference::Authority,runAuthorityBindingRuntimeStateReference,Source/Reference/Authority/BindingRuntimeState.uv,false,true,false,false,true
def.BindingIntro,HelloUltraviolet::Reference::Authority,runAuthorityBindingRuntimeStateReference,Source/Reference/Authority/BindingRuntimeState.uv,false,true,false,false,true
def.PermissionOfType,HelloUltraviolet::Reference::Authority,runAuthorityBindingRuntimeStateReference,Source/Reference/Authority/BindingRuntimeState.uv,false,true,false,false,true
def.PermissionActivityDomain,HelloUltraviolet::Reference::Authority,runAuthorityBindingRuntimeStateReference,Source/Reference/Authority/BindingRuntimeState.uv,false,true,false,false,true
def.PermissionEnvironment,HelloUltraviolet::Audit,acceptedProjectFixturesBuildAndExerciseArtifactObligations,Source/Audit/AcceptedProjectExecution.uv,false,true,false,false,true
def.PermissionScopeStackOps,HelloUltraviolet::Reference::Authority,runAuthorityBindingRuntimeStateReference,Source/Reference/Authority/BindingRuntimeState.uv,false,true,false,false,true
def.PermissionLookup,HelloUltraviolet::Reference::Authority,runAuthorityBindingRuntimeStateReference,Source/Reference/Authority/BindingRuntimeState.uv,false,true,false,false,true
def.PermissionUpdate,HelloUltraviolet::Reference::Authority,runAuthorityBindingRuntimeStateReference,Source/Reference/Authority/BindingRuntimeState.uv,false,true,false,false,true
def.BindingStateJoin,HelloUltraviolet::Reference::Authority,runAuthorityBindingRuntimeStateReference,Source/Reference/Authority/BindingRuntimeState.uv,false,true,false,false,true
def.BindingStateTransitionSet,HelloUltraviolet::Reference::Authority,runAuthorityBindingRuntimeStateReference,Source/Reference/Authority/BindingRuntimeState.uv,false,true,false,false,true
Trans-Move-Whole,HelloUltraviolet::Reference::Authority,runAuthorityBindingRuntimeStateReference,Source/Reference/Authority/BindingRuntimeState.uv,false,true,false,false,true
Trans-Move-Field,HelloUltraviolet::Reference::Authority,runAuthorityBindingRuntimeStateReference,Source/Reference/Authority/BindingRuntimeState.uv,false,true,false,false,true
Trans-Move-Field-Partial,HelloUltraviolet::Reference::Authority,runAuthorityBindingRuntimeStateReference,Source/Reference/Authority/BindingRuntimeState.uv,false,true,false,false,true
Trans-Partial-To-Moved,HelloUltraviolet::Reference::Authority,runAuthorityBindingRuntimeStateReference,Source/Reference/Authority/BindingRuntimeState.uv,false,true,false,false,true
Trans-Reassign,HelloUltraviolet::Reference::Authority,runAuthorityBindingRuntimeStateReference,Source/Reference/Authority/BindingRuntimeState.uv,false,true,false,false,true
def.BindingInfoJoin,HelloUltraviolet::Reference::Authority,runAuthorityBindingRuntimeStateReference,Source/Reference/Authority/BindingRuntimeState.uv,false,true,false,false,true
def.BindingScopeJoin,HelloUltraviolet::Reference::Authority,runAuthorityBindingRuntimeStateReference,Source/Reference/Authority/BindingRuntimeState.uv,false,true,false,false,true
def.BindingEnvironmentJoin,HelloUltraviolet::Audit,acceptedProjectFixturesBuildAndExerciseArtifactObligations,Source/Audit/AcceptedProjectExecution.uv,false,true,false,false,true
def.PermissionStateJoin,HelloUltraviolet::Reference::Authority,runAuthorityBindingRuntimeStateReference,Source/Reference/Authority/BindingRuntimeState.uv,false,true,false,false,true
def.PermissionAtScope,HelloUltraviolet::Reference::Authority,runAuthorityBindingRuntimeStateReference,Source/Reference/Authority/BindingRuntimeState.uv,false,true,false,false,true
def.PermissionScopeJoin,HelloUltraviolet::Reference::Authority,runAuthorityBindingRuntimeStateReference,Source/Reference/Authority/BindingRuntimeState.uv,false,true,false,false,true
def.PermissionEnvironmentJoin,HelloUltraviolet::Audit,acceptedProjectFixturesBuildAndExerciseArtifactObligations,Source/Audit/AcceptedProjectExecution.uv,false,true,false,false,true
def.FieldHead,HelloUltraviolet::Reference::Authority,runAuthorityBindingRuntimeStateReference,Source/Reference/Authority/BindingRuntimeState.uv,false,true,false,false,true
def.FieldPathOf,HelloUltraviolet::Reference::Authority,runAuthorityBindingRuntimeStateReference,Source/Reference/Authority/BindingRuntimeState.uv,false,true,false,false,true
def.PlacePath,HelloUltraviolet::Reference::Authority,runAuthorityBindingRuntimeStateReference,Source/Reference/Authority/BindingRuntimeState.uv,false,true,false,false,true
def.AccessPathPrefixes,HelloUltraviolet::Reference::Authority,runAuthorityBindingRuntimeStateReference,Source/Reference/Authority/BindingRuntimeState.uv,false,true,false,false,true
def.AccessPathOk,HelloUltraviolet::Reference::Authority,runAuthorityBindingRuntimeStateReference,Source/Reference/Authority/BindingRuntimeState.uv,false,true,false,false,true
def.SuspendUniquePath,HelloUltraviolet::Reference::Authority,runAuthorityBindingRuntimeStateReference,Source/Reference/Authority/BindingRuntimeState.uv,false,true,false,false,true
def.ReactivatePermissionKeys,HelloUltraviolet::Reference::Authority,runAuthorityBindingRuntimeStateReference,Source/Reference/Authority/BindingRuntimeState.uv,false,true,false,false,true
def.ArgumentPassExpression,HelloUltraviolet::Reference::Authority,runAuthorityBindingRuntimeStateReference,Source/Reference/Authority/BindingRuntimeState.uv,false,true,false,false,true
def.AccessStateOk,HelloUltraviolet::Reference::Authority,runAuthorityBindingRuntimeStateReference,Source/Reference/Authority/BindingRuntimeState.uv,false,true,false,false,true
def.PartialMoveStateUpdate,HelloUltraviolet::Reference::Authority,runAuthorityBindingRuntimeStateReference,Source/Reference/Authority/BindingRuntimeState.uv,false,true,false,false,true
def.ExpressionTypeLookupForAccess,HelloUltraviolet::Reference::Authority,runAuthorityBindingRuntimeStateReference,Source/Reference/Authority/BindingRuntimeState.uv,false,true,false,false,true
def.AccessOk,HelloUltraviolet::Reference::Authority,runAuthorityBindingRuntimeStateReference,Source/Reference/Authority/BindingRuntimeState.uv,false,true,false,false,true
def.BindingMovabilityOperator,HelloUltraviolet::Audit,acceptedProjectFixturesBuildAndExerciseArtifactObligations,Source/Audit/AcceptedProjectExecution.uv,false,true,false,false,true
def.MoveExpressionPredicate,HelloUltraviolet::Reference::Authority,runAuthorityBindingRuntimeStateReference,Source/Reference/Authority/BindingRuntimeState.uv,false,true,false,false,true
def.InitializationResponsibility,HelloUltraviolet::Reference::Authority,runAuthorityBindingRuntimeStateReference,Source/Reference/Authority/BindingRuntimeState.uv,false,true,false,false,true
def.BindingInitializerExpression,HelloUltraviolet::Reference::Authority,runAuthorityBindingRuntimeStateReference,Source/Reference/Authority/BindingRuntimeState.uv,false,true,false,false,true
def.BindingInitializerScope,HelloUltraviolet::Reference::Authority,runAuthorityBindingRuntimeStateReference,Source/Reference/Authority/BindingRuntimeState.uv,false,true,false,false,true
def.TemporaryScope,HelloUltraviolet::Reference::Authority,runAuthorityBindingRuntimeStateReference,Source/Reference/Authority/BindingRuntimeState.uv,false,true,false,false,true
def.TemporaryValuePredicate,HelloUltraviolet::Reference::Authority,runAuthorityBindingRuntimeStateReference,Source/Reference/Authority/BindingRuntimeState.uv,false,true,false,false,true
def.TemporaryEvaluationOrder,HelloUltraviolet::Reference::Authority,runAuthorityBindingRuntimeStateReference,Source/Reference/Authority/BindingRuntimeState.uv,false,true,false,false,true
def.ControlStatementExpression,HelloUltraviolet::Reference::Authority,runAuthorityBindingRuntimeStateReference,Source/Reference/Authority/BindingRuntimeState.uv,false,true,false,false,true
def.TemporaryDropOrder,HelloUltraviolet::Reference::Authority,runAuthorityBindingRuntimeStateReference,Source/Reference/Authority/BindingRuntimeState.uv,false,true,false,false,true
def.OptionalExpressionList,HelloUltraviolet::Reference::Authority,runAuthorityBindingRuntimeStateReference,Source/Reference/Authority/BindingRuntimeState.uv,false,true,false,false,true
def.StatementExpressions,HelloUltraviolet::Reference::Authority,runAuthorityBindingRuntimeStateReference,Source/Reference/Authority/BindingRuntimeState.uv,false,true,false,false,true
def.StatementAndBindingScopes,HelloUltraviolet::Reference::Authority,runAuthorityBindingRuntimeStateReference,Source/Reference/Authority/BindingRuntimeState.uv,false,true,false,false,true
def.BlockStatements,HelloUltraviolet::Reference::Authority,runAuthorityBindingRuntimeStateReference,Source/Reference/Authority/BindingRuntimeState.uv,false,true,false,false,true
def.StatementBlocks,HelloUltraviolet::Reference::Authority,runAuthorityBindingRuntimeStateReference,Source/Reference/Authority/BindingRuntimeState.uv,false,true,false,false,true
def.StatementSubExpressions,HelloUltraviolet::Reference::Authority,runAuthorityBindingRuntimeStateReference,Source/Reference/Authority/BindingRuntimeState.uv,false,true,false,false,true
def.StatementSubStatements,HelloUltraviolet::Reference::Authority,runAuthorityBindingRuntimeStateReference,Source/Reference/Authority/BindingRuntimeState.uv,false,true,false,false,true
def.SubBlocks,HelloUltraviolet::Reference::Authority,runAuthorityBindingRuntimeStateReference,Source/Reference/Authority/BindingRuntimeState.uv,false,true,false,false,true
def.MapEntries,HelloUltraviolet::Reference::Authority,runAuthorityBindingRuntimeStateReference,Source/Reference/Authority/BindingRuntimeState.uv,false,true,false,false,true
def.MapUnion,HelloUltraviolet::Reference::Authority,runAuthorityBindingRuntimeStateReference,Source/Reference/Authority/BindingRuntimeState.uv,false,true,false,false,true
def.IntroduceAllBindings,HelloUltraviolet::Reference::Authority,runAuthorityBindingRuntimeStateReference,Source/Reference/Authority/BindingRuntimeState.uv,false,true,false,false,true
def.BindInfoMap,HelloUltraviolet::Reference::Authority,runAuthorityBindingRuntimeStateReference,Source/Reference/Authority/BindingRuntimeState.uv,false,true,false,false,true
def.EffectiveMovability,HelloUltraviolet::Audit,acceptedProjectFixturesBuildAndExerciseArtifactObligations,Source/Audit/AcceptedProjectExecution.uv,false,true,false,false,true
def.RegionBindingInfo,HelloUltraviolet::Reference::Authority,runAuthorityRegionsAndFramesReference,Source/Reference/Authority/RegionsAndFrames.uv,false,true,false,false,true
def.BindingNames,HelloUltraviolet::Reference::Authority,runAuthorityBindingRuntimeStateReference,Source/Reference/Authority/BindingRuntimeState.uv,false,true,false,false,true
def.JoinAllBindings,HelloUltraviolet::Reference::Authority,runAuthorityBindingRuntimeStateReference,Source/Reference/Authority/BindingRuntimeState.uv,false,true,false,false,true
def.JoinAllPermissions,HelloUltraviolet::Reference::Authority,runAuthorityBindingRuntimeStateReference,Source/Reference/Authority/BindingRuntimeState.uv,false,true,false,false,true
def.PermissionTopScopeOps,HelloUltraviolet::Reference::Authority,runAuthorityBindingRuntimeStateReference,Source/Reference/Authority/BindingRuntimeState.uv,false,true,false,false,true
def.PermissionRoots,HelloUltraviolet::Reference::Authority,runAuthorityBindingRuntimeStateReference,Source/Reference/Authority/BindingRuntimeState.uv,false,true,false,false,true
def.ConsumeOnMove,HelloUltraviolet::Reference::Authority,runAuthorityBindingRuntimeStateReference,Source/Reference/Authority/BindingRuntimeState.uv,false,true,false,false,true
def.MoveExpressionInnerPlace,HelloUltraviolet::Reference::Authority,runAuthorityBindingRuntimeStateReference,Source/Reference/Authority/BindingRuntimeState.uv,false,true,false,false,true
def.BindingJudgmentSet,HelloUltraviolet::Reference::Authority,runAuthorityBindingRuntimeStateReference,Source/Reference/Authority/BindingRuntimeState.uv,false,true,false,false,true
def.StaticBindingMaps,HelloUltraviolet::Reference::Authority,runAuthorityBindingRuntimeStateReference,Source/Reference/Authority/BindingRuntimeState.uv,false,true,false,false,true
def.ProcedureEntryBindingScopes,HelloUltraviolet::Reference::Authority,runAuthorityBindingRuntimeStateReference,Source/Reference/Authority/BindingRuntimeState.uv,false,true,false,false,true
def.ParameterBindingMap,HelloUltraviolet::Reference::Authority,runAuthorityBindingRuntimeStateReference,Source/Reference/Authority/BindingRuntimeState.uv,false,true,false,false,true
def.MethodParameterBindingMap,HelloUltraviolet::Reference::Authority,runAuthorityBindingRuntimeStateReference,Source/Reference/Authority/BindingRuntimeState.uv,false,true,false,false,true
def.ParameterTypeMap,HelloUltraviolet::Reference::Authority,runAuthorityBindingRuntimeStateReference,Source/Reference/Authority/BindingRuntimeState.uv,false,true,false,false,true
def.ParameterMoveAndResponsibility,HelloUltraviolet::Reference::Authority,runAuthorityBindingRuntimeStateReference,Source/Reference/Authority/BindingRuntimeState.uv,false,true,false,false,true
def.InitialBindingEnvironment,HelloUltraviolet::Audit,acceptedProjectFixturesBuildAndExerciseArtifactObligations,Source/Audit/AcceptedProjectExecution.uv,false,true,false,false,true
def.InitialPermissionEnvironment,HelloUltraviolet::Audit,acceptedProjectFixturesBuildAndExerciseArtifactObligations,Source/Audit/AcceptedProjectExecution.uv,false,true,false,false,true
def.BindCheck,HelloUltraviolet::Reference::Authority,runAuthorityBindingRuntimeStateReference,Source/Reference/Authority/BindingRuntimeState.uv,false,true,false,false,true
def.ProcedureBindingCheck,HelloUltraviolet::Reference::Authority,runAuthorityBindingRuntimeStateReference,Source/Reference/Authority/BindingRuntimeState.uv,false,true,false,false,true
def.MethodParametersForBinding,HelloUltraviolet::Reference::Authority,runAuthorityBindingRuntimeStateReference,Source/Reference/Authority/BindingRuntimeState.uv,false,true,false,false,true
def.MethodBindingCheck,HelloUltraviolet::Reference::Authority,runAuthorityBindingRuntimeStateReference,Source/Reference/Authority/BindingRuntimeState.uv,false,true,false,false,true
def.ClassMethodBindingCheck,HelloUltraviolet::Reference::Authority,runAuthorityBindingRuntimeStateReference,Source/Reference/Authority/BindingRuntimeState.uv,false,true,false,false,true
def.StateMethodBindingCheck,HelloUltraviolet::Reference::Authority,runAuthorityBindingRuntimeStateReference,Source/Reference/Authority/BindingRuntimeState.uv,false,true,false,false,true
def.TransitionBindingCheck,HelloUltraviolet::Reference::Authority,runAuthorityBindingRuntimeStateReference,Source/Reference/Authority/BindingRuntimeState.uv,false,true,false,false,true
def.BindingDiagnosticReferences,HelloUltraviolet::Reference::Authority,runAuthorityBindingRuntimeStateReference,Source/Reference/Authority/BindingRuntimeState.uv,false,true,false,false,true
req.FeatureSpecificBJudgmentOwnership,HelloUltraviolet::Reference::Authority,runAuthorityBindingRuntimeStateReference,Source/Reference/Authority/BindingRuntimeState.uv,false,true,false,false,true
def.RegionOptionsFields,HelloUltraviolet::Reference::Authority,runAuthorityRegionsAndFramesReference,Source/Reference/Authority/RegionsAndFrames.uv,false,true,false,false,true
def.RegionOptionsDecl,HelloUltraviolet::Reference::Authority,runAuthorityRegionsAndFramesReference,Source/Reference/Authority/RegionsAndFrames.uv,false,true,false,false,true
def.RegionPreallocation,HelloUltraviolet::Reference::Authority,runAuthorityRegionsAndFramesReference,Source/Reference/Authority/RegionsAndFrames.uv,false,true,false,false,true
def.RegionActiveType,HelloUltraviolet::Reference::Authority,runAuthorityRegionsAndFramesReference,Source/Reference/Authority/RegionsAndFrames.uv,false,true,false,false,true
def.FreshRegion,HelloUltraviolet::Reference::Authority,runAuthorityRegionsAndFramesReference,Source/Reference/Authority/RegionsAndFrames.uv,false,true,false,false,true
def.RegionOptionsExpression,HelloUltraviolet::Reference::Authority,runAuthorityRegionsAndFramesReference,Source/Reference/Authority/RegionsAndFrames.uv,false,true,false,false,true
def.RegionBind,HelloUltraviolet::Reference::Authority,runAuthorityRegionsAndFramesReference,Source/Reference/Authority/RegionsAndFrames.uv,false,true,false,false,true
def.InnermostActiveRegion,HelloUltraviolet::Reference::Authority,runAuthorityRegionsAndFramesReference,Source/Reference/Authority/RegionsAndFrames.uv,false,true,false,false,true
def.FrameBind,HelloUltraviolet::Reference::Authority,runAuthorityRegionsAndFramesReference,Source/Reference/Authority/RegionsAndFrames.uv,false,true,false,false,true
req.RegionSyntheticIdentifierRestriction,HelloUltraviolet::Reference::Authority,runAuthorityRegionsAndFramesReference,Source/Reference/Authority/RegionsAndFrames.uv,false,true,false,false,true
req.FrameSyntheticIdentifierRestriction,HelloUltraviolet::Reference::Authority,runAuthorityRegionsAndFramesReference,Source/Reference/Authority/RegionsAndFrames.uv,false,true,false,false,true
def.ProvenanceTags,HelloUltraviolet::Reference::Authority,runAuthorityRegionsAndFramesReference,Source/Reference/Authority/RegionsAndFrames.uv,false,true,false,false,true
def.RegionNesting,HelloUltraviolet::Reference::Authority,runAuthorityRegionsAndFramesReference,Source/Reference/Authority/RegionsAndFrames.uv,false,true,false,false,true
def.StrictProvenanceLifetimeOrder,HelloUltraviolet::Reference::Authority,runAuthorityRegionsAndFramesReference,Source/Reference/Authority/RegionsAndFrames.uv,false,true,false,false,true
def.ProvenanceLifetimeOrder,HelloUltraviolet::Reference::Authority,runAuthorityRegionsAndFramesReference,Source/Reference/Authority/RegionsAndFrames.uv,false,true,false,false,true
def.FrameTarget,HelloUltraviolet::Reference::Authority,runAuthorityRegionsAndFramesReference,Source/Reference/Authority/RegionsAndFrames.uv,false,true,false,false,true
def.FrameTargetProvenanceOrder,HelloUltraviolet::Reference::Authority,runAuthorityRegionsAndFramesReference,Source/Reference/Authority/RegionsAndFrames.uv,false,true,false,false,true
def.ProvenanceJoin,HelloUltraviolet::Reference::Authority,runAuthorityRegionsAndFramesReference,Source/Reference/Authority/RegionsAndFrames.uv,false,true,false,false,true
def.JoinAllProvenance,HelloUltraviolet::Reference::Authority,runAuthorityRegionsAndFramesReference,Source/Reference/Authority/RegionsAndFrames.uv,false,true,false,false,true
def.ProvenanceEnvironmentShape,HelloUltraviolet::Audit,acceptedProjectFixturesBuildAndExerciseArtifactObligations,Source/Audit/AcceptedProjectExecution.uv,false,true,false,false,true
def.ProvenanceScopeAccessors,HelloUltraviolet::Reference::Authority,runAuthorityRegionsAndFramesReference,Source/Reference/Authority/RegionsAndFrames.uv,false,true,false,false,true
def.ProvenanceScopeStackOps,HelloUltraviolet::Reference::Authority,runAuthorityRegionsAndFramesReference,Source/Reference/Authority/RegionsAndFrames.uv,false,true,false,false,true
def.ProvenanceLookup,HelloUltraviolet::Reference::Authority,runAuthorityRegionsAndFramesReference,Source/Reference/Authority/RegionsAndFrames.uv,false,true,false,false,true
def.ProvenanceIntro,HelloUltraviolet::Reference::Authority,runAuthorityRegionsAndFramesReference,Source/Reference/Authority/RegionsAndFrames.uv,false,true,false,false,true
def.ProvenanceIntroAll,HelloUltraviolet::Reference::Authority,runAuthorityRegionsAndFramesReference,Source/Reference/Authority/RegionsAndFrames.uv,false,true,false,false,true
def.ParameterProvenanceInitialization,HelloUltraviolet::Reference::Authority,runAuthorityRegionsAndFramesReference,Source/Reference/Authority/RegionsAndFrames.uv,false,true,false,false,true
def.ProvenanceRegionEntryResolution,HelloUltraviolet::Reference::Authority,runAuthorityRegionsAndFramesReference,Source/Reference/Authority/RegionsAndFrames.uv,false,true,false,false,true
def.ProvenanceRegionAliasIntro,HelloUltraviolet::Reference::Authority,runAuthorityRegionsAndFramesReference,Source/Reference/Authority/RegionsAndFrames.uv,false,true,false,false,true
def.FreshRegionTag,HelloUltraviolet::Reference::Authority,runAuthorityRegionsAndFramesReference,Source/Reference/Authority/RegionsAndFrames.uv,false,true,false,false,true
def.AllocationRegionTagSelection,HelloUltraviolet::Reference::Authority,runAuthorityRegionsAndFramesReference,Source/Reference/Authority/RegionsAndFrames.uv,false,true,false,false,true
def.FreshRegionExpression,HelloUltraviolet::Reference::Authority,runAuthorityRegionsAndFramesReference,Source/Reference/Authority/RegionsAndFrames.uv,false,true,false,false,true
def.ProvenanceJudgmentSets,HelloUltraviolet::Reference::Authority,runAuthorityRegionsAndFramesReference,Source/Reference/Authority/RegionsAndFrames.uv,false,true,false,false,true
def.CaseBodyProvenance,HelloUltraviolet::Reference::Authority,runAuthorityRegionsAndFramesReference,Source/Reference/Authority/RegionsAndFrames.uv,false,true,false,false,true
def.CasePatternProvenanceEnvironment,HelloUltraviolet::Audit,acceptedProjectFixturesBuildAndExerciseArtifactObligations,Source/Audit/AcceptedProjectExecution.uv,false,true,false,false,true
def.CaseProvenance,HelloUltraviolet::Reference::Authority,runAuthorityRegionsAndFramesReference,Source/Reference/Authority/RegionsAndFrames.uv,false,true,false,false,true
def.CaseElseProvenance,HelloUltraviolet::Reference::Authority,runAuthorityRegionsAndFramesReference,Source/Reference/Authority/RegionsAndFrames.uv,false,true,false,false,true
rules.ProvenanceChecking,HelloUltraviolet::Reference::Authority,runAuthorityRegionsAndFramesReference,Source/Reference/Authority/RegionsAndFrames.uv,false,true,false,false,true
P-If-Is,HelloUltraviolet::Reference::Authority,runAuthorityRegionsAndFramesReference,Source/Reference/Authority/RegionsAndFrames.uv,false,true,false,false,true
P-If-Cases,HelloUltraviolet::Reference::Authority,runAuthorityRegionsAndFramesReference,Source/Reference/Authority/RegionsAndFrames.uv,false,true,false,false,true
def.ClosureCaptureProvenance,HelloUltraviolet::Reference::Authority,runAuthorityRegionsAndFramesReference,Source/Reference/Authority/RegionsAndFrames.uv,false,true,false,false,true
def.ClosureTargetProvenance,HelloUltraviolet::Reference::Authority,runAuthorityRegionsAndFramesReference,Source/Reference/Authority/RegionsAndFrames.uv,false,true,false,false,true
def.ClosureLocalSharedCaptures,HelloUltraviolet::Reference::Authority,runAuthorityRegionsAndFramesReference,Source/Reference/Authority/RegionsAndFrames.uv,false,true,false,false,true
def.ClosureEscapeCheck,HelloUltraviolet::Reference::Authority,runAuthorityRegionsAndFramesReference,Source/Reference/Authority/RegionsAndFrames.uv,false,true,false,false,true
P-Closure-NonCapturing,HelloUltraviolet::Reference::Authority,runAuthorityRegionsAndFramesReference,Source/Reference/Authority/RegionsAndFrames.uv,false,true,false,false,true
P-Closure-Capturing,HelloUltraviolet::Reference::Authority,runAuthorityRegionsAndFramesReference,Source/Reference/Authority/RegionsAndFrames.uv,false,true,false,false,true
def.FrameProvenance,HelloUltraviolet::Reference::Authority,runAuthorityRegionsAndFramesReference,Source/Reference/Authority/RegionsAndFrames.uv,false,true,false,false,true
def.BreakProvenance,HelloUltraviolet::Reference::Authority,runAuthorityRegionsAndFramesReference,Source/Reference/Authority/RegionsAndFrames.uv,false,true,false,false,true
def.IteratorElementProvenance,HelloUltraviolet::Reference::Authority,runAuthorityRegionsAndFramesReference,Source/Reference/Authority/RegionsAndFrames.uv,false,true,false,false,true
def.InfiniteLoopProvenance,HelloUltraviolet::Reference::Authority,runAuthorityRegionsAndFramesReference,Source/Reference/Authority/RegionsAndFrames.uv,false,true,false,false,true
def.FiniteLoopProvenance,HelloUltraviolet::Reference::Authority,runAuthorityRegionsAndFramesReference,Source/Reference/Authority/RegionsAndFrames.uv,false,true,false,false,true
def.ExtendProvenanceForPattern,HelloUltraviolet::Reference::Authority,runAuthorityRegionsAndFramesReference,Source/Reference/Authority/RegionsAndFrames.uv,false,true,false,false,true
P-Loop-Infinite,HelloUltraviolet::Reference::Authority,runAuthorityRegionsAndFramesReference,Source/Reference/Authority/RegionsAndFrames.uv,false,true,false,false,true
P-Loop-Conditional,HelloUltraviolet::Reference::Authority,runAuthorityRegionsAndFramesReference,Source/Reference/Authority/RegionsAndFrames.uv,false,true,false,false,true
P-Loop-Iter,HelloUltraviolet::Reference::Authority,runAuthorityRegionsAndFramesReference,Source/Reference/Authority/RegionsAndFrames.uv,false,true,false,false,true
def.ProvenanceEscapeHelpers,HelloUltraviolet::Reference::Authority,runAuthorityRegionsAndFramesReference,Source/Reference/Authority/RegionsAndFrames.uv,false,true,false,false,true
req.NoGeneralHeapEscapeConversion,HelloUltraviolet::Reference::Authority,runAuthorityRegionsAndFramesReference,Source/Reference/Authority/RegionsAndFrames.uv,false,true,false,false,true
def.BindingProvenance,HelloUltraviolet::Reference::Authority,runAuthorityRegionsAndFramesReference,Source/Reference/Authority/RegionsAndFrames.uv,false,true,false,false,true
def.StaticBindingProvenance,HelloUltraviolet::Reference::Authority,runAuthorityRegionsAndFramesReference,Source/Reference/Authority/RegionsAndFrames.uv,false,true,false,false,true
def.AssignmentProvenanceEscapeCheck,HelloUltraviolet::Reference::Authority,runAuthorityRegionsAndFramesReference,Source/Reference/Authority/RegionsAndFrames.uv,false,true,false,false,true
def.ProvenanceEscapeJudgmentSet,HelloUltraviolet::Reference::Authority,runAuthorityRegionsAndFramesReference,Source/Reference/Authority/RegionsAndFrames.uv,false,true,false,false,true
req.ProvenanceEscapeCheckPurpose,HelloUltraviolet::Reference::Authority,runAuthorityRegionsAndFramesReference,Source/Reference/Authority/RegionsAndFrames.uv,false,true,false,false,true
def.ScopeEntry,HelloUltraviolet::Reference::Authority,runAuthorityRegionsAndFramesReference,Source/Reference/Authority/RegionsAndFrames.uv,false,true,false,false,true
def.DynamicScopeStack,HelloUltraviolet::Reference::Authority,runAuthorityRegionsAndFramesReference,Source/Reference/Authority/RegionsAndFrames.uv,false,true,false,false,true
def.UpdateScopeStack,HelloUltraviolet::Reference::Authority,runAuthorityRegionsAndFramesReference,Source/Reference/Authority/RegionsAndFrames.uv,false,true,false,false,true
def.RuntimeScopePushPop,HelloUltraviolet::Audit,acceptedProjectFixturesBuildAndExerciseArtifactObligations,Source/Audit/AcceptedProjectExecution.uv,false,true,false,false,true
def.AppendCleanup,HelloUltraviolet::Audit,acceptedProjectFixturesBuildAndExerciseArtifactObligations,Source/Audit/AcceptedProjectExecution.uv,false,true,false,false,true
def.CleanupList,HelloUltraviolet::Audit,acceptedProjectFixturesBuildAndExerciseArtifactObligations,Source/Audit/AcceptedProjectExecution.uv,false,true,false,false,true
def.ScopeById,HelloUltraviolet::Reference::Authority,runAuthorityRegionsAndFramesReference,Source/Reference/Authority/RegionsAndFrames.uv,false,true,false,false,true
def.ReplaceScopeById,HelloUltraviolet::Reference::Authority,runAuthorityRegionsAndFramesReference,Source/Reference/Authority/RegionsAndFrames.uv,false,true,false,false,true
def.SetCleanupList,HelloUltraviolet::Audit,acceptedProjectFixturesBuildAndExerciseArtifactObligations,Source/Audit/AcceptedProjectExecution.uv,false,true,false,false,true
def.PoisonedModule,HelloUltraviolet::Audit,acceptedProjectFixturesBuildAndExerciseArtifactObligations,Source/Audit/AcceptedProjectExecution.uv,false,true,false,false,true
req.HostedSessionPoisonFlagLocalization,HelloUltraviolet::Audit,acceptedProjectFixturesBuildAndExerciseArtifactObligations,Source/Audit/AcceptedProjectExecution.uv,false,true,false,false,true
def.PoisonedModules,HelloUltraviolet::Audit,acceptedProjectFixturesBuildAndExerciseArtifactObligations,Source/Audit/AcceptedProjectExecution.uv,false,true,false,false,true
def.RuntimeBindingIdentityAndValue,HelloUltraviolet::Audit,acceptedProjectFixturesBuildAndExerciseArtifactObligations,Source/Audit/AcceptedProjectExecution.uv,false,true,false,false,true
def.FreshBindId,HelloUltraviolet::Reference::Authority,runAuthorityRegionsAndFramesReference,Source/Reference/Authority/RegionsAndFrames.uv,false,true,false,false,true
def.Last,HelloUltraviolet::Reference::Authority,runAuthorityRegionsAndFramesReference,Source/Reference/Authority/RegionsAndFrames.uv,false,true,false,false,true
def.NearestScope,HelloUltraviolet::Reference::Authority,runAuthorityRegionsAndFramesReference,Source/Reference/Authority/RegionsAndFrames.uv,false,true,false,false,true
def.LookupBind,HelloUltraviolet::Reference::Authority,runAuthorityRegionsAndFramesReference,Source/Reference/Authority/RegionsAndFrames.uv,false,true,false,false,true
def.RuntimeBindingValueLookup,HelloUltraviolet::Audit,acceptedProjectFixturesBuildAndExerciseArtifactObligations,Source/Audit/AcceptedProjectExecution.uv,false,true,false,false,true
def.RuntimeBindingStateLookup,HelloUltraviolet::Audit,acceptedProjectFixturesBuildAndExerciseArtifactObligations,Source/Audit/AcceptedProjectExecution.uv,false,true,false,false,true
LookupVal-Bind-Value,HelloUltraviolet::Reference::Authority,runAuthorityRegionsAndFramesReference,Source/Reference/Authority/RegionsAndFrames.uv,false,true,false,false,true
LookupVal-Bind-Alias,HelloUltraviolet::Reference::Authority,runAuthorityRegionsAndFramesReference,Source/Reference/Authority/RegionsAndFrames.uv,false,true,false,false,true
LookupVal-Path,HelloUltraviolet::Reference::Authority,runAuthorityRegionsAndFramesReference,Source/Reference/Authority/RegionsAndFrames.uv,false,true,false,false,true
LookupValPath-Builtin,HelloUltraviolet::Reference::Authority,runAuthorityRegionsAndFramesReference,Source/Reference/Authority/RegionsAndFrames.uv,false,true,false,false,true
LookupValPath-Static,HelloUltraviolet::Reference::Authority,runAuthorityRegionsAndFramesReference,Source/Reference/Authority/RegionsAndFrames.uv,false,true,false,false,true
LookupValPath-Proc,HelloUltraviolet::Reference::Authority,runAuthorityRegionsAndFramesReference,Source/Reference/Authority/RegionsAndFrames.uv,false,true,false,false,true
LookupValPath-RecordCtor,HelloUltraviolet::Reference::Authority,runAuthorityRegionsAndFramesReference,Source/Reference/Authority/RegionsAndFrames.uv,false,true,false,false,true
def.ScopeValueAndStateUpdate,HelloUltraviolet::Reference::Authority,runAuthorityRegionsAndFramesReference,Source/Reference/Authority/RegionsAndFrames.uv,false,true,false,false,true
def.UpdateRuntimeBindingValue,HelloUltraviolet::Audit,acceptedProjectFixturesBuildAndExerciseArtifactObligations,Source/Audit/AcceptedProjectExecution.uv,false,true,false,false,true
def.SetRuntimeBindingState,HelloUltraviolet::Audit,acceptedProjectFixturesBuildAndExerciseArtifactObligations,Source/Audit/AcceptedProjectExecution.uv,false,true,false,false,true
def.RuntimeBindingTypeAndInfo,HelloUltraviolet::Audit,acceptedProjectFixturesBuildAndExerciseArtifactObligations,Source/Audit/AcceptedProjectExecution.uv,false,true,false,false,true
def.BindRuntimeValue,HelloUltraviolet::Audit,acceptedProjectFixturesBuildAndExerciseArtifactObligations,Source/Audit/AcceptedProjectExecution.uv,false,true,false,false,true
def.BindPatternValue,HelloUltraviolet::Reference::Authority,runAuthorityRegionsAndFramesReference,Source/Reference/Authority/RegionsAndFrames.uv,false,true,false,false,true
def.PatternBindingOrder,HelloUltraviolet::Reference::Authority,runAuthorityRegionsAndFramesReference,Source/Reference/Authority/RegionsAndFrames.uv,false,true,false,false,true
def.BindRuntimeList,HelloUltraviolet::Audit,acceptedProjectFixturesBuildAndExerciseArtifactObligations,Source/Audit/AcceptedProjectExecution.uv,false,true,false,false,true
def.BindPattern,HelloUltraviolet::Reference::Authority,runAuthorityRegionsAndFramesReference,Source/Reference/Authority/RegionsAndFrames.uv,false,true,false,false,true
def.RuntimeRegionEntry,HelloUltraviolet::Audit,artifactProjectRuntimeInterfaceSymbolsExercise,Source/Audit/RuntimeInterfaceArtifactExecution.uv,false,true,false,false,true
def.RuntimeAddressTags,HelloUltraviolet::Audit,artifactProjectRuntimeInterfaceSymbolsExercise,Source/Audit/RuntimeInterfaceArtifactExecution.uv,false,true,false,false,true
def.RuntimeRegionStack,HelloUltraviolet::Audit,artifactProjectRuntimeInterfaceSymbolsExercise,Source/Audit/RuntimeInterfaceArtifactExecution.uv,false,true,false,false,true
def.RegionArena,HelloUltraviolet::Reference::Authority,runAuthorityRegionsAndFramesReference,Source/Reference/Authority/RegionsAndFrames.uv,false,true,false,false,true
def.UpdateRegionArena,HelloUltraviolet::Reference::Authority,runAuthorityRegionsAndFramesReference,Source/Reference/Authority/RegionsAndFrames.uv,false,true,false,false,true
def.ArenaNew,HelloUltraviolet::Reference::Authority,runAuthorityRegionsAndFramesReference,Source/Reference/Authority/RegionsAndFrames.uv,false,true,false,false,true
def.FreshRuntimeAddress,HelloUltraviolet::Audit,artifactProjectRuntimeInterfaceSymbolsExercise,Source/Audit/RuntimeInterfaceArtifactExecution.uv,false,true,false,false,true
def.Prefix,HelloUltraviolet::Reference::Authority,runAuthorityRegionsAndFramesReference,Source/Reference/Authority/RegionsAndFrames.uv,false,true,false,false,true
def.ArenaAppend,HelloUltraviolet::Reference::Authority,runAuthorityRegionsAndFramesReference,Source/Reference/Authority/RegionsAndFrames.uv,false,true,false,false,true
def.ArenaMark,HelloUltraviolet::Reference::Authority,runAuthorityRegionsAndFramesReference,Source/Reference/Authority/RegionsAndFrames.uv,false,true,false,false,true
def.ArenaResetTo,HelloUltraviolet::Reference::Authority,runAuthorityRegionsAndFramesReference,Source/Reference/Authority/RegionsAndFrames.uv,false,true,false,false,true
def.ArenaClear,HelloUltraviolet::Reference::Authority,runAuthorityRegionsAndFramesReference,Source/Reference/Authority/RegionsAndFrames.uv,false,true,false,false,true
def.ArenaRemove,HelloUltraviolet::Reference::Authority,runAuthorityRegionsAndFramesReference,Source/Reference/Authority/RegionsAndFrames.uv,false,true,false,false,true
def.RegionValue,HelloUltraviolet::Reference::Authority,runAuthorityRegionsAndFramesReference,Source/Reference/Authority/RegionsAndFrames.uv,false,true,false,false,true
def.ResolveRuntimeRegionEntry,HelloUltraviolet::Audit,artifactProjectRuntimeInterfaceSymbolsExercise,Source/Audit/RuntimeInterfaceArtifactExecution.uv,false,true,false,false,true
def.ActiveRuntimeRegion,HelloUltraviolet::Audit,artifactProjectRuntimeInterfaceSymbolsExercise,Source/Audit/RuntimeInterfaceArtifactExecution.uv,false,true,false,false,true
def.ResolveRuntimeRegionTargetAndTag,HelloUltraviolet::Audit,artifactProjectRuntimeInterfaceSymbolsExercise,Source/Audit/RuntimeInterfaceArtifactExecution.uv,false,true,false,false,true
def.FreshRuntimeRegionTagAndArena,HelloUltraviolet::Audit,artifactProjectRuntimeInterfaceSymbolsExercise,Source/Audit/RuntimeInterfaceArtifactExecution.uv,false,true,false,false,true
def.UpdateRegionStack,HelloUltraviolet::Reference::Authority,runAuthorityRegionsAndFramesReference,Source/Reference/Authority/RegionsAndFrames.uv,false,true,false,false,true
def.RegionNew,HelloUltraviolet::Reference::Authority,runAuthorityRegionsAndFramesReference,Source/Reference/Authority/RegionsAndFrames.uv,false,true,false,false,true
def.RegionOpen,HelloUltraviolet::Reference::Authority,runAuthorityRegionsAndFramesReference,Source/Reference/Authority/RegionsAndFrames.uv,false,true,false,false,true
def.FrameEnter,HelloUltraviolet::Reference::Authority,runAuthorityRegionsAndFramesReference,Source/Reference/Authority/RegionsAndFrames.uv,false,true,false,false,true
def.BindRegionAlias,HelloUltraviolet::Reference::Authority,runAuthorityRegionsAndFramesReference,Source/Reference/Authority/RegionsAndFrames.uv,false,true,false,false,true
def.TagAddr,HelloUltraviolet::Reference::Authority,runAuthorityRegionsAndFramesReference,Source/Reference/Authority/RegionsAndFrames.uv,false,true,false,false,true
def.TagAddrFrom,HelloUltraviolet::Reference::Authority,runAuthorityRegionsAndFramesReference,Source/Reference/Authority/RegionsAndFrames.uv,false,true,false,false,true
def.RegionAlloc,HelloUltraviolet::Reference::Authority,runAuthorityRegionsAndFramesReference,Source/Reference/Authority/RegionsAndFrames.uv,false,true,false,false,true
def.FreshRuntimeRegionTags,HelloUltraviolet::Audit,artifactProjectRuntimeInterfaceSymbolsExercise,Source/Audit/RuntimeInterfaceArtifactExecution.uv,false,true,false,false,true
def.RetagRegions,HelloUltraviolet::Reference::Authority,runAuthorityRegionsAndFramesReference,Source/Reference/Authority/RegionsAndFrames.uv,false,true,false,false,true
def.RegionReset,HelloUltraviolet::Reference::Authority,runAuthorityRegionsAndFramesReference,Source/Reference/Authority/RegionsAndFrames.uv,false,true,false,false,true
def.PopRegions,HelloUltraviolet::Reference::Authority,runAuthorityRegionsAndFramesReference,Source/Reference/Authority/RegionsAndFrames.uv,false,true,false,false,true
def.RegionFree,HelloUltraviolet::Reference::Authority,runAuthorityRegionsAndFramesReference,Source/Reference/Authority/RegionsAndFrames.uv,false,true,false,false,true
def.FrameMark,HelloUltraviolet::Reference::Authority,runAuthorityRegionsAndFramesReference,Source/Reference/Authority/RegionsAndFrames.uv,false,true,false,false,true
def.PopRegionScope,HelloUltraviolet::Reference::Authority,runAuthorityRegionsAndFramesReference,Source/Reference/Authority/RegionsAndFrames.uv,false,true,false,false,true
def.ReleaseArena,HelloUltraviolet::Reference::Authority,runAuthorityRegionsAndFramesReference,Source/Reference/Authority/RegionsAndFrames.uv,false,true,false,false,true
def.ResetArena,HelloUltraviolet::Reference::Authority,runAuthorityRegionsAndFramesReference,Source/Reference/Authority/RegionsAndFrames.uv,false,true,false,false,true
req.RegionRuntimeOwnershipBoundary,HelloUltraviolet::Audit,artifactProjectRuntimeInterfaceSymbolsExercise,Source/Audit/RuntimeInterfaceArtifactExecution.uv,false,true,false,false,true
req.RegionReleaseCleanupBeforeArenaReclaim,HelloUltraviolet::Audit,artifactProjectRuntimeInterfaceSymbolsExercise,Source/Audit/RuntimeInterfaceArtifactExecution.uv,false,true,false,false,true
req.ArenaReclaimNoDrop,HelloUltraviolet::Reference::Authority,runAuthorityRegionsAndFramesReference,Source/Reference/Authority/RegionsAndFrames.uv,false,true,false,false,true
def.RegionProcedureJudgements,HelloUltraviolet::Reference::Authority,runAuthorityRegionsAndFramesReference,Source/Reference/Authority/RegionsAndFrames.uv,false,true,false,false,true
Region-New-Scoped,HelloUltraviolet::Reference::Authority,runAuthorityRegionsAndFramesReference,Source/Reference/Authority/RegionsAndFrames.uv,false,true,false,false,true
Region-Alloc-Proc,HelloUltraviolet::Reference::Authority,runAuthorityRegionsAndFramesReference,Source/Reference/Authority/RegionsAndFrames.uv,false,true,false,false,true
Region-Reset-Proc,HelloUltraviolet::Reference::Authority,runAuthorityRegionsAndFramesReference,Source/Reference/Authority/RegionsAndFrames.uv,false,true,false,false,true
Region-Freeze-Proc,HelloUltraviolet::Reference::Authority,runAuthorityRegionsAndFramesReference,Source/Reference/Authority/RegionsAndFrames.uv,false,true,false,false,true
Region-Thaw-Proc,HelloUltraviolet::Reference::Authority,runAuthorityRegionsAndFramesReference,Source/Reference/Authority/RegionsAndFrames.uv,false,true,false,false,true
Region-Free-Proc,HelloUltraviolet::Reference::Authority,runAuthorityRegionsAndFramesReference,Source/Reference/Authority/RegionsAndFrames.uv,false,true,false,false,true
def.BlockEnter,HelloUltraviolet::Reference::Authority,runAuthorityRegionsAndFramesReference,Source/Reference/Authority/RegionsAndFrames.uv,false,true,false,false,true
def.ScalarRuntimeValues,HelloUltraviolet::Audit,artifactProjectRuntimeInterfaceSymbolsExercise,Source/Audit/RuntimeInterfaceArtifactExecution.uv,false,true,false,false,true
def.PointerRuntimeValues,HelloUltraviolet::Audit,artifactProjectRuntimeInterfaceSymbolsExercise,Source/Audit/RuntimeInterfaceArtifactExecution.uv,false,true,false,false,true
def.AggregateRuntimeValues,HelloUltraviolet::Audit,artifactProjectRuntimeInterfaceSymbolsExercise,Source/Audit/RuntimeInterfaceArtifactExecution.uv,false,true,false,false,true
def.RuntimeValueDomain,HelloUltraviolet::Audit,artifactProjectRuntimeInterfaceSymbolsExercise,Source/Audit/RuntimeInterfaceArtifactExecution.uv,false,true,false,false,true
def.TupleValueOperations,HelloUltraviolet::Reference::Authority,runAuthorityRegionsAndFramesReference,Source/Reference/Authority/RegionsAndFrames.uv,false,true,false,false,true
def.RecordFieldValueOperations,HelloUltraviolet::Reference::Authority,runAuthorityRegionsAndFramesReference,Source/Reference/Authority/RegionsAndFrames.uv,false,true,false,false,true
def.IndexAndSliceValueOperations,HelloUltraviolet::Reference::Authority,runAuthorityRegionsAndFramesReference,Source/Reference/Authority/RegionsAndFrames.uv,false,true,false,false,true
def.AddressPrimitiveJudgments,HelloUltraviolet::Reference::Authority,runAuthorityRegionsAndFramesReference,Source/Reference/Authority/RegionsAndFrames.uv,false,true,false,false,true
def.AddressArithmetic,HelloUltraviolet::Reference::Authority,runAuthorityRegionsAndFramesReference,Source/Reference/Authority/RegionsAndFrames.uv,false,true,false,false,true
def.ElementType,HelloUltraviolet::Reference::Authority,runAuthorityRegionsAndFramesReference,Source/Reference/Authority/RegionsAndFrames.uv,false,true,false,false,true
def.AggregateAddressCalculation,HelloUltraviolet::Reference::Authority,runAuthorityRegionsAndFramesReference,Source/Reference/Authority/RegionsAndFrames.uv,false,true,false,false,true
def.PointerStateAndAddress,HelloUltraviolet::Reference::Authority,runAuthorityRegionsAndFramesReference,Source/Reference/Authority/RegionsAndFrames.uv,false,true,false,false,true
def.BindingAddresses,HelloUltraviolet::Reference::Authority,runAuthorityRegionsAndFramesReference,Source/Reference/Authority/RegionsAndFrames.uv,false,true,false,false,true
def.RuntimeAddressTagLookup,HelloUltraviolet::Audit,artifactProjectRuntimeInterfaceSymbolsExercise,Source/Audit/RuntimeInterfaceArtifactExecution.uv,false,true,false,false,true
def.RuntimeTagActive,HelloUltraviolet::Audit,artifactProjectRuntimeInterfaceSymbolsExercise,Source/Audit/RuntimeInterfaceArtifactExecution.uv,false,true,false,false,true
def.DynamicAddressState,HelloUltraviolet::Reference::Authority,runAuthorityRegionsAndFramesReference,Source/Reference/Authority/RegionsAndFrames.uv,false,true,false,false,true
def.ScopeKeyConstraint,HelloUltraviolet::Reference::Names,runNamesQualifiedResolutionReference,Source/Reference/Names/QualifiedResolution.uv,false,true,false,false,true
def.GlobalResolutionTables,HelloUltraviolet::Reference::Names,runNamesQualifiedResolutionReference,Source/Reference/Names/QualifiedResolution.uv,false,true,false,false,true
def.ResolutionContext,HelloUltraviolet::Reference::Names,runNamesQualifiedResolutionReference,Source/Reference/Names/QualifiedResolution.uv,false,true,false,false,true
def.ResolutionEntity,HelloUltraviolet::Reference::Names,runNamesQualifiedResolutionReference,Source/Reference/Names/QualifiedResolution.uv,false,true,false,false,true
def.ResolutionScope,HelloUltraviolet::Reference::Names,runNamesQualifiedResolutionReference,Source/Reference/Names/QualifiedResolution.uv,false,true,false,false,true
def.ResolutionScopeStack,HelloUltraviolet::Reference::Names,runNamesQualifiedResolutionReference,Source/Reference/Names/QualifiedResolution.uv,false,true,false,false,true
def.UniverseBindings,HelloUltraviolet::Reference::Names,runNamesQualifiedResolutionReference,Source/Reference/Names/QualifiedResolution.uv,false,true,false,false,true
def.BytePrefix,HelloUltraviolet::Reference::Names,runNamesQualifiedResolutionReference,Source/Reference/Names/QualifiedResolution.uv,false,true,false,false,true
def.ReservedIdentifiers,HelloUltraviolet::Reference::Names,runNamesQualifiedResolutionReference,Source/Reference/Names/QualifiedResolution.uv,false,true,false,false,true
def.ReservedModulePath,HelloUltraviolet::Reference::Names,runNamesQualifiedResolutionReference,Source/Reference/Names/QualifiedResolution.uv,false,true,false,false,true
def.BuiltinTypeNameSets,HelloUltraviolet::Reference::Names,runNamesQualifiedResolutionReference,Source/Reference/Names/QualifiedResolution.uv,false,true,false,false,true
req.PredicateNameUniverseReservation,HelloUltraviolet::Reference::Names,runNamesQualifiedResolutionReference,Source/Reference/Names/QualifiedResolution.uv,false,true,false,false,true
def.NameResolutionKeywordKeys,HelloUltraviolet::Reference::Names,runNamesQualifiedResolutionReference,Source/Reference/Names/QualifiedResolution.uv,false,true,false,false,true
def.ScopeDomain,HelloUltraviolet::Reference::Names,runNamesQualifiedResolutionReference,Source/Reference/Names/QualifiedResolution.uv,false,true,false,false,true
def.NameIntroductionScopeSequence,HelloUltraviolet::Reference::Names,runNamesQualifiedResolutionReference,Source/Reference/Names/QualifiedResolution.uv,false,true,false,false,true
def.InScope,HelloUltraviolet::Reference::Names,runNamesQualifiedResolutionReference,Source/Reference/Names/QualifiedResolution.uv,false,true,false,false,true
def.InOuter,HelloUltraviolet::Reference::Names,runNamesQualifiedResolutionReference,Source/Reference/Names/QualifiedResolution.uv,false,true,false,false,true
Intro-Ok,HelloUltraviolet::Reference::Names,runNamesQualifiedResolutionReference,Source/Reference/Names/QualifiedResolution.uv,false,true,false,false,true
req.IntroRulePriority,HelloUltraviolet::Reference::Names,runNamesQualifiedResolutionReference,Source/Reference/Names/QualifiedResolution.uv,false,true,false,false,true
def.UsingAlias,HelloUltraviolet::Reference::Names,runNamesUsingDeclarationsReference,Source/Reference/Names/UsingDeclarations.uv,false,true,false,false,true
Using-Alias-Ok,HelloUltraviolet::Reference::Names,runNamesUsingDeclarationsReference,Source/Reference/Names/UsingDeclarations.uv,false,true,false,false,true
Using-Alias-Unresolved,HelloUltraviolet::Reference::Names,runNamesUsingDeclarationsReference,Source/Reference/Names/UsingDeclarations.uv,false,true,false,false,true
Using-Alias-Dup,HelloUltraviolet::Reference::Names,runNamesUsingDeclarationsReference,Source/Reference/Names/UsingDeclarations.uv,false,true,false,false,true
Using-Alias-Reserved,HelloUltraviolet::Reference::Names,runNamesUsingDeclarationsReference,Source/Reference/Names/UsingDeclarations.uv,false,true,false,false,true
req.UsingAliasRulePriority,HelloUltraviolet::Reference::Names,runNamesUsingDeclarationsReference,Source/Reference/Names/UsingDeclarations.uv,false,true,false,false,true
def.ModuleNameValidationHelpers,HelloUltraviolet::Reference::Names,runNamesQualifiedResolutionReference,Source/Reference/Names/QualifiedResolution.uv,false,true,false,false,true
Validate-Module-Ok,HelloUltraviolet::Reference::Names,runNamesQualifiedResolutionReference,Source/Reference/Names/QualifiedResolution.uv,false,true,false,false,true
req.UniverseScopeReuseHandledByIntro,HelloUltraviolet::Reference::Names,runNamesQualifiedResolutionReference,Source/Reference/Names/QualifiedResolution.uv,false,true,false,false,true
def.LookupScopeSequence,HelloUltraviolet::Reference::Names,runNamesQualifiedResolutionReference,Source/Reference/Names/QualifiedResolution.uv,false,true,false,false,true
def.LookupNearestScopeIndex,HelloUltraviolet::Reference::Names,runNamesQualifiedResolutionReference,Source/Reference/Names/QualifiedResolution.uv,false,true,false,false,true
Lookup-Unqualified,HelloUltraviolet::Reference::Names,runNamesQualifiedResolutionReference,Source/Reference/Names/QualifiedResolution.uv,false,true,false,false,true
def.EntityKindPredicates,HelloUltraviolet::Reference::Names,runNamesQualifiedResolutionReference,Source/Reference/Names/QualifiedResolution.uv,false,true,false,false,true
def.RegionAliasName,HelloUltraviolet::Reference::Names,runNamesQualifiedResolutionReference,Source/Reference/Names/QualifiedResolution.uv,false,true,false,false,true
Resolve-Value-Name,HelloUltraviolet::Reference::Names,runNamesQualifiedResolutionReference,Source/Reference/Names/QualifiedResolution.uv,false,true,false,false,true
Resolve-Type-Name,HelloUltraviolet::Reference::Names,runNamesQualifiedResolutionReference,Source/Reference/Names/QualifiedResolution.uv,false,true,false,false,true
Resolve-Class-Name,HelloUltraviolet::Reference::Names,runNamesQualifiedResolutionReference,Source/Reference/Names/QualifiedResolution.uv,false,true,false,false,true
Resolve-Module-Name,HelloUltraviolet::Reference::Names,runNamesQualifiedResolutionReference,Source/Reference/Names/QualifiedResolution.uv,false,true,false,false,true
def.QualifiedResolutionProjectInput,HelloUltraviolet::Reference::Names,runNamesQualifiedResolutionReference,Source/Reference/Names/QualifiedResolution.uv,false,true,false,false,true
def.QualifiedResolutionCurrentModule,HelloUltraviolet::Reference::Names,runNamesQualifiedResolutionReference,Source/Reference/Names/QualifiedResolution.uv,false,true,false,false,true
def.QualifiedResolutionVisibleModules,HelloUltraviolet::Reference::Names,runNamesQualifiedResolutionReference,Source/Reference/Names/QualifiedResolution.uv,false,true,false,false,true
def.QualifiedResolutionAliasMap,HelloUltraviolet::Reference::Names,runNamesQualifiedResolutionReference,Source/Reference/Names/QualifiedResolution.uv,false,true,false,false,true
def.QualifiedResolutionKindDomain,HelloUltraviolet::Reference::Names,runNamesQualifiedResolutionReference,Source/Reference/Names/QualifiedResolution.uv,false,true,false,false,true
req.ModuleVisibilityJudgementOwnership,HelloUltraviolet::Reference::Names,runNamesQualifiedResolutionReference,Source/Reference/Names/QualifiedResolution.uv,false,true,false,false,true
req.ResolveModulePathCanonicalOwner,HelloUltraviolet::Reference::Names,runNamesQualifiedResolutionReference,Source/Reference/Names/QualifiedResolution.uv,false,true,false,false,true
Resolve-Qualified,HelloUltraviolet::Reference::Names,runNamesQualifiedResolutionReference,Source/Reference/Names/QualifiedResolution.uv,false,true,false,false,true
def.DeclOfModuleItem,HelloUltraviolet::Reference::Names,runNamesVisibilityReference,Source/Reference/Names/Visibility.uv,false,true,false,false,true
def.DeclOfExternProc,HelloUltraviolet::Reference::Names,runNamesVisibilityReference,Source/Reference/Names/Visibility.uv,false,true,false,false,true
def.ModuleOfItem,HelloUltraviolet::Reference::Names,runNamesVisibilityReference,Source/Reference/Names/Visibility.uv,false,true,false,false,true
def.ModuleOfExternProc,HelloUltraviolet::Reference::Names,runNamesVisibilityReference,Source/Reference/Names/Visibility.uv,false,true,false,false,true
def.ExternBlockOfProc,HelloUltraviolet::Reference::Names,runNamesVisibilityReference,Source/Reference/Names/Visibility.uv,false,true,false,false,true
def.ExternProcName,HelloUltraviolet::Reference::Names,runNamesVisibilityReference,Source/Reference/Names/Visibility.uv,false,true,false,false,true
def.VisibilityOfDeclaration,HelloUltraviolet::Reference::Names,runNamesVisibilityReference,Source/Reference/Names/Visibility.uv,false,true,false,false,true
def.SameAssembly,HelloUltraviolet::Reference::Names,runNamesVisibilityReference,Source/Reference/Names/Visibility.uv,false,true,false,false,true
Access-Public,HelloUltraviolet::Reference::Names,runNamesVisibilityReference,Source/Reference/Names/Visibility.uv,false,true,false,false,true
Access-Internal,HelloUltraviolet::Reference::Names,runNamesVisibilityReference,Source/Reference/Names/Visibility.uv,false,true,false,false,true
Access-Private,HelloUltraviolet::Reference::Names,runNamesVisibilityReference,Source/Reference/Names/Visibility.uv,false,true,false,false,true
def.TopLevelDeclarationPredicate,HelloUltraviolet::Reference::Names,runNamesVisibilityReference,Source/Reference/Names/Visibility.uv,false,true,false,false,true
TopLevelVis-Ok,HelloUltraviolet::Reference::Names,runNamesVisibilityReference,Source/Reference/Names/Visibility.uv,false,true,false,false,true
prop.CollectNamesOrderIndependence,HelloUltraviolet::Reference::Names,runNamesQualifiedResolutionReference,Source/Reference/Names/QualifiedResolution.uv,false,true,false,false,true
def.BindingKindDomain,HelloUltraviolet::Reference::Names,runNamesQualifiedResolutionReference,Source/Reference/Names/QualifiedResolution.uv,false,true,false,false,true
def.BindingSourceDomain,HelloUltraviolet::Reference::Names,runNamesQualifiedResolutionReference,Source/Reference/Names/QualifiedResolution.uv,false,true,false,false,true
def.NameInfoShape,HelloUltraviolet::Reference::Names,runNamesQualifiedResolutionReference,Source/Reference/Names/QualifiedResolution.uv,false,true,false,false,true
def.ModuleNameMap,HelloUltraviolet::Reference::Names,runNamesImportsReference,Source/Reference/Names/Imports.uv,false,true,false,false,true
def.AliasMap,HelloUltraviolet::Reference::Names,runNamesImportsReference,Source/Reference/Names/Imports.uv,false,true,false,false,true
def.UsingMap,HelloUltraviolet::Reference::Names,runNamesUsingDeclarationsReference,Source/Reference/Names/UsingDeclarations.uv,false,true,false,false,true
def.UsingValueMap,HelloUltraviolet::Reference::Names,runNamesUsingDeclarationsReference,Source/Reference/Names/UsingDeclarations.uv,false,true,false,false,true
def.UsingTypeMap,HelloUltraviolet::Reference::Names,runNamesUsingDeclarationsReference,Source/Reference/Names/UsingDeclarations.uv,false,true,false,false,true
def.TypeMap,HelloUltraviolet::Reference::Names,runNamesQualifiedResolutionReference,Source/Reference/Names/QualifiedResolution.uv,false,true,false,false,true
def.ClassMap,HelloUltraviolet::Reference::Names,runNamesQualifiedResolutionReference,Source/Reference/Names/QualifiedResolution.uv,false,true,false,false,true
PatNames-IdentifierPattern,HelloUltraviolet::Reference::Names,runNamesQualifiedResolutionReference,Source/Reference/Names/QualifiedResolution.uv,false,true,false,false,true
PatNames-WildcardPattern,HelloUltraviolet::Reference::Names,runNamesQualifiedResolutionReference,Source/Reference/Names/QualifiedResolution.uv,false,true,false,false,true
PatNames-LiteralPattern,HelloUltraviolet::Reference::Names,runNamesQualifiedResolutionReference,Source/Reference/Names/QualifiedResolution.uv,false,true,false,false,true
PatNames-TypedPattern-Discard,HelloUltraviolet::Reference::Patterns,runPatternsBasicPatternsReference,Source/Reference/Patterns/BasicPatterns.uv,false,true,false,false,true
PatNames-TypedPattern-Identifier,HelloUltraviolet::Reference::Patterns,runPatternsBasicPatternsReference,Source/Reference/Patterns/BasicPatterns.uv,false,true,false,false,true
PatNames-TuplePattern,HelloUltraviolet::Reference::Names,runNamesQualifiedResolutionReference,Source/Reference/Names/QualifiedResolution.uv,false,true,false,false,true
PatNames-RecordFieldPattern,HelloUltraviolet::Reference::Names,runNamesQualifiedResolutionReference,Source/Reference/Names/QualifiedResolution.uv,false,true,false,false,true
PatNames-RecordFieldShorthand,HelloUltraviolet::Reference::Names,runNamesQualifiedResolutionReference,Source/Reference/Names/QualifiedResolution.uv,false,true,false,false,true
PatNames-RecordPattern,HelloUltraviolet::Reference::Names,runNamesQualifiedResolutionReference,Source/Reference/Names/QualifiedResolution.uv,false,true,false,false,true
PatNames-EnumNoPayload,HelloUltraviolet::Reference::Names,runNamesQualifiedResolutionReference,Source/Reference/Names/QualifiedResolution.uv,false,true,false,false,true
PatNames-EnumTuplePayload,HelloUltraviolet::Reference::Names,runNamesQualifiedResolutionReference,Source/Reference/Names/QualifiedResolution.uv,false,true,false,false,true
PatNames-EnumRecordPayload,HelloUltraviolet::Reference::Names,runNamesQualifiedResolutionReference,Source/Reference/Names/QualifiedResolution.uv,false,true,false,false,true
PatNames-RangePattern,HelloUltraviolet::Reference::Names,runNamesQualifiedResolutionReference,Source/Reference/Names/QualifiedResolution.uv,false,true,false,false,true
def.AllModuleNames,HelloUltraviolet::Reference::Names,runNamesImportsReference,Source/Reference/Names/Imports.uv,false,true,false,false,true
def.VisibleModuleNames,HelloUltraviolet::Reference::Names,runNamesImportsReference,Source/Reference/Names/Imports.uv,false,true,false,false,true
def.LastPathComponent,HelloUltraviolet::Reference::Names,runNamesImportsReference,Source/Reference/Names/Imports.uv,false,true,false,false,true
def.IsModulePath,HelloUltraviolet::Reference::Names,runNamesImportsReference,Source/Reference/Names/Imports.uv,false,true,false,false,true
def.SplitLastPathComponent,HelloUltraviolet::Reference::Names,runNamesImportsReference,Source/Reference/Names/Imports.uv,false,true,false,false,true
def.ModuleByPath,HelloUltraviolet::Reference::Names,runNamesImportsReference,Source/Reference/Names/Imports.uv,false,true,false,false,true
def.ItemNames,HelloUltraviolet::Reference::Names,runNamesQualifiedResolutionReference,Source/Reference/Names/QualifiedResolution.uv,false,true,false,false,true
def.UsingSpecName,HelloUltraviolet::Reference::Names,runNamesUsingDeclarationsReference,Source/Reference/Names/UsingDeclarations.uv,false,true,false,false,true
def.UsingSpecNames,HelloUltraviolet::Reference::Names,runNamesUsingDeclarationsReference,Source/Reference/Names/UsingDeclarations.uv,false,true,false,false,true
DeclNames-Empty,HelloUltraviolet::Reference::Names,runNamesQualifiedResolutionReference,Source/Reference/Names/QualifiedResolution.uv,false,true,false,false,true
DeclNames-Using,HelloUltraviolet::Reference::Names,runNamesUsingDeclarationsReference,Source/Reference/Names/UsingDeclarations.uv,false,true,false,false,true
DeclNames-Item,HelloUltraviolet::Reference::Names,runNamesQualifiedResolutionReference,Source/Reference/Names/QualifiedResolution.uv,false,true,false,false,true
def.ModuleDeclNames,HelloUltraviolet::Reference::Names,runNamesQualifiedResolutionReference,Source/Reference/Names/QualifiedResolution.uv,false,true,false,false,true
req.ImportUsingJudgementCanonicalOwner,HelloUltraviolet::Reference::Names,runNamesQualifiedResolutionReference,Source/Reference/Names/QualifiedResolution.uv,false,true,false,false,true
Bind-Procedure,HelloUltraviolet::Reference::Names,runNamesQualifiedResolutionReference,Source/Reference/Names/QualifiedResolution.uv,false,true,false,false,true
Bind-ExternBlock,HelloUltraviolet::Reference::Names,runNamesQualifiedResolutionReference,Source/Reference/Names/QualifiedResolution.uv,false,true,false,false,true
Bind-Record,HelloUltraviolet::Reference::Names,runNamesQualifiedResolutionReference,Source/Reference/Names/QualifiedResolution.uv,false,true,false,false,true
Bind-Enum,HelloUltraviolet::Reference::Names,runNamesQualifiedResolutionReference,Source/Reference/Names/QualifiedResolution.uv,false,true,false,false,true
Bind-Class,HelloUltraviolet::Reference::Names,runNamesQualifiedResolutionReference,Source/Reference/Names/QualifiedResolution.uv,false,true,false,false,true
Bind-TypeAlias,HelloUltraviolet::Reference::Names,runNamesQualifiedResolutionReference,Source/Reference/Names/QualifiedResolution.uv,false,true,false,false,true
Bind-Static,HelloUltraviolet::Reference::Names,runNamesQualifiedResolutionReference,Source/Reference/Names/QualifiedResolution.uv,false,true,false,false,true
Bind-Import,HelloUltraviolet::Reference::Names,runNamesQualifiedResolutionReference,Source/Reference/Names/QualifiedResolution.uv,false,true,false,false,true
Bind-Using,HelloUltraviolet::Reference::Names,runNamesQualifiedResolutionReference,Source/Reference/Names/QualifiedResolution.uv,false,true,false,false,true
Collect-Ok,HelloUltraviolet::Reference::Names,runNamesQualifiedResolutionReference,Source/Reference/Names/QualifiedResolution.uv,false,true,false,false,true
Collect-Scan,HelloUltraviolet::Reference::Names,runNamesQualifiedResolutionReference,Source/Reference/Names/QualifiedResolution.uv,false,true,false,false,true
def.BindingNameSet,HelloUltraviolet::Reference::Names,runNamesQualifiedResolutionReference,Source/Reference/Names/QualifiedResolution.uv,false,true,false,false,true
def.NoDuplicateBindingNames,HelloUltraviolet::Reference::Names,runNamesQualifiedResolutionReference,Source/Reference/Names/QualifiedResolution.uv,false,true,false,false,true
def.DisjointBindingNames,HelloUltraviolet::Reference::Names,runNamesQualifiedResolutionReference,Source/Reference/Names/QualifiedResolution.uv,false,true,false,false,true
def.NameMapUnion,HelloUltraviolet::Reference::Names,runNamesQualifiedResolutionReference,Source/Reference/Names/QualifiedResolution.uv,false,true,false,false,true
def.NameInfoOfBinding,HelloUltraviolet::Reference::Names,runNamesQualifiedResolutionReference,Source/Reference/Names/QualifiedResolution.uv,false,true,false,false,true
def.BindingNameSource,HelloUltraviolet::Reference::Names,runNamesQualifiedResolutionReference,Source/Reference/Names/QualifiedResolution.uv,false,true,false,false,true
def.NameMapSource,HelloUltraviolet::Reference::Names,runNamesQualifiedResolutionReference,Source/Reference/Names/QualifiedResolution.uv,false,true,false,false,true
def.NameCollectionStateDomain,HelloUltraviolet::Reference::Names,runNamesQualifiedResolutionReference,Source/Reference/Names/QualifiedResolution.uv,false,true,false,false,true
Names-Start,HelloUltraviolet::Reference::Names,runNamesQualifiedResolutionReference,Source/Reference/Names/QualifiedResolution.uv,false,true,false,false,true
Names-Step,HelloUltraviolet::Reference::Names,runNamesQualifiedResolutionReference,Source/Reference/Names/QualifiedResolution.uv,false,true,false,false,true
Names-Done,HelloUltraviolet::Reference::Names,runNamesQualifiedResolutionReference,Source/Reference/Names/QualifiedResolution.uv,false,true,false,false,true
def.ResolveQualifiedFormSignature,HelloUltraviolet::Reference::Names,runNamesDisambiguationReference,Source/Reference/Names/Disambiguation.uv,false,true,false,false,true
def.ResolveArgsSignature,HelloUltraviolet::Reference::Names,runNamesDisambiguationReference,Source/Reference/Names/Disambiguation.uv,false,true,false,false,true
def.ResolveFieldInitsSignature,HelloUltraviolet::Reference::Names,runNamesDisambiguationReference,Source/Reference/Names/Disambiguation.uv,false,true,false,false,true
def.ResolveRecordPathSignature,HelloUltraviolet::Reference::Names,runNamesDisambiguationReference,Source/Reference/Names/Disambiguation.uv,false,true,false,false,true
def.ResolveEnumUnitSignature,HelloUltraviolet::Reference::Names,runNamesDisambiguationReference,Source/Reference/Names/Disambiguation.uv,false,true,false,false,true
def.ResolveEnumTupleSignature,HelloUltraviolet::Reference::Names,runNamesDisambiguationReference,Source/Reference/Names/Disambiguation.uv,false,true,false,false,true
def.ResolveEnumRecordSignature,HelloUltraviolet::Reference::Names,runNamesDisambiguationReference,Source/Reference/Names/Disambiguation.uv,false,true,false,false,true
def.ResolvePathJudgementSet,HelloUltraviolet::Reference::Names,runNamesDisambiguationReference,Source/Reference/Names/Disambiguation.uv,false,true,false,false,true
ResolveArgs-Empty,HelloUltraviolet::Reference::Names,runNamesDisambiguationReference,Source/Reference/Names/Disambiguation.uv,false,true,false,false,true
ResolveArgs-Cons,HelloUltraviolet::Reference::Names,runNamesDisambiguationReference,Source/Reference/Names/Disambiguation.uv,false,true,false,false,true
ResolveFieldInits-Empty,HelloUltraviolet::Reference::Names,runNamesDisambiguationReference,Source/Reference/Names/Disambiguation.uv,false,true,false,false,true
ResolveFieldInits-Cons,HelloUltraviolet::Reference::Names,runNamesDisambiguationReference,Source/Reference/Names/Disambiguation.uv,false,true,false,false,true
Resolve-RecordPath,HelloUltraviolet::Reference::Names,runNamesDisambiguationReference,Source/Reference/Names/Disambiguation.uv,false,true,false,false,true
Resolve-EnumUnit,HelloUltraviolet::Reference::Names,runNamesDisambiguationReference,Source/Reference/Names/Disambiguation.uv,false,true,false,false,true
Resolve-EnumTuple,HelloUltraviolet::Reference::Names,runNamesDisambiguationReference,Source/Reference/Names/Disambiguation.uv,false,true,false,false,true
Resolve-EnumRecord,HelloUltraviolet::Reference::Names,runNamesDisambiguationReference,Source/Reference/Names/Disambiguation.uv,false,true,false,false,true
def.BuiltinValuePath,HelloUltraviolet::Reference::Names,runNamesDisambiguationReference,Source/Reference/Names/Disambiguation.uv,false,true,false,false,true
ResolveQual-Name-Builtin,HelloUltraviolet::Reference::Names,runNamesDisambiguationReference,Source/Reference/Names/Disambiguation.uv,false,true,false,false,true
ResolveQual-Name-Value,HelloUltraviolet::Reference::Names,runNamesDisambiguationReference,Source/Reference/Names/Disambiguation.uv,false,true,false,false,true
ResolveQual-Name-Record,HelloUltraviolet::Reference::Names,runNamesDisambiguationReference,Source/Reference/Names/Disambiguation.uv,false,true,false,false,true
ResolveQual-Name-Enum,HelloUltraviolet::Reference::Names,runNamesDisambiguationReference,Source/Reference/Names/Disambiguation.uv,false,true,false,false,true
ResolveQual-Name-Err,HelloUltraviolet::Reference::Names,runNamesDisambiguationReference,Source/Reference/Names/Disambiguation.uv,false,true,false,false,true
def.SharedResolutionProjectInput,HelloUltraviolet::Reference::Names,runNamesQualifiedResolutionReference,Source/Reference/Names/QualifiedResolution.uv,false,true,false,false,true
def.SharedResolutionCurrentModule,HelloUltraviolet::Reference::Names,runNamesQualifiedResolutionReference,Source/Reference/Names/QualifiedResolution.uv,false,true,false,false,true
def.SharedResolutionAstModule,HelloUltraviolet::Reference::Names,runNamesQualifiedResolutionReference,Source/Reference/Names/QualifiedResolution.uv,false,true,false,false,true
def.SharedResolutionInputs,HelloUltraviolet::Reference::Names,runNamesQualifiedResolutionReference,Source/Reference/Names/QualifiedResolution.uv,false,true,false,false,true
def.SharedResolutionOutputs,HelloUltraviolet::Audit,moduleSourceProjectExternAbiFormsExecute,Source/Audit/ModuleSourceProjectInfrastructureExecution.uv,false,true,false,false,true
def.PathOfModuleReference,HelloUltraviolet::Reference::Names,runNamesQualifiedResolutionReference,Source/Reference/Names/QualifiedResolution.uv,false,true,false,false,true
def.TypeParamBindings,HelloUltraviolet::Reference::Names,runNamesQualifiedResolutionReference,Source/Reference/Names/QualifiedResolution.uv,false,true,false,false,true
ResolveGenericParamsOpt-None,HelloUltraviolet::Reference::Names,runNamesQualifiedResolutionReference,Source/Reference/Names/QualifiedResolution.uv,false,true,false,false,true
ResolvePredicateClauseOpt-None,HelloUltraviolet::Reference::Names,runNamesQualifiedResolutionReference,Source/Reference/Names/QualifiedResolution.uv,false,true,false,false,true
ResolveContractClauseOpt-None,HelloUltraviolet::Reference::Names,runNamesQualifiedResolutionReference,Source/Reference/Names/QualifiedResolution.uv,false,true,false,false,true
ResolveInvariantOpt-None,HelloUltraviolet::Reference::Names,runNamesQualifiedResolutionReference,Source/Reference/Names/QualifiedResolution.uv,false,true,false,false,true
ResolveTypeOpt-None,HelloUltraviolet::Reference::Names,runNamesQualifiedResolutionReference,Source/Reference/Names/QualifiedResolution.uv,false,true,false,false,true
ResolveExprOpt-None-Judgement,HelloUltraviolet::Reference::Names,runNamesQualifiedResolutionReference,Source/Reference/Names/QualifiedResolution.uv,false,true,false,false,true
def.ResolveExprOptNone,HelloUltraviolet::Reference::Names,runNamesQualifiedResolutionReference,Source/Reference/Names/QualifiedResolution.uv,false,true,false,false,true
def.ResolveExprOptSome,HelloUltraviolet::Reference::Names,runNamesQualifiedResolutionReference,Source/Reference/Names/QualifiedResolution.uv,false,true,false,false,true
ResolveGenericParamsOpt-Yes,HelloUltraviolet::Reference::Names,runNamesQualifiedResolutionReference,Source/Reference/Names/QualifiedResolution.uv,false,true,false,false,true
ResolveTypeParam,HelloUltraviolet::Reference::Names,runNamesQualifiedResolutionReference,Source/Reference/Names/QualifiedResolution.uv,false,true,false,false,true
ResolveTypeParamList-Empty,HelloUltraviolet::Reference::Names,runNamesQualifiedResolutionReference,Source/Reference/Names/QualifiedResolution.uv,false,true,false,false,true
ResolveTypeParamList-Cons,HelloUltraviolet::Reference::Names,runNamesQualifiedResolutionReference,Source/Reference/Names/QualifiedResolution.uv,false,true,false,false,true
ResolvePredicateClauseOpt-Yes,HelloUltraviolet::Reference::Names,runNamesQualifiedResolutionReference,Source/Reference/Names/QualifiedResolution.uv,false,true,false,false,true
ResolvePredicateReqList-Empty,HelloUltraviolet::Reference::Names,runNamesQualifiedResolutionReference,Source/Reference/Names/QualifiedResolution.uv,false,true,false,false,true
ResolvePredicateReq-Predicate,HelloUltraviolet::Reference::Names,runNamesQualifiedResolutionReference,Source/Reference/Names/QualifiedResolution.uv,false,true,false,false,true
ResolvePredicateReqList-Cons,HelloUltraviolet::Reference::Names,runNamesQualifiedResolutionReference,Source/Reference/Names/QualifiedResolution.uv,false,true,false,false,true
ResolveContractClauseOpt-Yes,HelloUltraviolet::Reference::Names,runNamesQualifiedResolutionReference,Source/Reference/Names/QualifiedResolution.uv,false,true,false,false,true
ResolveInvariantOpt-Yes,HelloUltraviolet::Reference::Names,runNamesQualifiedResolutionReference,Source/Reference/Names/QualifiedResolution.uv,false,true,false,false,true
ResolveTypePath-Ident,HelloUltraviolet::Reference::Names,runNamesQualifiedResolutionReference,Source/Reference/Names/QualifiedResolution.uv,false,true,false,false,true
ResolveTypePath-Ident-Local,HelloUltraviolet::Reference::Names,runNamesQualifiedResolutionReference,Source/Reference/Names/QualifiedResolution.uv,false,true,false,false,true
ResolveTypePath-Qual,HelloUltraviolet::Reference::Names,runNamesQualifiedResolutionReference,Source/Reference/Names/QualifiedResolution.uv,false,true,false,false,true
def.LocalTypePath,HelloUltraviolet::Reference::Names,runNamesQualifiedResolutionReference,Source/Reference/Names/QualifiedResolution.uv,false,true,false,false,true
ResolveClassPath-Ident,HelloUltraviolet::Reference::Names,runNamesQualifiedResolutionReference,Source/Reference/Names/QualifiedResolution.uv,false,true,false,false,true
ResolveClassPath-Qual,HelloUltraviolet::Reference::Names,runNamesQualifiedResolutionReference,Source/Reference/Names/QualifiedResolution.uv,false,true,false,false,true
ResolveType-Path,HelloUltraviolet::Reference::Names,runNamesQualifiedResolutionReference,Source/Reference/Names/QualifiedResolution.uv,false,true,false,false,true
ResolveType-Dynamic,HelloUltraviolet::Reference::Names,runNamesQualifiedResolutionReference,Source/Reference/Names/QualifiedResolution.uv,false,true,false,false,true
ResolveType-Apply,HelloUltraviolet::Reference::Names,runNamesQualifiedResolutionReference,Source/Reference/Names/QualifiedResolution.uv,false,true,false,false,true
ResolveType-ModalState,HelloUltraviolet::Reference::Names,runNamesQualifiedResolutionReference,Source/Reference/Names/QualifiedResolution.uv,false,true,false,false,true
def.ResolveModalRef,HelloUltraviolet::Reference::Names,runNamesQualifiedResolutionReference,Source/Reference/Names/QualifiedResolution.uv,false,true,false,false,true
ResolveType-Hom,HelloUltraviolet::Reference::Names,runNamesQualifiedResolutionReference,Source/Reference/Names/QualifiedResolution.uv,false,true,false,false,true
ResolveTypeList-Empty,HelloUltraviolet::Reference::Names,runNamesQualifiedResolutionReference,Source/Reference/Names/QualifiedResolution.uv,false,true,false,false,true
ResolveTypeList-Cons,HelloUltraviolet::Reference::Names,runNamesQualifiedResolutionReference,Source/Reference/Names/QualifiedResolution.uv,false,true,false,false,true
ResolveParam,HelloUltraviolet::Reference::Names,runNamesQualifiedResolutionReference,Source/Reference/Names/QualifiedResolution.uv,false,true,false,false,true
ResolveParams-Empty,HelloUltraviolet::Reference::Names,runNamesQualifiedResolutionReference,Source/Reference/Names/QualifiedResolution.uv,false,true,false,false,true
ResolveParams-Cons,HelloUltraviolet::Reference::Names,runNamesQualifiedResolutionReference,Source/Reference/Names/QualifiedResolution.uv,false,true,false,false,true
def.ResolvePatternSignature,HelloUltraviolet::Reference::Names,runNamesQualifiedResolutionReference,Source/Reference/Names/QualifiedResolution.uv,false,true,false,false,true
ResolvePat-Wildcard,HelloUltraviolet::Reference::Names,runNamesQualifiedResolutionReference,Source/Reference/Names/QualifiedResolution.uv,false,true,false,false,true
ResolvePat-Identifier,HelloUltraviolet::Reference::Names,runNamesQualifiedResolutionReference,Source/Reference/Names/QualifiedResolution.uv,false,true,false,false,true
ResolvePat-Literal,HelloUltraviolet::Reference::Names,runNamesQualifiedResolutionReference,Source/Reference/Names/QualifiedResolution.uv,false,true,false,false,true
ResolvePat-Tuple,HelloUltraviolet::Reference::Names,runNamesQualifiedResolutionReference,Source/Reference/Names/QualifiedResolution.uv,false,true,false,false,true
ResolvePat-Record,HelloUltraviolet::Reference::Names,runNamesQualifiedResolutionReference,Source/Reference/Names/QualifiedResolution.uv,false,true,false,false,true
ResolvePat-Enum,HelloUltraviolet::Reference::Names,runNamesQualifiedResolutionReference,Source/Reference/Names/QualifiedResolution.uv,false,true,false,false,true
ResolvePat-Modal,HelloUltraviolet::Reference::Names,runNamesQualifiedResolutionReference,Source/Reference/Names/QualifiedResolution.uv,false,true,false,false,true
ResolvePat-Range,HelloUltraviolet::Reference::Names,runNamesQualifiedResolutionReference,Source/Reference/Names/QualifiedResolution.uv,false,true,false,false,true
ResolvePatternList-Empty,HelloUltraviolet::Reference::Names,runNamesQualifiedResolutionReference,Source/Reference/Names/QualifiedResolution.uv,false,true,false,false,true
ResolveFieldPatternList-Empty,HelloUltraviolet::Reference::Names,runNamesQualifiedResolutionReference,Source/Reference/Names/QualifiedResolution.uv,false,true,false,false,true
ResolvePatternList-Cons,HelloUltraviolet::Reference::Names,runNamesQualifiedResolutionReference,Source/Reference/Names/QualifiedResolution.uv,false,true,false,false,true
ResolveFieldPattern-Implicit,HelloUltraviolet::Reference::Names,runNamesQualifiedResolutionReference,Source/Reference/Names/QualifiedResolution.uv,false,true,false,false,true
ResolveFieldPattern-Explicit,HelloUltraviolet::Reference::Names,runNamesQualifiedResolutionReference,Source/Reference/Names/QualifiedResolution.uv,false,true,false,false,true
ResolveFieldPatternList-Cons,HelloUltraviolet::Reference::Names,runNamesQualifiedResolutionReference,Source/Reference/Names/QualifiedResolution.uv,false,true,false,false,true
ResolveEnumPayloadPattern-None,HelloUltraviolet::Reference::Names,runNamesQualifiedResolutionReference,Source/Reference/Names/QualifiedResolution.uv,false,true,false,false,true
ResolveEnumPayloadPattern-Tuple,HelloUltraviolet::Reference::Names,runNamesQualifiedResolutionReference,Source/Reference/Names/QualifiedResolution.uv,false,true,false,false,true
ResolveEnumPayloadPattern-Record,HelloUltraviolet::Reference::Names,runNamesQualifiedResolutionReference,Source/Reference/Names/QualifiedResolution.uv,false,true,false,false,true
ResolveFieldPatternListOpt-None,HelloUltraviolet::Reference::Names,runNamesQualifiedResolutionReference,Source/Reference/Names/QualifiedResolution.uv,false,true,false,false,true
ResolveFieldPatternListOpt-Some,HelloUltraviolet::Reference::Names,runNamesQualifiedResolutionReference,Source/Reference/Names/QualifiedResolution.uv,false,true,false,false,true
ResolveExpr-Ident,HelloUltraviolet::Reference::Names,runNamesQualifiedResolutionReference,Source/Reference/Names/QualifiedResolution.uv,false,true,false,false,true
ResolveExpr-Qualified,HelloUltraviolet::Reference::Names,runNamesQualifiedResolutionReference,Source/Reference/Names/QualifiedResolution.uv,false,true,false,false,true
def.ResolveArgsReference,HelloUltraviolet::Reference::Names,runNamesQualifiedResolutionReference,Source/Reference/Names/QualifiedResolution.uv,false,true,false,false,true
def.ResolveFieldInitsReference,HelloUltraviolet::Reference::Names,runNamesQualifiedResolutionReference,Source/Reference/Names/QualifiedResolution.uv,false,true,false,false,true
ResolveExprList-Empty,HelloUltraviolet::Reference::Names,runNamesQualifiedResolutionReference,Source/Reference/Names/QualifiedResolution.uv,false,true,false,false,true
ResolveExprList-Cons,HelloUltraviolet::Reference::Names,runNamesQualifiedResolutionReference,Source/Reference/Names/QualifiedResolution.uv,false,true,false,false,true
def.ResolveExprListJudgementSet,HelloUltraviolet::Reference::Names,runNamesQualifiedResolutionReference,Source/Reference/Names/QualifiedResolution.uv,false,true,false,false,true
def.ResolveEnumPayloadJudgementSet,HelloUltraviolet::Reference::Names,runNamesQualifiedResolutionReference,Source/Reference/Names/QualifiedResolution.uv,false,true,false,false,true
ResolveEnumPayload-None,HelloUltraviolet::Reference::Names,runNamesQualifiedResolutionReference,Source/Reference/Names/QualifiedResolution.uv,false,true,false,false,true
ResolveEnumPayload-Tuple,HelloUltraviolet::Reference::Names,runNamesQualifiedResolutionReference,Source/Reference/Names/QualifiedResolution.uv,false,true,false,false,true
ResolveEnumPayload-Record,HelloUltraviolet::Reference::Names,runNamesQualifiedResolutionReference,Source/Reference/Names/QualifiedResolution.uv,false,true,false,false,true
def.ResolveKeyPathJudgementSet,HelloUltraviolet::Reference::Names,runNamesQualifiedResolutionReference,Source/Reference/Names/QualifiedResolution.uv,false,true,false,false,true
ResolveKeySeg-Field,HelloUltraviolet::Reference::Names,runNamesQualifiedResolutionReference,Source/Reference/Names/QualifiedResolution.uv,false,true,false,false,true
ResolveKeySeg-Index,HelloUltraviolet::Reference::Names,runNamesQualifiedResolutionReference,Source/Reference/Names/QualifiedResolution.uv,false,true,false,false,true
ResolveKeySegs-Empty,HelloUltraviolet::Reference::Names,runNamesQualifiedResolutionReference,Source/Reference/Names/QualifiedResolution.uv,false,true,false,false,true
ResolveKeySegs-Cons,HelloUltraviolet::Reference::Names,runNamesQualifiedResolutionReference,Source/Reference/Names/QualifiedResolution.uv,false,true,false,false,true
ResolveKeyPathExpr,HelloUltraviolet::Reference::Names,runNamesQualifiedResolutionReference,Source/Reference/Names/QualifiedResolution.uv,false,true,false,false,true
ResolveKeyPathList-Empty,HelloUltraviolet::Reference::Names,runNamesQualifiedResolutionReference,Source/Reference/Names/QualifiedResolution.uv,false,true,false,false,true
ResolveKeyPathList-Cons,HelloUltraviolet::Reference::Names,runNamesQualifiedResolutionReference,Source/Reference/Names/QualifiedResolution.uv,false,true,false,false,true
def.ResolveParallelOptJudgementSet,HelloUltraviolet::Reference::Names,runNamesQualifiedResolutionReference,Source/Reference/Names/QualifiedResolution.uv,false,true,false,false,true
ResolveParallelOpt-Cancel,HelloUltraviolet::Reference::Names,runNamesQualifiedResolutionReference,Source/Reference/Names/QualifiedResolution.uv,false,true,false,false,true
ResolveParallelOpt-Name,HelloUltraviolet::Reference::Names,runNamesQualifiedResolutionReference,Source/Reference/Names/QualifiedResolution.uv,false,true,false,false,true
ResolveParallelOpts-Empty,HelloUltraviolet::Reference::Names,runNamesQualifiedResolutionReference,Source/Reference/Names/QualifiedResolution.uv,false,true,false,false,true
ResolveParallelOpts-Cons,HelloUltraviolet::Reference::Names,runNamesQualifiedResolutionReference,Source/Reference/Names/QualifiedResolution.uv,false,true,false,false,true
def.ResolveSpawnOptJudgementSet,HelloUltraviolet::Reference::Names,runNamesQualifiedResolutionReference,Source/Reference/Names/QualifiedResolution.uv,false,true,false,false,true
ResolveSpawnOpt-Name,HelloUltraviolet::Reference::Names,runNamesQualifiedResolutionReference,Source/Reference/Names/QualifiedResolution.uv,false,true,false,false,true
ResolveSpawnOpt-Affinity,HelloUltraviolet::Reference::Names,runNamesQualifiedResolutionReference,Source/Reference/Names/QualifiedResolution.uv,false,true,false,false,true
ResolveSpawnOpt-Priority,HelloUltraviolet::Reference::Names,runNamesQualifiedResolutionReference,Source/Reference/Names/QualifiedResolution.uv,false,true,false,false,true
ResolveSpawnOpts-Empty,HelloUltraviolet::Reference::Names,runNamesQualifiedResolutionReference,Source/Reference/Names/QualifiedResolution.uv,false,true,false,false,true
ResolveSpawnOpts-Cons,HelloUltraviolet::Reference::Names,runNamesQualifiedResolutionReference,Source/Reference/Names/QualifiedResolution.uv,false,true,false,false,true
def.ResolveDispatchOptJudgementSet,HelloUltraviolet::Reference::Names,runNamesQualifiedResolutionReference,Source/Reference/Names/QualifiedResolution.uv,false,true,false,false,true
ResolveDispatchOpt-Reduce,HelloUltraviolet::Reference::Names,runNamesQualifiedResolutionReference,Source/Reference/Names/QualifiedResolution.uv,false,true,false,false,true
ResolveDispatchOpt-Ordered,HelloUltraviolet::Reference::Names,runNamesQualifiedResolutionReference,Source/Reference/Names/QualifiedResolution.uv,false,true,false,false,true
ResolveDispatchOpt-Chunk,HelloUltraviolet::Reference::Names,runNamesQualifiedResolutionReference,Source/Reference/Names/QualifiedResolution.uv,false,true,false,false,true
ResolveDispatchOpts-Empty,HelloUltraviolet::Reference::Names,runNamesQualifiedResolutionReference,Source/Reference/Names/QualifiedResolution.uv,false,true,false,false,true
ResolveDispatchOpts-Cons,HelloUltraviolet::Reference::Names,runNamesQualifiedResolutionReference,Source/Reference/Names/QualifiedResolution.uv,false,true,false,false,true
def.ResolveRaceJudgementSet,HelloUltraviolet::Reference::Names,runNamesQualifiedResolutionReference,Source/Reference/Names/QualifiedResolution.uv,false,true,false,false,true
ResolveRaceHandler-Return,HelloUltraviolet::Reference::Names,runNamesQualifiedResolutionReference,Source/Reference/Names/QualifiedResolution.uv,false,true,false,false,true
ResolveRaceHandler-Yield,HelloUltraviolet::Reference::Names,runNamesQualifiedResolutionReference,Source/Reference/Names/QualifiedResolution.uv,false,true,false,false,true
ResolveRaceArm,HelloUltraviolet::Reference::Names,runNamesQualifiedResolutionReference,Source/Reference/Names/QualifiedResolution.uv,false,true,false,false,true
ResolveRaceArms-Empty,HelloUltraviolet::Reference::Names,runNamesQualifiedResolutionReference,Source/Reference/Names/QualifiedResolution.uv,false,true,false,false,true
ResolveRaceArms-Cons,HelloUltraviolet::Reference::Names,runNamesQualifiedResolutionReference,Source/Reference/Names/QualifiedResolution.uv,false,true,false,false,true
def.ResolveAllExprListJudgementSet,HelloUltraviolet::Reference::Names,runNamesQualifiedResolutionReference,Source/Reference/Names/QualifiedResolution.uv,false,true,false,false,true
ResolveAllExprList-Empty,HelloUltraviolet::Reference::Names,runNamesQualifiedResolutionReference,Source/Reference/Names/QualifiedResolution.uv,false,true,false,false,true
ResolveAllExprList-Cons,HelloUltraviolet::Reference::Names,runNamesQualifiedResolutionReference,Source/Reference/Names/QualifiedResolution.uv,false,true,false,false,true
def.ResolveCalleeJudgementSet,HelloUltraviolet::Reference::Names,runNamesQualifiedResolutionReference,Source/Reference/Names/QualifiedResolution.uv,false,true,false,false,true
ResolveCallee-Ident-Value,HelloUltraviolet::Reference::Names,runNamesQualifiedResolutionReference,Source/Reference/Names/QualifiedResolution.uv,false,true,false,false,true
ResolveCallee-Ident-Record,HelloUltraviolet::Reference::Names,runNamesQualifiedResolutionReference,Source/Reference/Names/QualifiedResolution.uv,false,true,false,false,true
ResolveCallee-Path-Value,HelloUltraviolet::Reference::Names,runNamesQualifiedResolutionReference,Source/Reference/Names/QualifiedResolution.uv,false,true,false,false,true
ResolveCallee-Path-Builtin,HelloUltraviolet::Reference::Names,runNamesQualifiedResolutionReference,Source/Reference/Names/QualifiedResolution.uv,false,true,false,false,true
ResolveCallee-Path-Record,HelloUltraviolet::Reference::Names,runNamesQualifiedResolutionReference,Source/Reference/Names/QualifiedResolution.uv,false,true,false,false,true
ResolveCallee-Other,HelloUltraviolet::Reference::Names,runNamesQualifiedResolutionReference,Source/Reference/Names/QualifiedResolution.uv,false,true,false,false,true
ResolveExpr-Call,HelloUltraviolet::Reference::Names,runNamesQualifiedResolutionReference,Source/Reference/Names/QualifiedResolution.uv,false,true,false,false,true
ResolveExpr-Call-TypeArgs,HelloUltraviolet::Reference::Names,runNamesQualifiedResolutionReference,Source/Reference/Names/QualifiedResolution.uv,false,true,false,false,true
ResolveExpr-RecordExpr,HelloUltraviolet::Reference::Names,runNamesQualifiedResolutionReference,Source/Reference/Names/QualifiedResolution.uv,false,true,false,false,true
ResolveExpr-EnumLiteral,HelloUltraviolet::Reference::Names,runNamesQualifiedResolutionReference,Source/Reference/Names/QualifiedResolution.uv,false,true,false,false,true
def.ResolveIfCaseJudgementSet,HelloUltraviolet::Reference::Names,runNamesQualifiedResolutionReference,Source/Reference/Names/QualifiedResolution.uv,false,true,false,false,true
ResolveIfCase,HelloUltraviolet::Reference::Names,runNamesQualifiedResolutionReference,Source/Reference/Names/QualifiedResolution.uv,false,true,false,false,true
ResolveIfCases-Empty,HelloUltraviolet::Reference::Names,runNamesQualifiedResolutionReference,Source/Reference/Names/QualifiedResolution.uv,false,true,false,false,true
ResolveIfCases-Cons,HelloUltraviolet::Reference::Names,runNamesQualifiedResolutionReference,Source/Reference/Names/QualifiedResolution.uv,false,true,false,false,true
ResolveElseBlockOpt-None,HelloUltraviolet::Reference::Names,runNamesQualifiedResolutionReference,Source/Reference/Names/QualifiedResolution.uv,false,true,false,false,true
ResolveElseBlockOpt-Some,HelloUltraviolet::Reference::Names,runNamesQualifiedResolutionReference,Source/Reference/Names/QualifiedResolution.uv,false,true,false,false,true
ResolveExpr-IfIs,HelloUltraviolet::Reference::Names,runNamesQualifiedResolutionReference,Source/Reference/Names/QualifiedResolution.uv,false,true,false,false,true
ResolveExpr-IfCase,HelloUltraviolet::Reference::Names,runNamesQualifiedResolutionReference,Source/Reference/Names/QualifiedResolution.uv,false,true,false,false,true
ResolveExpr-LoopInfinite,HelloUltraviolet::Reference::Names,runNamesQualifiedResolutionReference,Source/Reference/Names/QualifiedResolution.uv,false,true,false,false,true
ResolveExpr-LoopConditional,HelloUltraviolet::Reference::Names,runNamesQualifiedResolutionReference,Source/Reference/Names/QualifiedResolution.uv,false,true,false,false,true
ResolveExpr-LoopIter,HelloUltraviolet::Reference::Names,runNamesQualifiedResolutionReference,Source/Reference/Names/QualifiedResolution.uv,false,true,false,false,true
ResolveExpr-Parallel,HelloUltraviolet::Reference::Names,runNamesQualifiedResolutionReference,Source/Reference/Names/QualifiedResolution.uv,false,true,false,false,true
ResolveExpr-Spawn,HelloUltraviolet::Reference::Names,runNamesQualifiedResolutionReference,Source/Reference/Names/QualifiedResolution.uv,false,true,false,false,true
ResolveExpr-Wait,HelloUltraviolet::Reference::Names,runNamesQualifiedResolutionReference,Source/Reference/Names/QualifiedResolution.uv,false,true,false,false,true
def.ResolveKeyClauseJudgementSet,HelloUltraviolet::Reference::Names,runNamesQualifiedResolutionReference,Source/Reference/Names/QualifiedResolution.uv,false,true,false,false,true
ResolveKeyClauseOpt-None,HelloUltraviolet::Reference::Names,runNamesQualifiedResolutionReference,Source/Reference/Names/QualifiedResolution.uv,false,true,false,false,true
ResolveKeyClauseOpt-Yes,HelloUltraviolet::Reference::Names,runNamesQualifiedResolutionReference,Source/Reference/Names/QualifiedResolution.uv,false,true,false,false,true
ResolveExpr-Dispatch,HelloUltraviolet::Reference::Names,runNamesQualifiedResolutionReference,Source/Reference/Names/QualifiedResolution.uv,false,true,false,false,true
ResolveExpr-Yield,HelloUltraviolet::Reference::Names,runNamesQualifiedResolutionReference,Source/Reference/Names/QualifiedResolution.uv,false,true,false,false,true
ResolveExpr-YieldFrom,HelloUltraviolet::Reference::Names,runNamesQualifiedResolutionReference,Source/Reference/Names/QualifiedResolution.uv,false,true,false,false,true
ResolveExpr-Sync,HelloUltraviolet::Reference::Names,runNamesQualifiedResolutionReference,Source/Reference/Names/QualifiedResolution.uv,false,true,false,false,true
ResolveExpr-Race,HelloUltraviolet::Reference::Names,runNamesQualifiedResolutionReference,Source/Reference/Names/QualifiedResolution.uv,false,true,false,false,true
ResolveExpr-All,HelloUltraviolet::Reference::Names,runNamesQualifiedResolutionReference,Source/Reference/Names/QualifiedResolution.uv,false,true,false,false,true
ResolveExpr-Alloc-Explicit-ByAlias,HelloUltraviolet::Reference::Names,runNamesQualifiedResolutionReference,Source/Reference/Names/QualifiedResolution.uv,false,true,false,false,true
def.ResolveExprRuleSet,HelloUltraviolet::Reference::Names,runNamesQualifiedResolutionReference,Source/Reference/Names/QualifiedResolution.uv,false,true,false,false,true
def.NoSpecificResolveExpr,HelloUltraviolet::Reference::Names,runNamesQualifiedResolutionReference,Source/Reference/Names/QualifiedResolution.uv,false,true,false,false,true
ResolveExpr-Hom,HelloUltraviolet::Reference::Names,runNamesQualifiedResolutionReference,Source/Reference/Names/QualifiedResolution.uv,false,true,false,false,true
ResolveExpr-Alloc-Implicit,HelloUltraviolet::Reference::Names,runNamesQualifiedResolutionReference,Source/Reference/Names/QualifiedResolution.uv,false,true,false,false,true
ResolveExpr-Alloc-Explicit,HelloUltraviolet::Reference::Names,runNamesQualifiedResolutionReference,Source/Reference/Names/QualifiedResolution.uv,false,true,false,false,true
def.ResolveStmtSeqJudgementSet,HelloUltraviolet::Reference::Names,runNamesQualifiedResolutionReference,Source/Reference/Names/QualifiedResolution.uv,false,true,false,false,true
ResolveStmtSeq-Empty,HelloUltraviolet::Reference::Names,runNamesQualifiedResolutionReference,Source/Reference/Names/QualifiedResolution.uv,false,true,false,false,true
ResolveStmtSeq-Cons,HelloUltraviolet::Reference::Names,runNamesQualifiedResolutionReference,Source/Reference/Names/QualifiedResolution.uv,false,true,false,false,true
ResolveExpr-Block,HelloUltraviolet::Reference::Names,runNamesQualifiedResolutionReference,Source/Reference/Names/QualifiedResolution.uv,false,true,false,false,true
Validate-ModulePath-Ok,HelloUltraviolet::Reference::Names,runNamesQualifiedResolutionReference,Source/Reference/Names/QualifiedResolution.uv,false,true,false,false,true
req.ResolveItemFeatureOwnership,HelloUltraviolet::Reference::Names,runNamesQualifiedResolutionReference,Source/Reference/Names/QualifiedResolution.uv,false,true,false,false,true
ResolveModule-Ok,HelloUltraviolet::Reference::Names,runNamesQualifiedResolutionReference,Source/Reference/Names/QualifiedResolution.uv,false,true,false,false,true
ResolveItems-Empty,HelloUltraviolet::Reference::Names,runNamesQualifiedResolutionReference,Source/Reference/Names/QualifiedResolution.uv,false,true,false,false,true
ResolveItems-Cons,HelloUltraviolet::Reference::Names,runNamesQualifiedResolutionReference,Source/Reference/Names/QualifiedResolution.uv,false,true,false,false,true
def.ResolutionStateDomain,HelloUltraviolet::Reference::Names,runNamesQualifiedResolutionReference,Source/Reference/Names/QualifiedResolution.uv,false,true,false,false,true
Res-Start,HelloUltraviolet::Reference::Names,runNamesQualifiedResolutionReference,Source/Reference/Names/QualifiedResolution.uv,false,true,false,false,true
Res-Names,HelloUltraviolet::Reference::Names,runNamesQualifiedResolutionReference,Source/Reference/Names/QualifiedResolution.uv,false,true,false,false,true
Res-Items,HelloUltraviolet::Reference::Names,runNamesQualifiedResolutionReference,Source/Reference/Names/QualifiedResolution.uv,false,true,false,false,true
ResolveModules-Ok,HelloUltraviolet::Reference::Names,runNamesQualifiedResolutionReference,Source/Reference/Names/QualifiedResolution.uv,false,true,false,false,true
def.TypeEquivalenceJudgementSet,HelloUltraviolet::Reference::Types,runTypesEquivalenceReference,Source/Reference/Types/Equivalence.uv,false,true,false,false,true
def.ConstLenJudgementSet,HelloUltraviolet::Reference::Types,runTypesEquivalenceReference,Source/Reference/Types/Equivalence.uv,false,true,false,false,true
ConstLen-Lit,HelloUltraviolet::Reference::Types,runTypesEquivalenceReference,Source/Reference/Types/Equivalence.uv,false,true,false,false,true
ConstLen-Path,HelloUltraviolet::Reference::Types,runTypesEquivalenceReference,Source/Reference/Types/Equivalence.uv,false,true,false,false,true
ConstLen-Err,HelloUltraviolet::Reference::Types,runTypesEquivalenceReference,Source/Reference/Types/Equivalence.uv,false,true,false,false,true
def.UnionMembersEquivalence,HelloUltraviolet::Reference::Types,runTypesEquivalenceReference,Source/Reference/Types/Equivalence.uv,false,true,false,false,true
T-Equiv-Prim,HelloUltraviolet::Reference::Types,runTypesEquivalenceReference,Source/Reference/Types/Equivalence.uv,false,true,false,false,true
T-Equiv-Perm,HelloUltraviolet::Reference::Types,runTypesEquivalenceReference,Source/Reference/Types/Equivalence.uv,false,true,false,false,true
T-Equiv-Tuple,HelloUltraviolet::Reference::Types,runTypesEquivalenceReference,Source/Reference/Types/Equivalence.uv,false,true,false,false,true
T-Equiv-Array,HelloUltraviolet::Reference::Types,runTypesEquivalenceReference,Source/Reference/Types/Equivalence.uv,false,true,false,false,true
T-Equiv-Slice,HelloUltraviolet::Reference::Types,runTypesEquivalenceReference,Source/Reference/Types/Equivalence.uv,false,true,false,false,true
T-Equiv-Func,HelloUltraviolet::Reference::Types,runTypesEquivalenceReference,Source/Reference/Types/Equivalence.uv,false,true,false,false,true
T-Equiv-Closure,HelloUltraviolet::Reference::Types,runTypesEquivalenceReference,Source/Reference/Types/Equivalence.uv,false,true,false,false,true
T-Equiv-Union,HelloUltraviolet::Reference::Types,runTypesEquivalenceReference,Source/Reference/Types/Equivalence.uv,false,true,false,false,true
T-Equiv-Path,HelloUltraviolet::Reference::Types,runTypesEquivalenceReference,Source/Reference/Types/Equivalence.uv,false,true,false,false,true
T-Equiv-ModalState,HelloUltraviolet::Reference::Types,runTypesEquivalenceReference,Source/Reference/Types/Equivalence.uv,false,true,false,false,true
T-Equiv-String,HelloUltraviolet::Reference::Types,runTypesEquivalenceReference,Source/Reference/Types/Equivalence.uv,false,true,false,false,true
T-Equiv-Bytes,HelloUltraviolet::Reference::Types,runTypesEquivalenceReference,Source/Reference/Types/Equivalence.uv,false,true,false,false,true
T-Equiv-Range,HelloUltraviolet::Reference::Types,runTypesEquivalenceReference,Source/Reference/Types/Equivalence.uv,false,true,false,false,true
T-Equiv-RangeInclusive,HelloUltraviolet::Reference::Types,runTypesEquivalenceReference,Source/Reference/Types/Equivalence.uv,false,true,false,false,true
T-Equiv-RangeFrom,HelloUltraviolet::Reference::Types,runTypesEquivalenceReference,Source/Reference/Types/Equivalence.uv,false,true,false,false,true
T-Equiv-RangeTo,HelloUltraviolet::Reference::Types,runTypesEquivalenceReference,Source/Reference/Types/Equivalence.uv,false,true,false,false,true
T-Equiv-RangeToInclusive,HelloUltraviolet::Reference::Types,runTypesEquivalenceReference,Source/Reference/Types/Equivalence.uv,false,true,false,false,true
T-Equiv-RangeFull,HelloUltraviolet::Reference::Types,runTypesEquivalenceReference,Source/Reference/Types/Equivalence.uv,false,true,false,false,true
T-Equiv-Ptr,HelloUltraviolet::Reference::Types,runTypesEquivalenceReference,Source/Reference/Types/Equivalence.uv,false,true,false,false,true
T-Equiv-RawPtr,HelloUltraviolet::Reference::Types,runTypesEquivalenceReference,Source/Reference/Types/Equivalence.uv,false,true,false,false,true
T-Equiv-Dynamic,HelloUltraviolet::Reference::Types,runTypesEquivalenceReference,Source/Reference/Types/Equivalence.uv,false,true,false,false,true
T-Equiv-Apply,HelloUltraviolet::Reference::Types,runTypesEquivalenceReference,Source/Reference/Types/Equivalence.uv,false,true,false,false,true
T-Equiv-Opaque,HelloUltraviolet::Reference::Types,runTypesEquivalenceReference,Source/Reference/Types/Equivalence.uv,false,true,false,false,true
T-Equiv-Refine,HelloUltraviolet::Reference::Types,runTypesEquivalenceReference,Source/Reference/Types/Equivalence.uv,false,true,false,false,true
def.PredicateEquivalence,HelloUltraviolet::Reference::Types,runTypesEquivalenceReference,Source/Reference/Types/Equivalence.uv,false,true,false,false,true
T-Equiv-Refine-Norm,HelloUltraviolet::Reference::Types,runTypesEquivalenceReference,Source/Reference/Types/Equivalence.uv,false,true,false,false,true
T-Equiv-Refl,HelloUltraviolet::Reference::Types,runTypesEquivalenceReference,Source/Reference/Types/Equivalence.uv,false,true,false,false,true
T-Equiv-Sym,HelloUltraviolet::Reference::Types,runTypesEquivalenceReference,Source/Reference/Types/Equivalence.uv,false,true,false,false,true
T-Equiv-Trans,HelloUltraviolet::Reference::Types,runTypesEquivalenceReference,Source/Reference/Types/Equivalence.uv,false,true,false,false,true
def.SubtypingJudgementSet,HelloUltraviolet::Reference::Types,runTypesSubtypingReference,Source/Reference/Types/Subtyping.uv,false,true,false,false,true
req.PermissionAdmissibilityOwnedByChapter10,HelloUltraviolet::Reference::Types,runTypesSubtypingReference,Source/Reference/Types/Subtyping.uv,false,true,false,false,true
Sub-Perm,HelloUltraviolet::Reference::Types,runTypesSubtypingReference,Source/Reference/Types/Subtyping.uv,false,true,false,false,true
Sub-Never,HelloUltraviolet::Reference::Types,runTypesSubtypingReference,Source/Reference/Types/Subtyping.uv,false,true,false,false,true
Sub-Tuple,HelloUltraviolet::Reference::Types,runTypesSubtypingReference,Source/Reference/Types/Subtyping.uv,false,true,false,false,true
Sub-Array,HelloUltraviolet::Reference::Types,runTypesSubtypingReference,Source/Reference/Types/Subtyping.uv,false,true,false,false,true
Sub-Slice,HelloUltraviolet::Reference::Types,runTypesSubtypingReference,Source/Reference/Types/Subtyping.uv,false,true,false,false,true
Sub-Range,HelloUltraviolet::Reference::Types,runTypesSubtypingReference,Source/Reference/Types/Subtyping.uv,false,true,false,false,true
Sub-RangeInclusive,HelloUltraviolet::Reference::Types,runTypesSubtypingReference,Source/Reference/Types/Subtyping.uv,false,true,false,false,true
Sub-RangeFrom,HelloUltraviolet::Reference::Types,runTypesSubtypingReference,Source/Reference/Types/Subtyping.uv,false,true,false,false,true
Sub-RangeTo,HelloUltraviolet::Reference::Types,runTypesSubtypingReference,Source/Reference/Types/Subtyping.uv,false,true,false,false,true
Sub-RangeToInclusive,HelloUltraviolet::Reference::Types,runTypesSubtypingReference,Source/Reference/Types/Subtyping.uv,false,true,false,false,true
Sub-RangeFull,HelloUltraviolet::Reference::Types,runTypesSubtypingReference,Source/Reference/Types/Subtyping.uv,false,true,false,false,true
Sub-Ptr-State,HelloUltraviolet::Reference::Types,runTypesSubtypingReference,Source/Reference/Types/Subtyping.uv,false,true,false,false,true
Sub-Modal-Niche,HelloUltraviolet::Reference::Types,runTypesSubtypingReference,Source/Reference/Types/Subtyping.uv,false,true,false,false,true
Sub-Func,HelloUltraviolet::Reference::Types,runTypesSubtypingReference,Source/Reference/Types/Subtyping.uv,false,true,false,false,true
Sub-Closure,HelloUltraviolet::Reference::Types,runTypesSubtypingReference,Source/Reference/Types/Subtyping.uv,false,true,false,false,true
Sub-Async,HelloUltraviolet::Reference::Types,runTypesSubtypingReference,Source/Reference/Types/Subtyping.uv,false,true,false,false,true
def.UnionMember,HelloUltraviolet::Reference::Types,runTypesSubtypingReference,Source/Reference/Types/Subtyping.uv,false,true,false,false,true
Sub-Member-Union,HelloUltraviolet::Reference::Types,runTypesSubtypingReference,Source/Reference/Types/Subtyping.uv,false,true,false,false,true
Sub-Union-Width,HelloUltraviolet::Reference::Types,runTypesSubtypingReference,Source/Reference/Types/Subtyping.uv,false,true,false,false,true
def.VarianceDomain,HelloUltraviolet::Reference::Types,runTypesSubtypingReference,Source/Reference/Types/Subtyping.uv,false,true,false,false,true
def.VarianceOfSignature,HelloUltraviolet::Reference::Types,runTypesSubtypingReference,Source/Reference/Types/Subtyping.uv,false,true,false,false,true
def.VarianceOf,HelloUltraviolet::Reference::Types,runTypesSubtypingReference,Source/Reference/Types/Subtyping.uv,false,true,false,false,true
def.VarianceSatisfied,HelloUltraviolet::Reference::Types,runTypesSubtypingReference,Source/Reference/Types/Subtyping.uv,false,true,false,false,true
Sub-Generic,HelloUltraviolet::Reference::Types,runTypesSubtypingReference,Source/Reference/Types/Subtyping.uv,false,true,false,false,true
Sub-Refl,HelloUltraviolet::Reference::Types,runTypesSubtypingReference,Source/Reference/Types/Subtyping.uv,false,true,false,false,true
Sub-Trans,HelloUltraviolet::Reference::Types,runTypesSubtypingReference,Source/Reference/Types/Subtyping.uv,false,true,false,false,true
def.TypeInferenceJudgementSet,HelloUltraviolet::Reference::Types,runTypesInferenceReference,Source/Reference/Types/Inference.uv,false,true,false,false,true
def.TypeEqualityConstraint,HelloUltraviolet::Reference::Types,runTypesInferenceReference,Source/Reference/Types/Inference.uv,false,true,false,false,true
def.TypeEqualityConstraintSet,HelloUltraviolet::Reference::Types,runTypesInferenceReference,Source/Reference/Types/Inference.uv,false,true,false,false,true
req.ConstraintGenerationFeatureLocal,HelloUltraviolet::Reference::Types,runTypesInferenceReference,Source/Reference/Types/Inference.uv,false,true,false,false,true
def.TypeVariableDomain,HelloUltraviolet::Reference::Types,runTypesInferenceReference,Source/Reference/Types/Inference.uv,false,true,false,false,true
def.TypeVariablesOfType,HelloUltraviolet::Reference::Types,runTypesInferenceReference,Source/Reference/Types/Inference.uv,false,true,false,false,true
def.SubstitutionDomain,HelloUltraviolet::Reference::Types,runTypesInferenceReference,Source/Reference/Types/Inference.uv,false,true,false,false,true
def.SubstitutionDefinedDomain,HelloUltraviolet::Reference::Types,runTypesInferenceReference,Source/Reference/Types/Inference.uv,false,true,false,false,true
def.IdentitySubstitution,HelloUltraviolet::Reference::Types,runTypesInferenceReference,Source/Reference/Types/Inference.uv,false,true,false,false,true
def.SubstitutionApplication,HelloUltraviolet::Reference::Types,runTypesInferenceReference,Source/Reference/Types/Inference.uv,false,true,false,false,true
def.SubstitutionComposition,HelloUltraviolet::Reference::Types,runTypesInferenceReference,Source/Reference/Types/Inference.uv,false,true,false,false,true
def.UnificationStateDomain,HelloUltraviolet::Reference::Types,runTypesInferenceReference,Source/Reference/Types/Inference.uv,false,true,false,false,true
Unify-Empty,HelloUltraviolet::Reference::Types,runTypesInferenceReference,Source/Reference/Types/Inference.uv,false,true,false,false,true
Unify-Eq,HelloUltraviolet::Reference::Types,runTypesInferenceReference,Source/Reference/Types/Inference.uv,false,true,false,false,true
Unify-Var-L,HelloUltraviolet::Reference::Types,runTypesInferenceReference,Source/Reference/Types/Inference.uv,false,true,false,false,true
Unify-Var-R,HelloUltraviolet::Reference::Types,runTypesInferenceReference,Source/Reference/Types/Inference.uv,false,true,false,false,true
Unify-Tuple,HelloUltraviolet::Reference::Types,runTypesInferenceReference,Source/Reference/Types/Inference.uv,false,true,false,false,true
Unify-Ok,HelloUltraviolet::Reference::Types,runTypesInferenceReference,Source/Reference/Types/Inference.uv,false,true,false,false,true
Solve-Unify,HelloUltraviolet::Reference::Types,runTypesInferenceReference,Source/Reference/Types/Inference.uv,false,true,false,false,true
Syn-Expr,HelloUltraviolet::Reference::Types,runTypesInferenceReference,Source/Reference/Types/Inference.uv,false,true,false,false,true
Syn-Ident,HelloUltraviolet::Reference::Types,runTypesInferenceReference,Source/Reference/Types/Inference.uv,false,true,false,false,true
Syn-Tuple,HelloUltraviolet::Reference::Types,runTypesInferenceReference,Source/Reference/Types/Inference.uv,false,true,false,false,true
Syn-Call,HelloUltraviolet::Reference::Types,runTypesInferenceReference,Source/Reference/Types/Inference.uv,false,true,false,false,true
Chk-Subsumption,HelloUltraviolet::Reference::Types,runTypesInferenceReference,Source/Reference/Types/Inference.uv,false,true,false,false,true
req.FeatureLocalSynthesisAndCheckingOwnership,HelloUltraviolet::Reference::Types,runTypesInferenceReference,Source/Reference/Types/Inference.uv,false,true,false,false,true
property.TypeSystemMetatheory.Intro,HelloUltraviolet::Reference::Types,runTypesEquivalenceReference,Source/Reference/Types/Equivalence.uv,false,true,false,false,true
Progress,HelloUltraviolet::Reference::Types,runTypesEquivalenceReference,Source/Reference/Types/Equivalence.uv,false,true,false,false,true
Preservation,HelloUltraviolet::Reference::Types,runTypesEquivalenceReference,Source/Reference/Types/Equivalence.uv,false,true,false,false,true
No-Use-After-Free,HelloUltraviolet::Reference::Types,runTypesEquivalenceReference,Source/Reference/Types/Equivalence.uv,false,true,false,false,true
No-Double-Free,HelloUltraviolet::Reference::Types,runTypesEquivalenceReference,Source/Reference/Types/Equivalence.uv,false,true,false,false,true
No-Dangling-Pointers,HelloUltraviolet::Reference::Types,runTypesEquivalenceReference,Source/Reference/Types/Equivalence.uv,false,true,false,false,true
Exclusivity-Invariant,HelloUltraviolet::Reference::Types,runTypesEquivalenceReference,Source/Reference/Types/Equivalence.uv,false,true,false,false,true
Permission-Preservation,HelloUltraviolet::Reference::Types,runTypesEquivalenceReference,Source/Reference/Types/Equivalence.uv,false,true,false,false,true
State-Determinism,HelloUltraviolet::Reference::Types,runTypesEquivalenceReference,Source/Reference/Types/Equivalence.uv,false,true,false,false,true
No-Resurrection,HelloUltraviolet::Reference::Types,runTypesEquivalenceReference,Source/Reference/Types/Equivalence.uv,false,true,false,false,true
Data-Race-Freedom,HelloUltraviolet::Reference::Types,runTypesEquivalenceReference,Source/Reference/Types/Equivalence.uv,false,true,false,false,true
Fork-Join-Guarantee,HelloUltraviolet::Reference::Types,runTypesEquivalenceReference,Source/Reference/Types/Equivalence.uv,false,true,false,false,true
Key-Serialization,HelloUltraviolet::Reference::Types,runTypesEquivalenceReference,Source/Reference/Types/Equivalence.uv,false,true,false,false,true
Async-Key-Safety,HelloUltraviolet::Reference::Types,runTypesEquivalenceReference,Source/Reference/Types/Equivalence.uv,false,true,false,false,true
grammar.AttributeSyntaxAndPlacement,HelloUltraviolet::Reference::Attributes,runAttributesGeneralAttributesReference,Source/Reference/Attributes/GeneralAttributes.uv,false,true,false,false,true
req.AttributeReservedLeafNames,HelloUltraviolet::Reference::Attributes,runAttributesGeneralAttributesReference,Source/Reference/Attributes/GeneralAttributes.uv,false,true,false,false,true
req.AttributeImmediateTargetPlacement,HelloUltraviolet::Reference::Attributes,runAttributesGeneralAttributesReference,Source/Reference/Attributes/GeneralAttributes.uv,false,true,false,false,true
Parse-AttrListOpt-None,HelloUltraviolet::Reference::Attributes,runAttributesGeneralAttributesReference,Source/Reference/Attributes/GeneralAttributes.uv,false,true,false,false,true
Parse-AttrListOpt-Yes,HelloUltraviolet::Reference::Attributes,runAttributesGeneralAttributesReference,Source/Reference/Attributes/GeneralAttributes.uv,false,true,false,false,true
Parse-AttrList-Cons,HelloUltraviolet::Reference::Attributes,runAttributesGeneralAttributesReference,Source/Reference/Attributes/GeneralAttributes.uv,false,true,false,false,true
Parse-AttrListTail-End,HelloUltraviolet::Reference::Attributes,runAttributesGeneralAttributesReference,Source/Reference/Attributes/GeneralAttributes.uv,false,true,false,false,true
Parse-AttrListTail-Cons,HelloUltraviolet::Reference::Attributes,runAttributesGeneralAttributesReference,Source/Reference/Attributes/GeneralAttributes.uv,false,true,false,false,true
Parse-Attribute,HelloUltraviolet::Reference::Attributes,runAttributesGeneralAttributesReference,Source/Reference/Attributes/GeneralAttributes.uv,false,true,false,false,true
Parse-AttrSpec,HelloUltraviolet::Reference::Attributes,runAttributesGeneralAttributesReference,Source/Reference/Attributes/GeneralAttributes.uv,false,true,false,false,true
Parse-AttrArgsOpt-None,HelloUltraviolet::Reference::Attributes,runAttributesGeneralAttributesReference,Source/Reference/Attributes/GeneralAttributes.uv,false,true,false,false,true
Parse-AttrArgsOpt-Empty,HelloUltraviolet::Reference::Attributes,runAttributesGeneralAttributesReference,Source/Reference/Attributes/GeneralAttributes.uv,false,true,false,false,true
Parse-AttrArgsOpt-Yes,HelloUltraviolet::Reference::Attributes,runAttributesGeneralAttributesReference,Source/Reference/Attributes/GeneralAttributes.uv,false,true,false,false,true
Parse-AttrArgList-Cons,HelloUltraviolet::Reference::Attributes,runAttributesGeneralAttributesReference,Source/Reference/Attributes/GeneralAttributes.uv,false,true,false,false,true
Parse-AttrArgListTail-End,HelloUltraviolet::Reference::Attributes,runAttributesGeneralAttributesReference,Source/Reference/Attributes/GeneralAttributes.uv,false,true,false,false,true
Parse-AttrArgListTail-TrailingComma,HelloUltraviolet::Reference::Attributes,runAttributesGeneralAttributesReference,Source/Reference/Attributes/GeneralAttributes.uv,false,true,false,false,true
Parse-AttrArgListTail-Comma,HelloUltraviolet::Reference::Attributes,runAttributesGeneralAttributesReference,Source/Reference/Attributes/GeneralAttributes.uv,false,true,false,false,true
Parse-AttrArg-Named-Literal,HelloUltraviolet::Reference::Attributes,runAttributesGeneralAttributesReference,Source/Reference/Attributes/GeneralAttributes.uv,false,true,false,false,true
Parse-AttrArg-Named-Ident,HelloUltraviolet::Reference::Attributes,runAttributesGeneralAttributesReference,Source/Reference/Attributes/GeneralAttributes.uv,false,true,false,false,true
Parse-AttrArg-Named-Call,HelloUltraviolet::Reference::Attributes,runAttributesGeneralAttributesReference,Source/Reference/Attributes/GeneralAttributes.uv,false,true,false,false,true
Parse-AttrArg-Literal,HelloUltraviolet::Reference::Attributes,runAttributesGeneralAttributesReference,Source/Reference/Attributes/GeneralAttributes.uv,false,true,false,false,true
Parse-AttrArg-Ident,HelloUltraviolet::Reference::Attributes,runAttributesGeneralAttributesReference,Source/Reference/Attributes/GeneralAttributes.uv,false,true,false,false,true
def.AttributeAstRepresentation,HelloUltraviolet::Reference::Attributes,runAttributesGeneralAttributesReference,Source/Reference/Attributes/GeneralAttributes.uv,false,true,false,false,true
def.AttributeVendorPrefixAst,HelloUltraviolet::Reference::Attributes,runAttributesGeneralAttributesReference,Source/Reference/Attributes/GeneralAttributes.uv,false,true,false,false,true
def.AttributeArgumentAst,HelloUltraviolet::Reference::Attributes,runAttributesGeneralAttributesReference,Source/Reference/Attributes/GeneralAttributes.uv,false,true,false,false,true
def.AttributeSpecAst,HelloUltraviolet::Reference::Attributes,runAttributesGeneralAttributesReference,Source/Reference/Attributes/GeneralAttributes.uv,false,true,false,false,true
def.AttributeListAst,HelloUltraviolet::Reference::Attributes,runAttributesGeneralAttributesReference,Source/Reference/Attributes/GeneralAttributes.uv,false,true,false,false,true
def.ExpressionAttributes,HelloUltraviolet::Reference::Attributes,runAttributesGeneralAttributesReference,Source/Reference/Attributes/GeneralAttributes.uv,false,true,false,false,true
def.AttachExpressionAttributes,HelloUltraviolet::Reference::Attributes,runAttributesGeneralAttributesReference,Source/Reference/Attributes/GeneralAttributes.uv,false,true,false,false,true
def.ItemAttributeList,HelloUltraviolet::Reference::Attributes,runAttributesGeneralAttributesReference,Source/Reference/Attributes/GeneralAttributes.uv,false,true,false,false,true
def.AttributeByName,HelloUltraviolet::Reference::Attributes,runAttributesGeneralAttributesReference,Source/Reference/Attributes/GeneralAttributes.uv,false,true,false,false,true
def.AttributeTargetDomain,HelloUltraviolet::Reference::Attributes,runAttributesGeneralAttributesReference,Source/Reference/Attributes/GeneralAttributes.uv,false,true,false,false,true
def.AttributeRegistry,HelloUltraviolet::Reference::Attributes,runAttributesGeneralAttributesReference,Source/Reference/Attributes/GeneralAttributes.uv,false,true,false,false,true
def.VendorAttributeRegistryInitial,HelloUltraviolet::Reference::Attributes,runAttributesGeneralAttributesReference,Source/Reference/Attributes/GeneralAttributes.uv,false,true,false,false,true
def.SpecAttributeRegistry,HelloUltraviolet::Reference::Attributes,runAttributesGeneralAttributesReference,Source/Reference/Attributes/GeneralAttributes.uv,false,true,false,false,true
def.SpecAttributeTargets,HelloUltraviolet::Reference::Attributes,runAttributesGeneralAttributesReference,Source/Reference/Attributes/GeneralAttributes.uv,false,true,false,false,true
def.AttributeListWellFormedJudgementSet,HelloUltraviolet::Reference::Attributes,runAttributesGeneralAttributesReference,Source/Reference/Attributes/GeneralAttributes.uv,false,true,false,false,true
AttrList-Ok,HelloUltraviolet::Reference::Attributes,runAttributesGeneralAttributesReference,Source/Reference/Attributes/GeneralAttributes.uv,false,true,false,false,true
def.AttributeStaticSemantics.Helpers2,HelloUltraviolet::Reference::Attributes,runAttributesGeneralAttributesReference,Source/Reference/Attributes/GeneralAttributes.uv,false,true,false,false,true
req.MemoryOrderAttributeTargets,HelloUltraviolet::Reference::Attributes,runAttributesGeneralAttributesReference,Source/Reference/Attributes/GeneralAttributes.uv,false,true,false,false,true
req.AttributeListWellFormednessCheck,HelloUltraviolet::Reference::Attributes,runAttributesGeneralAttributesReference,Source/Reference/Attributes/GeneralAttributes.uv,false,true,false,false,true
req.MultipleAttributeListConcatenation,HelloUltraviolet::Reference::Attributes,runAttributesGeneralAttributesReference,Source/Reference/Attributes/GeneralAttributes.uv,false,true,false,false,true
req.FfiAttributeOwnership,HelloUltraviolet::Reference::Attributes,runAttributesGeneralAttributesReference,Source/Reference/Attributes/GeneralAttributes.uv,false,true,false,false,true
conformance.AttributeDynamicSemantics,HelloUltraviolet::Reference::Attributes,runAttributesGeneralAttributesReference,Source/Reference/Attributes/GeneralAttributes.uv,false,true,false,false,true
conformance.AttributeLoweringOwnership,HelloUltraviolet::Reference::Attributes,runAttributesGeneralAttributesReference,Source/Reference/Attributes/GeneralAttributes.uv,false,true,false,false,true
conformance.VendorAttributeSyntaxReuse,HelloUltraviolet::Reference::Attributes,runAttributesVendorAttributesReference,Source/Reference/Attributes/VendorAttributes.uv,false,true,false,false,true
req.VendorAttributeParserReuse,HelloUltraviolet::Reference::Attributes,runAttributesVendorAttributesReference,Source/Reference/Attributes/VendorAttributes.uv,false,true,false,false,true
def.AttributeLeafToken,HelloUltraviolet::Reference::Attributes,runAttributesVendorAttributesReference,Source/Reference/Attributes/VendorAttributes.uv,false,true,false,false,true
Parse-AttrName-Plain,HelloUltraviolet::Reference::Attributes,runAttributesVendorAttributesReference,Source/Reference/Attributes/VendorAttributes.uv,false,true,false,false,true
Parse-AttrName-Vendor,HelloUltraviolet::Reference::Attributes,runAttributesVendorAttributesReference,Source/Reference/Attributes/VendorAttributes.uv,false,true,false,false,true
Parse-VendorPrefixTail-End,HelloUltraviolet::Reference::Attributes,runAttributesVendorAttributesReference,Source/Reference/Attributes/VendorAttributes.uv,false,true,false,false,true
Parse-VendorPrefixTail-Cons,HelloUltraviolet::Reference::Attributes,runAttributesVendorAttributesReference,Source/Reference/Attributes/VendorAttributes.uv,false,true,false,false,true
def.VendorAttributeAst,HelloUltraviolet::Reference::Attributes,runAttributesVendorAttributesReference,Source/Reference/Attributes/VendorAttributes.uv,false,true,false,false,true
conformance.VendorAttributeStaticSemantics,HelloUltraviolet::Reference::Attributes,runAttributesVendorAttributesReference,Source/Reference/Attributes/VendorAttributes.uv,false,true,false,false,true
conformance.VendorAttributeDynamicSemantics,HelloUltraviolet::Reference::Attributes,runAttributesVendorAttributesReference,Source/Reference/Attributes/VendorAttributes.uv,false,true,false,false,true
grammar.LayoutAttributeSyntax,HelloUltraviolet::Audit,attributesMetadataArtifactObligationsExecute,Source/Audit/AttributesMetadataArtifactExecution.uv,false,true,false,false,true
req.LayoutAttributeParserReuse,HelloUltraviolet::Audit,attributesMetadataArtifactObligationsExecute,Source/Audit/AttributesMetadataArtifactExecution.uv,false,true,false,false,true
def.LayoutAttributeAstAttachment,HelloUltraviolet::Audit,attributesMetadataArtifactObligationsExecute,Source/Audit/AttributesMetadataArtifactExecution.uv,false,true,false,false,true
req.LayoutCRecordSemantics,HelloUltraviolet::Reference::Attributes,runAttributesLayoutAttributesReference,Source/Reference/Attributes/LayoutAttributes.uv,false,true,false,false,true
req.LayoutCEnumSemantics,HelloUltraviolet::Reference::Attributes,runAttributesLayoutAttributesReference,Source/Reference/Attributes/LayoutAttributes.uv,false,true,false,false,true
req.LayoutExplicitEnumDiscriminant,HelloUltraviolet::Audit,attributesMetadataArtifactObligationsExecute,Source/Audit/AttributesMetadataArtifactExecution.uv,false,true,false,false,true
req.LayoutPackedRecordSemantics,HelloUltraviolet::Audit,attributesMetadataArtifactObligationsExecute,Source/Audit/AttributesMetadataArtifactExecution.uv,false,true,false,false,true
req.LayoutAlignSemantics,HelloUltraviolet::Audit,attributesMetadataArtifactObligationsExecute,Source/Audit/AttributesMetadataArtifactExecution.uv,false,true,false,false,true
def.ValidLayoutAttributeCombinations,HelloUltraviolet::Audit,attributesMetadataArtifactObligationsExecute,Source/Audit/AttributesMetadataArtifactExecution.uv,false,true,false,false,true
conformance.LayoutAttributeDynamicSemantics,HelloUltraviolet::Audit,attributesMetadataArtifactObligationsExecute,Source/Audit/AttributesMetadataArtifactExecution.uv,false,true,false,false,true
grammar.OptimizationAttributeSyntax,HelloUltraviolet::Reference::Attributes,runAttributesOptimizationAttributesReference,Source/Reference/Attributes/OptimizationAttributes.uv,false,true,false,false,true
req.OptimizationAttributeParserReuse,HelloUltraviolet::Reference::Attributes,runAttributesOptimizationAttributesReference,Source/Reference/Attributes/OptimizationAttributes.uv,false,true,false,false,true
def.OptimizationAttributeAstAttachment,HelloUltraviolet::Reference::Attributes,runAttributesOptimizationAttributesReference,Source/Reference/Attributes/OptimizationAttributes.uv,false,true,false,false,true
req.InlineAttributeSemantics,HelloUltraviolet::Reference::Attributes,runAttributesOptimizationAttributesReference,Source/Reference/Attributes/OptimizationAttributes.uv,false,true,false,false,true
req.ColdAttributeSemantics,HelloUltraviolet::Reference::Attributes,runAttributesOptimizationAttributesReference,Source/Reference/Attributes/OptimizationAttributes.uv,false,true,false,false,true
conformance.OptimizationAttributeDynamicSemantics,HelloUltraviolet::Reference::Attributes,runAttributesOptimizationAttributesReference,Source/Reference/Attributes/OptimizationAttributes.uv,false,true,false,false,true
conformance.OptimizationAttributeLowering,HelloUltraviolet::Audit,attributesMetadataArtifactObligationsExecute,Source/Audit/AttributesMetadataArtifactExecution.uv,false,true,false,false,true
req.DiagnosticsMetadataSyntaxParsingAst,HelloUltraviolet::Reference::Attributes,runAttributesDiagnosticAttributesReference,Source/Reference/Attributes/DiagnosticAttributes.uv,false,true,false,false,true
req.DiagnosticsMetadataParserReuse,HelloUltraviolet::Reference::Attributes,runAttributesDiagnosticAttributesReference,Source/Reference/Attributes/DiagnosticAttributes.uv,false,true,false,false,true
def.ExpressionAttributeList,HelloUltraviolet::Reference::Attributes,runAttributesDiagnosticAttributesReference,Source/Reference/Attributes/DiagnosticAttributes.uv,false,true,false,false,true
def.ExpressionAttributeByName,HelloUltraviolet::Reference::Attributes,runAttributesDiagnosticAttributesReference,Source/Reference/Attributes/DiagnosticAttributes.uv,false,true,false,false,true
def.DynamicDeclarationPredicate,HelloUltraviolet::Reference::Attributes,runAttributesDiagnosticAttributesReference,Source/Reference/Attributes/DiagnosticAttributes.uv,false,true,false,false,true
def.DynamicExpressionPredicate,HelloUltraviolet::Reference::Attributes,runAttributesDiagnosticAttributesReference,Source/Reference/Attributes/DiagnosticAttributes.uv,false,true,false,false,true
def.DynamicScopePredicate,HelloUltraviolet::Reference::Attributes,runAttributesDiagnosticAttributesReference,Source/Reference/Attributes/DiagnosticAttributes.uv,false,true,false,false,true
def.InDynamicContext,HelloUltraviolet::Reference::Attributes,runAttributesDiagnosticAttributesReference,Source/Reference/Attributes/DiagnosticAttributes.uv,false,true,false,false,true
req.DeprecatedAttributeSemantics,HelloUltraviolet::Reference::Attributes,runAttributesDiagnosticAttributesReference,Source/Reference/Attributes/DiagnosticAttributes.uv,false,true,false,false,true
req.DynamicAttributeSemantics,HelloUltraviolet::Reference::Attributes,runAttributesDiagnosticAttributesReference,Source/Reference/Attributes/DiagnosticAttributes.uv,false,true,false,false,true
req.DynamicScopeDetermination,HelloUltraviolet::Reference::Attributes,runAttributesDiagnosticAttributesReference,Source/Reference/Attributes/DiagnosticAttributes.uv,false,true,false,false,true
def.ComputeDynamicContext,HelloUltraviolet::Reference::Attributes,runAttributesDiagnosticAttributesReference,Source/Reference/Attributes/DiagnosticAttributes.uv,false,true,false,false,true
def.FindInnermostDynamic,HelloUltraviolet::Reference::Attributes,runAttributesDiagnosticAttributesReference,Source/Reference/Attributes/DiagnosticAttributes.uv,false,true,false,false,true
def.MinimalSpan,HelloUltraviolet::Reference::Attributes,runAttributesDiagnosticAttributesReference,Source/Reference/Attributes/DiagnosticAttributes.uv,false,true,false,false,true
DynamicContext-Override,HelloUltraviolet::Reference::Attributes,runAttributesDiagnosticAttributesReference,Source/Reference/Attributes/DiagnosticAttributes.uv,false,true,false,false,true
req.DynamicContextOverridePropagation,HelloUltraviolet::Reference::Attributes,runAttributesDiagnosticAttributesReference,Source/Reference/Attributes/DiagnosticAttributes.uv,false,true,false,false,true
DynamicContext-NoInherit-Call,HelloUltraviolet::Reference::Attributes,runAttributesDiagnosticAttributesReference,Source/Reference/Attributes/DiagnosticAttributes.uv,false,true,false,false,true
req.DynamicContextLexicalNoCallPropagation,HelloUltraviolet::Reference::Attributes,runAttributesDiagnosticAttributesReference,Source/Reference/Attributes/DiagnosticAttributes.uv,false,true,false,false,true
req.DynamicEffectsAndRestrictions,HelloUltraviolet::Reference::Attributes,runAttributesDiagnosticAttributesReference,Source/Reference/Attributes/DiagnosticAttributes.uv,false,true,false,false,true
req.StaleOkAttributeSemantics,HelloUltraviolet::Reference::Attributes,runAttributesDiagnosticAttributesReference,Source/Reference/Attributes/DiagnosticAttributes.uv,false,true,false,false,true
req.VerificationModeAttributeSemantics,HelloUltraviolet::Reference::Attributes,runAttributesDiagnosticAttributesReference,Source/Reference/Attributes/DiagnosticAttributes.uv,false,true,false,false,true
req.ReflectAttributeSemantics,HelloUltraviolet::Reference::Attributes,runAttributesDiagnosticAttributesReference,Source/Reference/Attributes/DiagnosticAttributes.uv,false,true,false,false,true
req.DeriveAttributeSemantics,HelloUltraviolet::Reference::Attributes,runAttributesDiagnosticAttributesReference,Source/Reference/Attributes/DiagnosticAttributes.uv,false,true,false,false,true
req.EmitAttributeSemantics,HelloUltraviolet::Reference::Attributes,runAttributesDiagnosticAttributesReference,Source/Reference/Attributes/DiagnosticAttributes.uv,false,true,false,false,true
req.FilesAttributeSemantics,HelloUltraviolet::Reference::Attributes,runAttributesDiagnosticAttributesReference,Source/Reference/Attributes/DiagnosticAttributes.uv,false,true,false,false,true
conformance.DiagnosticsMetadataDynamicSemantics,HelloUltraviolet::Reference::Attributes,runAttributesDiagnosticAttributesReference,Source/Reference/Attributes/DiagnosticAttributes.uv,false,true,false,false,true
conformance.DiagnosticsMetadataLowering,HelloUltraviolet::Reference::Attributes,runAttributesDiagnosticAttributesReference,Source/Reference/Attributes/DiagnosticAttributes.uv,false,true,false,false,true
grammar.PermissionFormsSyntax,HelloUltraviolet::Reference::Permissions,runPermissionsPermissionFormsReference,Source/Reference/Permissions/PermissionForms.uv,false,true,false,false,true
req.PermissionQualifierTypeGrammarPlacement,HelloUltraviolet::Reference::Permissions,runPermissionsPermissionFormsReference,Source/Reference/Permissions/PermissionForms.uv,false,true,false,false,true
req.PermissionParserOwnership,HelloUltraviolet::Reference::Permissions,runPermissionsPermissionFormsReference,Source/Reference/Permissions/PermissionForms.uv,false,true,false,false,true
req.ParseReceiverCanonicalOwner,HelloUltraviolet::Reference::Permissions,runPermissionsPermissionFormsReference,Source/Reference/Permissions/PermissionForms.uv,false,true,false,false,true
def.PermissionAstForms,HelloUltraviolet::Reference::Permissions,runPermissionsPermissionFormsReference,Source/Reference/Permissions/PermissionForms.uv,false,true,false,false,true
def.PermissionQualifiedTypeAst,HelloUltraviolet::Reference::Permissions,runPermissionsPermissionFormsReference,Source/Reference/Permissions/PermissionForms.uv,false,true,false,false,true
def.PermissionQualifierSemantics,HelloUltraviolet::Reference::Permissions,runPermissionsPermissionFormsReference,Source/Reference/Permissions/PermissionForms.uv,false,true,false,false,true
req.PermissionRegimesDistinct,HelloUltraviolet::Reference::Permissions,runPermissionsPermissionFormsReference,Source/Reference/Permissions/PermissionForms.uv,false,true,false,false,true
def.PermissionRegimeProperties,HelloUltraviolet::Reference::Permissions,runPermissionsPermissionFormsReference,Source/Reference/Permissions/PermissionForms.uv,false,true,false,false,true
req.PermissionRegimeConstraints,HelloUltraviolet::Reference::Permissions,runPermissionsPermissionFormsReference,Source/Reference/Permissions/PermissionForms.uv,false,true,false,false,true
def.SharedPermissionOperationMatrix,HelloUltraviolet::Reference::Permissions,runPermissionsPermissionFormsReference,Source/Reference/Permissions/PermissionForms.uv,false,true,false,false,true
conformance.PermissionDynamicSemantics,HelloUltraviolet::Reference::Permissions,runPermissionsPermissionFormsReference,Source/Reference/Permissions/PermissionForms.uv,false,true,false,false,true
conformance.PermissionLayoutNeutrality,HelloUltraviolet::Audit,artifactProjectEmitLlExercise,Source/Audit/ArtifactProjectExecution.uv,false,true,false,false,true
Layout-Perm,HelloUltraviolet::Audit,artifactProjectEmitLlExercise,Source/Audit/ArtifactProjectExecution.uv,false,true,false,false,true
SizeOf-Perm,HelloUltraviolet::Reference::Permissions,runPermissionsPermissionFormsReference,Source/Reference/Permissions/PermissionForms.uv,false,true,false,false,true
AlignOf-Perm,HelloUltraviolet::Reference::Permissions,runPermissionsPermissionFormsReference,Source/Reference/Permissions/PermissionForms.uv,false,true,false,false,true
req.PermissionFormsLoweringDiagnostics,HelloUltraviolet::Audit,artifactProjectEmitLlExercise,Source/Audit/ArtifactProjectExecution.uv,false,true,false,false,true
req.PermissionFormsDiagnosticOwnership,HelloUltraviolet::Reference::Permissions,runPermissionsPermissionFormsReference,Source/Reference/Permissions/PermissionForms.uv,false,true,false,false,true
conformance.AliasAndExclusivityRules,HelloUltraviolet::Reference::Permissions,runPermissionsAliasExclusivityReference,Source/Reference/Permissions/AliasExclusivity.uv,false,true,false,false,true
req.AliasExclusivityNoParsingRules,HelloUltraviolet::Reference::Permissions,runPermissionsAliasExclusivityReference,Source/Reference/Permissions/AliasExclusivity.uv,false,true,false,false,true
req.AliasExclusivityNoAstForms,HelloUltraviolet::Reference::Permissions,runPermissionsAliasExclusivityReference,Source/Reference/Permissions/AliasExclusivity.uv,false,true,false,false,true
def.AliasingByOverlappingStorage,HelloUltraviolet::Reference::Permissions,runPermissionsAliasExclusivityReference,Source/Reference/Permissions/AliasExclusivity.uv,false,true,false,false,true
req.UniqueExclusivityInvariant,HelloUltraviolet::Reference::Permissions,runPermissionsAliasExclusivityReference,Source/Reference/Permissions/AliasExclusivity.uv,false,true,false,false,true
def.PermissionCoexistenceMatrix,HelloUltraviolet::Reference::Permissions,runPermissionsAliasExclusivityReference,Source/Reference/Permissions/AliasExclusivity.uv,false,true,false,false,true
conformance.AliasExclusivityDynamicSemantics,HelloUltraviolet::Reference::Permissions,runPermissionsAliasExclusivityReference,Source/Reference/Permissions/AliasExclusivity.uv,false,true,false,false,true
conformance.AliasExclusivityLowering,HelloUltraviolet::Audit,artifactProjectEmitLlExercise,Source/Audit/ArtifactProjectExecution.uv,false,true,false,false,true
req.AliasExclusivityDiagnosticOwnership,HelloUltraviolet::Reference::Permissions,runPermissionsAliasExclusivityReference,Source/Reference/Permissions/AliasExclusivity.uv,false,true,false,false,true
req.BindingActivityNoConcreteSyntax,HelloUltraviolet::Reference::Permissions,runPermissionsActivityStatesReference,Source/Reference/Permissions/ActivityStates.uv,false,true,false,false,true
req.BindingActivityNoParsingRules,HelloUltraviolet::Reference::Permissions,runPermissionsActivityStatesReference,Source/Reference/Permissions/ActivityStates.uv,false,true,false,false,true
req.BindingActivityNoAstNode,HelloUltraviolet::Reference::Permissions,runPermissionsActivityStatesReference,Source/Reference/Permissions/ActivityStates.uv,false,true,false,false,true
def.UniqueBindingActivityStates,HelloUltraviolet::Reference::Permissions,runPermissionsActivityStatesReference,Source/Reference/Permissions/ActivityStates.uv,false,true,false,false,true
Inactive-Enter,HelloUltraviolet::Reference::Permissions,runPermissionsActivityStatesReference,Source/Reference/Permissions/ActivityStates.uv,false,true,false,false,true
Inactive-Exit,HelloUltraviolet::Reference::Permissions,runPermissionsActivityStatesReference,Source/Reference/Permissions/ActivityStates.uv,false,true,false,false,true
req.InactiveUniqueBindingNoDirectUse,HelloUltraviolet::Audit,rejectedSourceFixturesCompileAndEmitExpectedDiagnostics,Source/Audit/DiagnosticFixtureExecution.uv,false,true,false,false,true
req.BindingActivityNoAliasCreation,HelloUltraviolet::Reference::Permissions,runPermissionsActivityStatesReference,Source/Reference/Permissions/ActivityStates.uv,false,true,false,false,true
req.BindingActivityDeterministicReactivation,HelloUltraviolet::Reference::Permissions,runPermissionsActivityStatesReference,Source/Reference/Permissions/ActivityStates.uv,false,true,false,false,true
conformance.BindingActivityLowering,HelloUltraviolet::Audit,artifactProjectEmitLlExercise,Source/Audit/ArtifactProjectExecution.uv,false,true,false,false,true
req.BindingActivityDiagnosticOwnership,HelloUltraviolet::Reference::Permissions,runPermissionsActivityStatesReference,Source/Reference/Permissions/ActivityStates.uv,false,true,false,false,true
req.PermissionAdmissibilityNoAdditionalSyntax,HelloUltraviolet::Reference::Permissions,runPermissionsAdmissibilityReference,Source/Reference/Permissions/Admissibility.uv,false,true,false,false,true
req.PermissionAdmissibilityNoAdditionalParsing,HelloUltraviolet::Reference::Permissions,runPermissionsAdmissibilityReference,Source/Reference/Permissions/Admissibility.uv,false,true,false,false,true
def.PermissionAdmissibilityAstInputs,HelloUltraviolet::Reference::Permissions,runPermissionsAdmissibilityReference,Source/Reference/Permissions/Admissibility.uv,false,true,false,false,true
req.PermissionAdmissibilityScope,HelloUltraviolet::Reference::Permissions,runPermissionsAdmissibilityReference,Source/Reference/Permissions/Admissibility.uv,false,true,false,false,true
def.PermAdmitsJudgementSet,HelloUltraviolet::Reference::Permissions,runPermissionsAdmissibilityReference,Source/Reference/Permissions/Admissibility.uv,false,true,false,false,true
def.PermissionAdmissibilityPairs,HelloUltraviolet::Reference::Permissions,permissionAdmissibilityPairsReference,Source/Reference/Permissions/Admissibility.uv,false,true,false,false,true
req.PermAdmitsUseSitesNoTypeRewrite,HelloUltraviolet::Reference::Permissions,runPermissionsAdmissibilityReference,Source/Reference/Permissions/Admissibility.uv,false,true,false,false,true
def.MethodReceiverPermissionAdmissibility,HelloUltraviolet::Reference::Permissions,runPermissionsAdmissibilityReference,Source/Reference/Permissions/Admissibility.uv,false,true,false,false,true
def.MethodReceiverPermissionMatrix,HelloUltraviolet::Reference::Permissions,runPermissionsAdmissibilityReference,Source/Reference/Permissions/Admissibility.uv,false,true,false,false,true
req.PermissionAdmissibilityNoImplicitConversion,HelloUltraviolet::Reference::Permissions,runPermissionsAdmissibilityReference,Source/Reference/Permissions/Admissibility.uv,false,true,false,false,true
req.PermissionQualifiedSubtypingPermissionEquality,HelloUltraviolet::Reference::Permissions,runPermissionsAdmissibilityReference,Source/Reference/Permissions/Admissibility.uv,false,true,false,false,true
conformance.PermissionAdmissibilityRuntimeIdentity,HelloUltraviolet::Reference::Permissions,permissionAdmissibilityRuntimeIdentityReference,Source/Reference/Permissions/Admissibility.uv,false,true,false,false,true
conformance.PermissionAdmissibilitySharedKeyGate,HelloUltraviolet::Reference::Permissions,runPermissionsAdmissibilityReference,Source/Reference/Permissions/Admissibility.uv,false,true,false,false,true
conformance.PermissionAdmissibilityLowering,HelloUltraviolet::Audit,artifactProjectEmitLlExercise,Source/Audit/ArtifactProjectExecution.uv,false,true,false,false,true
grammar.ImportDeclarationSyntax,HelloUltraviolet::Reference::Modules,runModulesImportsReference,Source/Reference/Modules/Imports.uv,false,true,false,false,true
req.ImportDeclarationParserBranch,HelloUltraviolet::Reference::Modules,runModulesImportsReference,Source/Reference/Modules/Imports.uv,false,true,false,false,true
Parse-Import,HelloUltraviolet::Reference::Modules,runModulesImportsReference,Source/Reference/Modules/Imports.uv,false,true,false,false,true
def.ImportDeclAst,HelloUltraviolet::Reference::Modules,runModulesImportsReference,Source/Reference/Modules/Imports.uv,false,true,false,false,true
req.ImportDeclarationBindingSemanticsScope,HelloUltraviolet::Reference::Modules,runModulesImportsReference,Source/Reference/Modules/Imports.uv,false,true,false,false,true
Import-Path,HelloUltraviolet::Reference::Modules,runModulesImportsReference,Source/Reference/Modules/Imports.uv,false,true,false,false,true
Bind-Import,HelloUltraviolet::Reference::Modules,runModulesImportsReference,Source/Reference/Modules/Imports.uv,false,true,false,false,true
ResolveItem-Import,HelloUltraviolet::Reference::Modules,runModulesImportsReference,Source/Reference/Modules/Imports.uv,false,true,false,false,true
conformance.ImportDeclarationDynamicSemantics,HelloUltraviolet::Reference::Modules,runModulesImportsReference,Source/Reference/Modules/Imports.uv,false,true,false,false,true
conformance.ImportDeclarationLowering,HelloUltraviolet::Audit,moduleSourceProjectExternAbiFormsExecute,Source/Audit/ModuleSourceProjectInfrastructureExecution.uv,false,true,false,false,true
grammar.UsingDeclarationSyntax,HelloUltraviolet::Reference::Modules,runModulesUsingsReference,Source/Reference/Modules/Usings.uv,false,true,false,false,true
Parse-Using-Wildcard,HelloUltraviolet::Reference::Modules,runModulesUsingsReference,Source/Reference/Modules/Usings.uv,false,true,false,false,true
Parse-Using-List,HelloUltraviolet::Reference::Modules,runModulesUsingsReference,Source/Reference/Modules/Usings.uv,false,true,false,false,true
Parse-Using-Item,HelloUltraviolet::Reference::Modules,runModulesUsingsReference,Source/Reference/Modules/Usings.uv,false,true,false,false,true
Parse-UsingSpec,HelloUltraviolet::Reference::Modules,runModulesUsingsReference,Source/Reference/Modules/Usings.uv,false,true,false,false,true
Parse-UsingList-Empty,HelloUltraviolet::Reference::Modules,runModulesUsingsReference,Source/Reference/Modules/Usings.uv,false,true,false,false,true
Parse-UsingList-Cons,HelloUltraviolet::Reference::Modules,runModulesUsingsReference,Source/Reference/Modules/Usings.uv,false,true,false,false,true
Parse-UsingListTail-End,HelloUltraviolet::Reference::Modules,runModulesUsingsReference,Source/Reference/Modules/Usings.uv,false,true,false,false,true
Parse-UsingListTail-TrailingComma,HelloUltraviolet::Reference::Modules,runModulesUsingsReference,Source/Reference/Modules/Usings.uv,false,true,false,false,true
Parse-UsingListTail-Comma,HelloUltraviolet::Reference::Modules,runModulesUsingsReference,Source/Reference/Modules/Usings.uv,false,true,false,false,true
def.UsingDeclAst,HelloUltraviolet::Reference::Modules,runModulesUsingsReference,Source/Reference/Modules/Usings.uv,false,true,false,false,true
req.UsingDeclarationBindingSemanticsScope,HelloUltraviolet::Reference::Modules,runModulesUsingsReference,Source/Reference/Modules/Usings.uv,false,true,false,false,true
def.UsingSpecName,HelloUltraviolet::Reference::Modules,runModulesUsingsReference,Source/Reference/Modules/Usings.uv,false,true,false,false,true
def.UsingSpecNames,HelloUltraviolet::Reference::Modules,runModulesUsingsReference,Source/Reference/Modules/Usings.uv,false,true,false,false,true
Using-Item,HelloUltraviolet::Reference::Modules,runModulesUsingsReference,Source/Reference/Modules/Usings.uv,false,true,false,false,true
Using-List,HelloUltraviolet::Reference::Modules,runModulesUsingsReference,Source/Reference/Modules/Usings.uv,false,true,false,false,true
Using-Wildcard-Warn,HelloUltraviolet::Reference::Modules,runModulesUsingsReference,Source/Reference/Modules/Usings.uv,false,true,false,false,true
Using-Wildcard,HelloUltraviolet::Reference::Modules,runModulesUsingsReference,Source/Reference/Modules/Usings.uv,false,true,false,false,true
Bind-Using,HelloUltraviolet::Reference::Modules,runModulesUsingsReference,Source/Reference/Modules/Usings.uv,false,true,false,false,true
ResolveItem-Using,HelloUltraviolet::Reference::Modules,runModulesUsingsReference,Source/Reference/Modules/Usings.uv,false,true,false,false,true
conformance.UsingDeclarationDynamicSemantics,HelloUltraviolet::Reference::Modules,runModulesUsingsReference,Source/Reference/Modules/Usings.uv,false,true,false,false,true
conformance.UsingDeclarationLowering,HelloUltraviolet::Audit,moduleSourceProjectExternAbiFormsExecute,Source/Audit/ModuleSourceProjectInfrastructureExecution.uv,false,true,false,false,true
grammar.StaticDeclarationSyntax,HelloUltraviolet::Reference::Modules,runModulesStaticsReference,Source/Reference/Modules/Statics.uv,false,true,false,false,true
def.StaticDeclTopLevelItems,HelloUltraviolet::Reference::Modules,runModulesStaticsReference,Source/Reference/Modules/Statics.uv,false,true,false,false,true
req.StaticDeclParserOwnership,HelloUltraviolet::Reference::Modules,runModulesStaticsReference,Source/Reference/Modules/Statics.uv,false,true,false,false,true
Parse-Static-Decl,HelloUltraviolet::Reference::Modules,runModulesStaticsReference,Source/Reference/Modules/Statics.uv,false,true,false,false,true
def.StaticDeclAst,HelloUltraviolet::Reference::Modules,runModulesStaticsReference,Source/Reference/Modules/Statics.uv,false,true,false,false,true
req.StaticDeclModuleScopeBindingSemantics,HelloUltraviolet::Reference::Modules,runModulesStaticsReference,Source/Reference/Modules/Statics.uv,false,true,false,false,true
def.StaticVisOk,HelloUltraviolet::Reference::Modules,runModulesStaticsReference,Source/Reference/Modules/Statics.uv,false,true,false,false,true
Bind-Static,HelloUltraviolet::Reference::Modules,runModulesStaticsReference,Source/Reference/Modules/Statics.uv,false,true,false,false,true
WF-StaticDecl,HelloUltraviolet::Reference::Modules,runModulesStaticsReference,Source/Reference/Modules/Statics.uv,false,true,false,false,true
WF-StaticDecl-Ann-Mismatch,HelloUltraviolet::Reference::Modules,runModulesStaticsReference,Source/Reference/Modules/Statics.uv,false,true,false,false,true
ResolveItem-Static,HelloUltraviolet::Reference::Modules,runModulesStaticsReference,Source/Reference/Modules/Statics.uv,false,true,false,false,true
conformance.StaticDeclarationDynamicSemantics,HelloUltraviolet::Reference::Modules,runModulesStaticsReference,Source/Reference/Modules/Statics.uv,false,true,false,false,true
def.ConstInitJudgementSet,HelloUltraviolet::Reference::Modules,runModulesStaticsReference,Source/Reference/Modules/Statics.uv,false,true,false,false,true
def.ConstInitLiteralEncoding,HelloUltraviolet::Reference::Modules,runModulesStaticsReference,Source/Reference/Modules/Statics.uv,false,true,false,false,true
def.StaticName,HelloUltraviolet::Reference::Modules,runModulesStaticsReference,Source/Reference/Modules/Statics.uv,false,true,false,false,true
def.StaticBindTypes,HelloUltraviolet::Reference::Modules,runModulesStaticsReference,Source/Reference/Modules/Statics.uv,false,true,false,false,true
def.StaticBindList,HelloUltraviolet::Reference::Modules,runModulesStaticsReference,Source/Reference/Modules/Statics.uv,false,true,false,false,true
def.StaticBindingFunctionSignature,HelloUltraviolet::Reference::Modules,runModulesStaticsReference,Source/Reference/Modules/Statics.uv,false,true,false,false,true
def.StaticSym,HelloUltraviolet::Reference::Modules,runModulesStaticsReference,Source/Reference/Modules/Statics.uv,false,true,false,false,true
Emit-Static-Const,HelloUltraviolet::Reference::Modules,runModulesStaticsReference,Source/Reference/Modules/Statics.uv,false,true,false,false,true
Emit-Static-Init,HelloUltraviolet::Reference::Modules,runModulesStaticsReference,Source/Reference/Modules/Statics.uv,false,true,false,false,true
Emit-Static-Multi,HelloUltraviolet::Reference::Modules,runModulesStaticsReference,Source/Reference/Modules/Statics.uv,false,true,false,false,true
def.InitSym,HelloUltraviolet::Reference::Modules,runModulesStaticsReference,Source/Reference/Modules/Statics.uv,false,true,false,false,true
InitFn,HelloUltraviolet::Reference::Modules,runModulesStaticsReference,Source/Reference/Modules/Statics.uv,false,true,false,false,true
def.DeinitSym,HelloUltraviolet::Reference::Modules,runModulesStaticsReference,Source/Reference/Modules/Statics.uv,false,true,false,false,true
DeinitFn,HelloUltraviolet::Reference::Modules,runModulesStaticsReference,Source/Reference/Modules/Statics.uv,false,true,false,false,true
def.StaticItems,HelloUltraviolet::Reference::Modules,runModulesStaticsReference,Source/Reference/Modules/Statics.uv,false,true,false,false,true
def.StaticItemOf,HelloUltraviolet::Reference::Modules,runModulesStaticsReference,Source/Reference/Modules/Statics.uv,false,true,false,false,true
def.StaticSymPath,HelloUltraviolet::Reference::Modules,runModulesStaticsReference,Source/Reference/Modules/Statics.uv,false,true,false,false,true
def.StaticAddr,HelloUltraviolet::Reference::Modules,runModulesStaticsReference,Source/Reference/Modules/Statics.uv,false,true,false,false,true
req.HostedLibraryStaticAddrSessionLocal,HelloUltraviolet::Reference::Modules,runModulesStaticsReference,Source/Reference/Modules/Statics.uv,false,true,false,false,true
def.AddrOfSym,HelloUltraviolet::Reference::Modules,runModulesStaticsReference,Source/Reference/Modules/Statics.uv,false,true,false,false,true
def.StaticType,HelloUltraviolet::Reference::Modules,runModulesStaticsReference,Source/Reference/Modules/Statics.uv,false,true,false,false,true
def.StaticBindInfo,HelloUltraviolet::Reference::Modules,runModulesStaticsReference,Source/Reference/Modules/Statics.uv,false,true,false,false,true
def.SeqIRList,HelloUltraviolet::Audit,moduleSourceProjectStaticLoweringItemsExecute,Source/Audit/ModuleSourceProjectInfrastructureExecution.uv,false,true,false,false,true
def.StaticStoreIR,HelloUltraviolet::Audit,moduleSourceProjectStaticLoweringItemsExecute,Source/Audit/ModuleSourceProjectInfrastructureExecution.uv,false,true,false,false,true
Lower-StaticInit-Item,HelloUltraviolet::Audit,artifactProjectEmitLlExercise,Source/Audit/ArtifactProjectExecution.uv,false,true,false,false,true
Lower-StaticInitItems-Empty,HelloUltraviolet::Audit,moduleSourceProjectStaticLoweringItemsExecute,Source/Audit/ModuleSourceProjectInfrastructureExecution.uv,false,true,false,false,true
Lower-StaticInitItems-Cons,HelloUltraviolet::Audit,moduleSourceProjectStaticLoweringItemsExecute,Source/Audit/ModuleSourceProjectInfrastructureExecution.uv,false,true,false,false,true
Lower-StaticInit,HelloUltraviolet::Audit,artifactProjectEmitLlExercise,Source/Audit/ArtifactProjectExecution.uv,false,true,false,false,true
InitCallIR,HelloUltraviolet::Audit,artifactProjectEmitLlExercise,Source/Audit/ArtifactProjectExecution.uv,false,true,false,false,true
def.Rev,HelloUltraviolet::Reference::Modules,runModulesStaticsReference,Source/Reference/Modules/Statics.uv,false,true,false,false,true
Lower-StaticDeinitNames-Empty,HelloUltraviolet::Audit,moduleSourceProjectStaticLoweringItemsExecute,Source/Audit/ModuleSourceProjectInfrastructureExecution.uv,false,true,false,false,true
Lower-StaticDeinitNames-Cons-Resp,HelloUltraviolet::Audit,moduleSourceProjectStaticLoweringItemsExecute,Source/Audit/ModuleSourceProjectInfrastructureExecution.uv,false,true,false,false,true
Lower-StaticDeinitNames-Cons-NoResp,HelloUltraviolet::Audit,moduleSourceProjectStaticLoweringItemsExecute,Source/Audit/ModuleSourceProjectInfrastructureExecution.uv,false,true,false,false,true
Lower-StaticDeinit-Item,HelloUltraviolet::Audit,moduleSourceProjectStaticLoweringItemsExecute,Source/Audit/ModuleSourceProjectInfrastructureExecution.uv,false,true,false,false,true
Lower-StaticDeinitItems-Empty,HelloUltraviolet::Audit,moduleSourceProjectStaticLoweringItemsExecute,Source/Audit/ModuleSourceProjectInfrastructureExecution.uv,false,true,false,false,true
Lower-StaticDeinitItems-Cons,HelloUltraviolet::Audit,moduleSourceProjectStaticLoweringItemsExecute,Source/Audit/ModuleSourceProjectInfrastructureExecution.uv,false,true,false,false,true
Lower-StaticDeinit,HelloUltraviolet::Audit,artifactProjectEmitLlExercise,Source/Audit/ArtifactProjectExecution.uv,false,true,false,false,true
grammar.ExternBlockShellSyntax,HelloUltraviolet::Reference::Modules,runModulesExternBlocksReference,Source/Reference/Modules/ExternBlocks.uv,false,true,false,false,true
req.ExternProcedureDeclSyntaxOwnedByFfiChapter,HelloUltraviolet::Reference::Modules,runModulesExternBlocksReference,Source/Reference/Modules/ExternBlocks.uv,false,true,false,false,true
Parse-ExternBlock,HelloUltraviolet::Reference::Modules,runModulesExternBlocksReference,Source/Reference/Modules/ExternBlocks.uv,false,true,false,false,true
Parse-ExternAbiOpt-None,HelloUltraviolet::Audit,moduleSourceProjectExternAbiFormsExecute,Source/Audit/ModuleSourceProjectInfrastructureExecution.uv,false,true,false,false,true
Parse-ExternAbiOpt-String,HelloUltraviolet::Audit,moduleSourceProjectExternAbiFormsExecute,Source/Audit/ModuleSourceProjectInfrastructureExecution.uv,false,true,false,false,true
Parse-ExternAbiOpt-Ident,HelloUltraviolet::Audit,moduleSourceProjectExternAbiFormsExecute,Source/Audit/ModuleSourceProjectInfrastructureExecution.uv,false,true,false,false,true
Parse-ExternItemList-End,HelloUltraviolet::Reference::Modules,runModulesExternBlocksReference,Source/Reference/Modules/ExternBlocks.uv,false,true,false,false,true
Parse-ExternItemList-Cons,HelloUltraviolet::Reference::Modules,runModulesExternBlocksReference,Source/Reference/Modules/ExternBlocks.uv,false,true,false,false,true
def.ExternBlockAst,HelloUltraviolet::Reference::Modules,runModulesExternBlocksReference,Source/Reference/Modules/ExternBlocks.uv,false,true,false,false,true
req.ExternBlockStaticSemanticsScope,HelloUltraviolet::Reference::Modules,runModulesExternBlocksReference,Source/Reference/Modules/ExternBlocks.uv,false,true,false,false,true
Bind-ExternBlock,HelloUltraviolet::Reference::Modules,runModulesExternBlocksReference,Source/Reference/Modules/ExternBlocks.uv,false,true,false,false,true
WF-ExternBlock,HelloUltraviolet::Reference::Modules,runModulesExternBlocksReference,Source/Reference/Modules/ExternBlocks.uv,false,true,false,false,true
ResolveItem-ExternBlock,HelloUltraviolet::Reference::Modules,runModulesExternBlocksReference,Source/Reference/Modules/ExternBlocks.uv,false,true,false,false,true
conformance.ExternBlockDynamicSemantics,HelloUltraviolet::Reference::Modules,runModulesExternBlocksReference,Source/Reference/Modules/ExternBlocks.uv,false,true,false,false,true
conformance.ExternBlockLowering,HelloUltraviolet::Audit,moduleSourceProjectExternAbiFormsExecute,Source/Audit/ModuleSourceProjectInfrastructureExecution.uv,false,true,false,false,true
grammar.ModulePathSyntax,HelloUltraviolet::Reference::Modules,runModulesAggregationReference,Source/Reference/Modules/Aggregation.uv,false,true,false,false,true
req.ModuleToFileMappingNoSurfaceSyntax,HelloUltraviolet::Reference::Modules,runModulesAggregationReference,Source/Reference/Modules/Aggregation.uv,false,true,false,false,true
req.ModulePathParserOwnership,HelloUltraviolet::Reference::Modules,runModulesAggregationReference,Source/Reference/Modules/Aggregation.uv,false,true,false,false,true
Parse-ModulePath,HelloUltraviolet::Reference::Modules,runModulesAggregationReference,Source/Reference/Modules/Aggregation.uv,false,true,false,false,true
Parse-ModulePathTail-End,HelloUltraviolet::Reference::Modules,runModulesAggregationReference,Source/Reference/Modules/Aggregation.uv,false,true,false,false,true
Parse-ModulePathTail-Cons,HelloUltraviolet::Reference::Modules,runModulesAggregationReference,Source/Reference/Modules/Aggregation.uv,false,true,false,false,true
def.PathAstAliases,HelloUltraviolet::Reference::Modules,runModulesAggregationReference,Source/Reference/Modules/Aggregation.uv,false,true,false,false,true
def.ASTModule,HelloUltraviolet::Reference::Modules,runModulesAggregationReference,Source/Reference/Modules/Aggregation.uv,false,true,false,false,true
def.ASTFile,HelloUltraviolet::Reference::Modules,runModulesAggregationReference,Source/Reference/Modules/Aggregation.uv,false,true,false,false,true
req.ModuleAggregationStaticSemanticsScope,HelloUltraviolet::Reference::Modules,runModulesAggregationReference,Source/Reference/Modules/Aggregation.uv,false,true,false,false,true
Module-Path-Root,HelloUltraviolet::Reference::Modules,runModulesAggregationReference,Source/Reference/Modules/Aggregation.uv,false,true,false,false,true
Module-Path-Rel,HelloUltraviolet::Reference::Modules,runModulesAggregationReference,Source/Reference/Modules/Aggregation.uv,false,true,false,false,true
def.ModuleDirOf,HelloUltraviolet::Audit,moduleSourceProjectExternAbiFormsExecute,Source/Audit/ModuleSourceProjectInfrastructureExecution.uv,false,true,false,false,true
def.ProjectModuleView,HelloUltraviolet::Reference::Modules,runModulesAggregationReference,Source/Reference/Modules/Aggregation.uv,false,true,false,false,true
def.SourceRootOfModule,HelloUltraviolet::Reference::Modules,runModulesAggregationReference,Source/Reference/Modules/Aggregation.uv,false,true,false,false,true
def.WFModulePathJudgementSet,HelloUltraviolet::Reference::Modules,runModulesAggregationReference,Source/Reference/Modules/Aggregation.uv,false,true,false,false,true
WF-Module-Path-Ok,HelloUltraviolet::Reference::Modules,runModulesAggregationReference,Source/Reference/Modules/Aggregation.uv,false,true,false,false,true
def.ModuleAggregationInputsOutputs,HelloUltraviolet::Audit,moduleSourceProjectExternAbiFormsExecute,Source/Audit/ModuleSourceProjectInfrastructureExecution.uv,false,true,false,false,true
def.ModuleMap,HelloUltraviolet::Reference::Modules,runModulesAggregationReference,Source/Reference/Modules/Aggregation.uv,false,true,false,false,true
def.ASTModuleOfProjectPath,HelloUltraviolet::Reference::Modules,runModulesAggregationReference,Source/Reference/Modules/Aggregation.uv,false,true,false,false,true
def.PathOfModule,HelloUltraviolet::Reference::Modules,runModulesAggregationReference,Source/Reference/Modules/Aggregation.uv,false,true,false,false,true
def.NameCollectAfterParse,HelloUltraviolet::Reference::Modules,runModulesAggregationReference,Source/Reference/Modules/Aggregation.uv,false,true,false,false,true
def.ParseModuleRuleReference,HelloUltraviolet::Reference::Modules,runModulesAggregationReference,Source/Reference/Modules/Aggregation.uv,false,true,false,false,true
def.ParseModuleBigStepInputs,HelloUltraviolet::Reference::Modules,runModulesAggregationReference,Source/Reference/Modules/Aggregation.uv,false,true,false,false,true
ReadBytes-Ok,HelloUltraviolet::Reference::Modules,runModulesAggregationReference,Source/Reference/Modules/Aggregation.uv,false,true,false,false,true
def.BytesOfFile,HelloUltraviolet::Reference::Modules,runModulesAggregationReference,Source/Reference/Modules/Aggregation.uv,false,true,false,false,true
ParseModule-Ok,HelloUltraviolet::Reference::Modules,runModulesAggregationReference,Source/Reference/Modules/Aggregation.uv,false,true,false,false,true
def.ParseFileBestEffort,HelloUltraviolet::Reference::Modules,runModulesAggregationReference,Source/Reference/Modules/Aggregation.uv,false,true,false,false,true
def.ParseFileOk,HelloUltraviolet::Reference::Modules,runModulesAggregationReference,Source/Reference/Modules/Aggregation.uv,false,true,false,false,true
def.ParseFileDiag,HelloUltraviolet::Reference::Modules,runModulesAggregationReference,Source/Reference/Modules/Aggregation.uv,false,true,false,false,true
def.ModState,HelloUltraviolet::Reference::Modules,runModulesAggregationReference,Source/Reference/Modules/Aggregation.uv,false,true,false,false,true
Mod-Start,HelloUltraviolet::Reference::Modules,runModulesAggregationReference,Source/Reference/Modules/Aggregation.uv,false,true,false,false,true
Mod-Scan,HelloUltraviolet::Reference::Modules,runModulesAggregationReference,Source/Reference/Modules/Aggregation.uv,false,true,false,false,true
Mod-Done,HelloUltraviolet::Reference::Modules,runModulesAggregationReference,Source/Reference/Modules/Aggregation.uv,false,true,false,false,true
def.ParseModulesBigStepInputs,HelloUltraviolet::Reference::Modules,runModulesAggregationReference,Source/Reference/Modules/Aggregation.uv,false,true,false,false,true
ParseModules-Ok,HelloUltraviolet::Reference::Modules,runModulesAggregationReference,Source/Reference/Modules/Aggregation.uv,false,true,false,false,true
def.DiscState,HelloUltraviolet::Reference::Modules,runModulesAggregationReference,Source/Reference/Modules/Aggregation.uv,false,true,false,false,true
Disc-Start,HelloUltraviolet::Reference::Modules,runModulesAggregationReference,Source/Reference/Modules/Aggregation.uv,false,true,false,false,true
Disc-Skip,HelloUltraviolet::Reference::Modules,runModulesAggregationReference,Source/Reference/Modules/Aggregation.uv,false,true,false,false,true
Disc-Add,HelloUltraviolet::Reference::Modules,runModulesAggregationReference,Source/Reference/Modules/Aggregation.uv,false,true,false,false,true
Disc-Done,HelloUltraviolet::Reference::Modules,runModulesAggregationReference,Source/Reference/Modules/Aggregation.uv,false,true,false,false,true
def.QualifiedLookupContext,HelloUltraviolet::Reference::Modules,runModulesAggregationReference,Source/Reference/Modules/Aggregation.uv,false,true,false,false,true
def.ModuleAssemblyPathHelpers,HelloUltraviolet::Reference::Modules,runModulesAggregationReference,Source/Reference/Modules/Aggregation.uv,false,true,false,false,true
def.ImportDeclarationsOfModule,HelloUltraviolet::Reference::Modules,runModulesAggregationReference,Source/Reference/Modules/Aggregation.uv,false,true,false,false,true
def.VisibleModulesAndNames,HelloUltraviolet::Reference::Modules,runModulesAggregationReference,Source/Reference/Modules/Aggregation.uv,false,true,false,false,true
def.ModulePathPrefix,HelloUltraviolet::Reference::Modules,runModulesAggregationReference,Source/Reference/Modules/Aggregation.uv,false,true,false,false,true
AliasExpand-None,HelloUltraviolet::Reference::Modules,runModulesAggregationReference,Source/Reference/Modules/Aggregation.uv,false,true,false,false,true
AliasExpand-Yes,HelloUltraviolet::Reference::Modules,runModulesAggregationReference,Source/Reference/Modules/Aggregation.uv,false,true,false,false,true
def.CurrentAsmPath,HelloUltraviolet::Reference::Modules,runModulesAggregationReference,Source/Reference/Modules/Aggregation.uv,false,true,false,false,true
ModulePrefix-Direct,HelloUltraviolet::Audit,moduleSourceProjectExternAbiFormsExecute,Source/Audit/ModuleSourceProjectInfrastructureExecution.uv,false,true,false,false,true
ModulePrefix-Current,HelloUltraviolet::Reference::Modules,runModulesAggregationReference,Source/Reference/Modules/Aggregation.uv,false,true,false,false,true
Resolve-ModulePath-Direct,HelloUltraviolet::Audit,moduleSourceProjectExternAbiFormsExecute,Source/Audit/ModuleSourceProjectInfrastructureExecution.uv,false,true,false,false,true
Resolve-ModulePath-Current,HelloUltraviolet::Reference::Modules,runModulesAggregationReference,Source/Reference/Modules/Aggregation.uv,false,true,false,false,true
def.ModuleByPath,HelloUltraviolet::Reference::Modules,runModulesAggregationReference,Source/Reference/Modules/Aggregation.uv,false,true,false,false,true
def.ModuleOfPath,HelloUltraviolet::Reference::Modules,runModulesAggregationReference,Source/Reference/Modules/Aggregation.uv,false,true,false,false,true
def.ItemNames,HelloUltraviolet::Reference::Modules,runModulesAggregationReference,Source/Reference/Modules/Aggregation.uv,false,true,false,false,true
ItemOfPath,HelloUltraviolet::Reference::Modules,runModulesAggregationReference,Source/Reference/Modules/Aggregation.uv,false,true,false,false,true
def.ImportCoveragePredicates,HelloUltraviolet::Reference::Modules,runModulesAggregationReference,Source/Reference/Modules/Aggregation.uv,false,true,false,false,true
def.ImportOkJudgementSet,HelloUltraviolet::Reference::Modules,runModulesAggregationReference,Source/Reference/Modules/Aggregation.uv,false,true,false,false,true
Import-Ok-Local,HelloUltraviolet::Reference::Modules,runModulesAggregationReference,Source/Reference/Modules/Aggregation.uv,false,true,false,false,true
Import-Ok-Covered,HelloUltraviolet::Reference::Modules,runModulesAggregationReference,Source/Reference/Modules/Aggregation.uv,false,true,false,false,true
Resolve-Import-Direct,HelloUltraviolet::Audit,moduleSourceProjectExternAbiFormsExecute,Source/Audit/ModuleSourceProjectInfrastructureExecution.uv,false,true,false,false,true
Resolve-Import-Current,HelloUltraviolet::Reference::Modules,runModulesAggregationReference,Source/Reference/Modules/Aggregation.uv,false,true,false,false,true
Resolve-Using-Ok,HelloUltraviolet::Reference::Modules,runModulesAggregationReference,Source/Reference/Modules/Aggregation.uv,false,true,false,false,true
req.ResolvedItemAccessibilityOwnedByVisibilityChapter,HelloUltraviolet::Reference::Modules,runModulesAggregationReference,Source/Reference/Modules/Aggregation.uv,false,true,false,false,true
def.ModuleInitializationDependencyEnvironment,HelloUltraviolet::Audit,moduleSourceProjectExternAbiFormsExecute,Source/Audit/ModuleSourceProjectInfrastructureExecution.uv,false,true,false,false,true
Reachable-Edge,HelloUltraviolet::Reference::Modules,runModulesAggregationReference,Source/Reference/Modules/Aggregation.uv,false,true,false,false,true
Reachable-Step,HelloUltraviolet::Reference::Modules,runModulesAggregationReference,Source/Reference/Modules/Aggregation.uv,false,true,false,false,true
def.ModuleInitializationPathHelpers,HelloUltraviolet::Reference::Modules,runModulesAggregationReference,Source/Reference/Modules/Aggregation.uv,false,true,false,false,true
def.TypeRefsJudgementSet,HelloUltraviolet::Reference::Modules,runModulesAggregationReference,Source/Reference/Modules/Aggregation.uv,false,true,false,false,true
def.TypeReferenceEnvironmentAliases,HelloUltraviolet::Audit,moduleSourceProjectExternAbiFormsExecute,Source/Audit/ModuleSourceProjectInfrastructureExecution.uv,false,true,false,false,true
TypeRef-Path,HelloUltraviolet::Reference::Modules,runModulesAggregationReference,Source/Reference/Modules/Aggregation.uv,false,true,false,false,true
TypeRef-Using,HelloUltraviolet::Reference::Modules,runModulesAggregationReference,Source/Reference/Modules/Aggregation.uv,false,true,false,false,true
TypeRef-Path-Local,HelloUltraviolet::Reference::Modules,runModulesAggregationReference,Source/Reference/Modules/Aggregation.uv,false,true,false,false,true
TypeRef-Dynamic,HelloUltraviolet::Reference::Modules,runModulesAggregationReference,Source/Reference/Modules/Aggregation.uv,false,true,false,false,true
TypeRef-ModalState,HelloUltraviolet::Reference::Modules,runModulesAggregationReference,Source/Reference/Modules/Aggregation.uv,false,true,false,false,true
TypeRef-Apply,HelloUltraviolet::Reference::Modules,runModulesAggregationReference,Source/Reference/Modules/Aggregation.uv,false,true,false,false,true
TypeRef-Perm,HelloUltraviolet::Reference::Modules,runModulesAggregationReference,Source/Reference/Modules/Aggregation.uv,false,true,false,false,true
TypeRef-Prim,HelloUltraviolet::Reference::Modules,runModulesAggregationReference,Source/Reference/Modules/Aggregation.uv,false,true,false,false,true
TypeRef-Tuple,HelloUltraviolet::Reference::Modules,runModulesAggregationReference,Source/Reference/Modules/Aggregation.uv,false,true,false,false,true
TypeRef-Array,HelloUltraviolet::Reference::Modules,runModulesAggregationReference,Source/Reference/Modules/Aggregation.uv,false,true,false,false,true
TypeRef-Slice,HelloUltraviolet::Reference::Modules,runModulesAggregationReference,Source/Reference/Modules/Aggregation.uv,false,true,false,false,true
TypeRef-Union,HelloUltraviolet::Reference::Modules,runModulesAggregationReference,Source/Reference/Modules/Aggregation.uv,false,true,false,false,true
TypeRef-Func,HelloUltraviolet::Reference::Modules,runModulesAggregationReference,Source/Reference/Modules/Aggregation.uv,false,true,false,false,true
TypeRef-String,HelloUltraviolet::Reference::Modules,runModulesAggregationReference,Source/Reference/Modules/Aggregation.uv,false,true,false,false,true
TypeRef-Bytes,HelloUltraviolet::Reference::Modules,runModulesAggregationReference,Source/Reference/Modules/Aggregation.uv,false,true,false,false,true
TypeRef-Ptr,HelloUltraviolet::Reference::Modules,runModulesAggregationReference,Source/Reference/Modules/Aggregation.uv,false,true,false,false,true
TypeRef-RawPtr,HelloUltraviolet::Reference::Modules,runModulesAggregationReference,Source/Reference/Modules/Aggregation.uv,false,true,false,false,true
TypeRef-Range,HelloUltraviolet::Reference::Modules,runModulesAggregationReference,Source/Reference/Modules/Aggregation.uv,false,true,false,false,true
TypeRef-RangeInclusive,HelloUltraviolet::Reference::Modules,runModulesAggregationReference,Source/Reference/Modules/Aggregation.uv,false,true,false,false,true
TypeRef-RangeFrom,HelloUltraviolet::Reference::Modules,runModulesAggregationReference,Source/Reference/Modules/Aggregation.uv,false,true,false,false,true
TypeRef-RangeTo,HelloUltraviolet::Reference::Modules,runModulesAggregationReference,Source/Reference/Modules/Aggregation.uv,false,true,false,false,true
TypeRef-RangeToInclusive,HelloUltraviolet::Reference::Modules,runModulesAggregationReference,Source/Reference/Modules/Aggregation.uv,false,true,false,false,true
TypeRef-RangeFull,HelloUltraviolet::Reference::Modules,runModulesAggregationReference,Source/Reference/Modules/Aggregation.uv,false,true,false,false,true
TypeRef-Ref-Path,HelloUltraviolet::Reference::Modules,runModulesAggregationReference,Source/Reference/Modules/Aggregation.uv,false,true,false,false,true
TypeRef-Ref-Apply,HelloUltraviolet::Reference::Modules,runModulesAggregationReference,Source/Reference/Modules/Aggregation.uv,false,true,false,false,true
TypeRef-Ref-ModalState,HelloUltraviolet::Reference::Modules,runModulesAggregationReference,Source/Reference/Modules/Aggregation.uv,false,true,false,false,true
TypeRef-RecordExpr,HelloUltraviolet::Reference::Modules,runModulesAggregationReference,Source/Reference/Modules/Aggregation.uv,false,true,false,false,true
TypeRef-EnumLiteral,HelloUltraviolet::Reference::Modules,runModulesAggregationReference,Source/Reference/Modules/Aggregation.uv,false,true,false,false,true
TypeRef-QualBrace,HelloUltraviolet::Reference::Modules,runModulesAggregationReference,Source/Reference/Modules/Aggregation.uv,false,true,false,false,true
TypeRef-Cast,HelloUltraviolet::Reference::Modules,runModulesAggregationReference,Source/Reference/Modules/Aggregation.uv,false,true,false,false,true
TypeRef-Transmute,HelloUltraviolet::Reference::Modules,runModulesAggregationReference,Source/Reference/Modules/Aggregation.uv,false,true,false,false,true
TypeRef-CallTypeArgs,HelloUltraviolet::Reference::Modules,runModulesAggregationReference,Source/Reference/Modules/Aggregation.uv,false,true,false,false,true
def.TypeRefsExprRules,HelloUltraviolet::Reference::Modules,runModulesAggregationReference,Source/Reference/Modules/Aggregation.uv,false,true,false,false,true
def.NoSpecificTypeRefsExpr,HelloUltraviolet::Reference::Modules,runModulesAggregationReference,Source/Reference/Modules/Aggregation.uv,false,true,false,false,true
TypeRef-Expr-Sub,HelloUltraviolet::Reference::Modules,runModulesAggregationReference,Source/Reference/Modules/Aggregation.uv,false,true,false,false,true
TypeRef-RecordPattern,HelloUltraviolet::Reference::Modules,runModulesAggregationReference,Source/Reference/Modules/Aggregation.uv,false,true,false,false,true
TypeRef-EnumPattern,HelloUltraviolet::Reference::Modules,runModulesAggregationReference,Source/Reference/Modules/Aggregation.uv,false,true,false,false,true
TypeRef-LiteralPattern,HelloUltraviolet::Reference::Modules,runModulesAggregationReference,Source/Reference/Modules/Aggregation.uv,false,true,false,false,true
TypeRef-WildcardPattern,HelloUltraviolet::Reference::Modules,runModulesAggregationReference,Source/Reference/Modules/Aggregation.uv,false,true,false,false,true
TypeRef-IdentifierPattern,HelloUltraviolet::Reference::Modules,runModulesAggregationReference,Source/Reference/Modules/Aggregation.uv,false,true,false,false,true
TypeRef-TypedPattern,HelloUltraviolet::Reference::Patterns,runPatternsBasicPatternsReference,Source/Reference/Patterns/BasicPatterns.uv,false,true,false,false,true
TypeRef-TuplePattern,HelloUltraviolet::Reference::Modules,runModulesAggregationReference,Source/Reference/Modules/Aggregation.uv,false,true,false,false,true
TypeRef-ModalPattern-None,HelloUltraviolet::Reference::Modules,runModulesAggregationReference,Source/Reference/Modules/Aggregation.uv,false,true,false,false,true
TypeRef-ModalPattern-Record,HelloUltraviolet::Reference::Modules,runModulesAggregationReference,Source/Reference/Modules/Aggregation.uv,false,true,false,false,true
TypeRef-RangePattern,HelloUltraviolet::Reference::Modules,runModulesAggregationReference,Source/Reference/Modules/Aggregation.uv,false,true,false,false,true
TypeRef-Field-Explicit,HelloUltraviolet::Reference::Modules,runModulesAggregationReference,Source/Reference/Modules/Aggregation.uv,false,true,false,false,true
TypeRef-Field-Implicit,HelloUltraviolet::Reference::Modules,runModulesAggregationReference,Source/Reference/Modules/Aggregation.uv,false,true,false,false,true
TypeRefsExprs-Empty,HelloUltraviolet::Reference::Modules,runModulesAggregationReference,Source/Reference/Modules/Aggregation.uv,false,true,false,false,true
TypeRefsExprs-Cons,HelloUltraviolet::Reference::Modules,runModulesAggregationReference,Source/Reference/Modules/Aggregation.uv,false,true,false,false,true
def.TypeRefsArgsJudgementSet,HelloUltraviolet::Reference::Modules,runModulesAggregationReference,Source/Reference/Modules/Aggregation.uv,false,true,false,false,true
TypeRefsArgs-Empty,HelloUltraviolet::Reference::Modules,runModulesAggregationReference,Source/Reference/Modules/Aggregation.uv,false,true,false,false,true
TypeRefsArgs-Cons,HelloUltraviolet::Reference::Modules,runModulesAggregationReference,Source/Reference/Modules/Aggregation.uv,false,true,false,false,true
TypeRefsEnumPayload-None,HelloUltraviolet::Reference::Modules,runModulesAggregationReference,Source/Reference/Modules/Aggregation.uv,false,true,false,false,true
TypeRefsEnumPayload-Tuple,HelloUltraviolet::Reference::Modules,runModulesAggregationReference,Source/Reference/Modules/Aggregation.uv,false,true,false,false,true
TypeRefsEnumPayload-Record,HelloUltraviolet::Reference::Modules,runModulesAggregationReference,Source/Reference/Modules/Aggregation.uv,false,true,false,false,true
TypeRefsFields-Empty,HelloUltraviolet::Reference::Modules,runModulesAggregationReference,Source/Reference/Modules/Aggregation.uv,false,true,false,false,true
TypeRefsFields-Cons,HelloUltraviolet::Reference::Modules,runModulesAggregationReference,Source/Reference/Modules/Aggregation.uv,false,true,false,false,true
TypeRefsPayload-None,HelloUltraviolet::Reference::Modules,runModulesAggregationReference,Source/Reference/Modules/Aggregation.uv,false,true,false,false,true
TypeRefsPayload-Tuple,HelloUltraviolet::Reference::Modules,runModulesAggregationReference,Source/Reference/Modules/Aggregation.uv,false,true,false,false,true
TypeRefsPayload-Record,HelloUltraviolet::Reference::Modules,runModulesAggregationReference,Source/Reference/Modules/Aggregation.uv,false,true,false,false,true
def.ValueReferenceEnvironmentAliases,HelloUltraviolet::Audit,moduleSourceProjectExternAbiFormsExecute,Source/Audit/ModuleSourceProjectInfrastructureExecution.uv,false,true,false,false,true
def.ValueRefsJudgementSet,HelloUltraviolet::Reference::Modules,runModulesAggregationReference,Source/Reference/Modules/Aggregation.uv,false,true,false,false,true
ValueRef-Ident,HelloUltraviolet::Reference::Modules,runModulesAggregationReference,Source/Reference/Modules/Aggregation.uv,false,true,false,false,true
ValueRef-Ident-Local,HelloUltraviolet::Reference::Modules,runModulesAggregationReference,Source/Reference/Modules/Aggregation.uv,false,true,false,false,true
ValueRef-Qual,HelloUltraviolet::Reference::Modules,runModulesAggregationReference,Source/Reference/Modules/Aggregation.uv,false,true,false,false,true
ValueRef-Qual-Local,HelloUltraviolet::Reference::Modules,runModulesAggregationReference,Source/Reference/Modules/Aggregation.uv,false,true,false,false,true
ValueRef-QualApply,HelloUltraviolet::Reference::Modules,runModulesAggregationReference,Source/Reference/Modules/Aggregation.uv,false,true,false,false,true
ValueRef-QualApply-Local,HelloUltraviolet::Reference::Modules,runModulesAggregationReference,Source/Reference/Modules/Aggregation.uv,false,true,false,false,true
ValueRef-QualApply-Brace,HelloUltraviolet::Reference::Modules,runModulesAggregationReference,Source/Reference/Modules/Aggregation.uv,false,true,false,false,true
def.ValueRefsRules,HelloUltraviolet::Reference::Modules,runModulesAggregationReference,Source/Reference/Modules/Aggregation.uv,false,true,false,false,true
def.NoSpecificValueRefsExpr,HelloUltraviolet::Reference::Modules,runModulesAggregationReference,Source/Reference/Modules/Aggregation.uv,false,true,false,false,true
ValueRef-Expr-Sub,HelloUltraviolet::Reference::Modules,runModulesAggregationReference,Source/Reference/Modules/Aggregation.uv,false,true,false,false,true
ValueRefsArgs-Empty,HelloUltraviolet::Reference::Modules,runModulesAggregationReference,Source/Reference/Modules/Aggregation.uv,false,true,false,false,true
ValueRefsArgs-Cons,HelloUltraviolet::Reference::Modules,runModulesAggregationReference,Source/Reference/Modules/Aggregation.uv,false,true,false,false,true
ValueRefsFields-Empty,HelloUltraviolet::Reference::Modules,runModulesAggregationReference,Source/Reference/Modules/Aggregation.uv,false,true,false,false,true
ValueRefsFields-Cons,HelloUltraviolet::Reference::Modules,runModulesAggregationReference,Source/Reference/Modules/Aggregation.uv,false,true,false,false,true
def.AstTraversalNodeHelpers,HelloUltraviolet::Reference::Modules,runModulesAggregationReference,Source/Reference/Modules/Aggregation.uv,false,true,false,false,true
def.EnumVariantTypeSets,HelloUltraviolet::Reference::Modules,runModulesAggregationReference,Source/Reference/Modules/Aggregation.uv,false,true,false,false,true
def.GeneralTypePositionSetHelpers,HelloUltraviolet::Reference::Modules,runModulesAggregationReference,Source/Reference/Modules/Aggregation.uv,false,true,false,false,true
def.RecordMemberTypeSets,HelloUltraviolet::Reference::Modules,runModulesAggregationReference,Source/Reference/Modules/Aggregation.uv,false,true,false,false,true
def.ClassItemTypeSets,HelloUltraviolet::Reference::Modules,runModulesAggregationReference,Source/Reference/Modules/Aggregation.uv,false,true,false,false,true
def.DeclarationTypePositions,HelloUltraviolet::Reference::Modules,runModulesAggregationReference,Source/Reference/Modules/Aggregation.uv,false,true,false,false,true
def.TypePositionExpressions,HelloUltraviolet::Reference::Modules,runModulesAggregationReference,Source/Reference/Modules/Aggregation.uv,false,true,false,false,true
def.TypeDeps,HelloUltraviolet::Reference::Modules,runModulesAggregationReference,Source/Reference/Modules/Aggregation.uv,false,true,false,false,true
def.ValueDependencyExpressionSets,HelloUltraviolet::Reference::Modules,runModulesAggregationReference,Source/Reference/Modules/Aggregation.uv,false,true,false,false,true
def.ValueDepsEagerLazy,HelloUltraviolet::Reference::Modules,runModulesAggregationReference,Source/Reference/Modules/Aggregation.uv,false,true,false,false,true
def.ModuleDependencyGraphs,HelloUltraviolet::Reference::Modules,runModulesAggregationReference,Source/Reference/Modules/Aggregation.uv,false,true,false,false,true
WF-Acyclic-Eager,HelloUltraviolet::Reference::Modules,runModulesAggregationReference,Source/Reference/Modules/Aggregation.uv,false,true,false,false,true
conformance.ModuleAggregationDynamicSemantics,HelloUltraviolet::Reference::Modules,runModulesAggregationReference,Source/Reference/Modules/Aggregation.uv,false,true,false,false,true
conformance.ModuleAggregationEagerGraphLoweringInput,HelloUltraviolet::Audit,moduleSourceProjectExternAbiFormsExecute,Source/Audit/ModuleSourceProjectInfrastructureExecution.uv,false,true,false,false,true
conformance.ModuleAggregationLifecycleLoweringOwnership,HelloUltraviolet::Audit,moduleSourceProjectExternAbiFormsExecute,Source/Audit/ModuleSourceProjectInfrastructureExecution.uv,false,true,false,false,true
grammar.PrimitiveTypeSyntax,HelloUltraviolet::Reference::DataTypes,runDataTypesPrimitivesReference,Source/Reference/DataTypes/Primitives.uv,false,true,false,false,true
def.PrimLexemeSet,HelloUltraviolet::Reference::DataTypes,runDataTypesPrimitivesReference,Source/Reference/DataTypes/Primitives.uv,false,true,false,false,true
Parse-Prim-Type,HelloUltraviolet::Reference::DataTypes,runDataTypesPrimitivesReference,Source/Reference/DataTypes/Primitives.uv,false,true,false,false,true
Parse-Unit-Type,HelloUltraviolet::Reference::DataTypes,runDataTypesPrimitivesReference,Source/Reference/DataTypes/Primitives.uv,false,true,false,false,true
Parse-Never-Type,HelloUltraviolet::Reference::DataTypes,runDataTypesPrimitivesReference,Source/Reference/DataTypes/Primitives.uv,false,true,false,false,true
def.PrimitiveTypeName,HelloUltraviolet::Reference::DataTypes,runDataTypesPrimitivesReference,Source/Reference/DataTypes/Primitives.uv,false,true,false,false,true
def.TypePrimAst,HelloUltraviolet::Reference::DataTypes,runDataTypesPrimitivesReference,Source/Reference/DataTypes/Primitives.uv,false,true,false,false,true
def.NumericPrimitiveTypeSets,HelloUltraviolet::Reference::DataTypes,runDataTypesPrimitivesReference,Source/Reference/DataTypes/Primitives.uv,false,true,false,false,true
def.TypeWFJudgementSet,HelloUltraviolet::Reference::DataTypes,runDataTypesPrimitivesReference,Source/Reference/DataTypes/Primitives.uv,false,true,false,false,true
WF-Prim,HelloUltraviolet::Reference::DataTypes,runDataTypesPrimitivesReference,Source/Reference/DataTypes/Primitives.uv,false,true,false,false,true
def.PrimitiveFloatRepresentation,HelloUltraviolet::Reference::DataTypes,runDataTypesPrimitivesReference,Source/Reference/DataTypes/Primitives.uv,false,true,false,false,true
def.DefaultNumericTypes,HelloUltraviolet::Reference::DataTypes,runDataTypesPrimitivesReference,Source/Reference/DataTypes/Primitives.uv,false,true,false,false,true
def.PrimitiveIntegerWidths,HelloUltraviolet::Reference::DataTypes,runDataTypesPrimitivesReference,Source/Reference/DataTypes/Primitives.uv,false,true,false,false,true
def.PrimitiveRangeOf,HelloUltraviolet::Reference::DataTypes,runDataTypesPrimitivesReference,Source/Reference/DataTypes/Primitives.uv,false,true,false,false,true
def.PrimitiveValueTypes,HelloUltraviolet::Reference::DataTypes,runDataTypesPrimitivesReference,Source/Reference/DataTypes/Primitives.uv,false,true,false,false,true
req.PrimitiveOperationEvaluationOwnership,HelloUltraviolet::Reference::DataTypes,runDataTypesPrimitivesReference,Source/Reference/DataTypes/Primitives.uv,false,true,false,false,true
def.PrimitiveValueBits,HelloUltraviolet::Reference::DataTypes,runDataTypesPrimitivesReference,Source/Reference/DataTypes/Primitives.uv,false,true,false,false,true
req.PrimitiveLayoutAbiOwnership,HelloUltraviolet::Reference::DataTypes,runDataTypesPrimitivesReference,Source/Reference/DataTypes/Primitives.uv,false,true,false,false,true
req.PrimitiveTypeDiagnosticOwnership,HelloUltraviolet::Reference::DataTypes,runDataTypesPrimitivesReference,Source/Reference/DataTypes/Primitives.uv,false,true,false,false,true
grammar.TupleSyntax,HelloUltraviolet::Reference::DataTypes,runDataTypesTuplesReference,Source/Reference/DataTypes/Tuples.uv,false,true,false,false,true
req.TupleSingletonCommaIllFormed,HelloUltraviolet::Reference::DataTypes,runDataTypesTuplesReference,Source/Reference/DataTypes/Tuples.uv,false,true,false,false,true
Parse-Tuple-Type,HelloUltraviolet::Reference::DataTypes,runDataTypesTuplesReference,Source/Reference/DataTypes/Tuples.uv,false,true,false,false,true
Parse-TupleTypeElems-Empty,HelloUltraviolet::Reference::DataTypes,runDataTypesTuplesReference,Source/Reference/DataTypes/Tuples.uv,false,true,false,false,true
Parse-TupleTypeElems-One,HelloUltraviolet::Reference::DataTypes,runDataTypesTuplesReference,Source/Reference/DataTypes/Tuples.uv,false,true,false,false,true
Parse-TupleTypeElems-Many,HelloUltraviolet::Reference::DataTypes,runDataTypesTuplesReference,Source/Reference/DataTypes/Tuples.uv,false,true,false,false,true
def.TupleScanDelimiterDeltas,HelloUltraviolet::Reference::DataTypes,runDataTypesTuplesReference,Source/Reference/DataTypes/Tuples.uv,false,true,false,false,true
def.TupleScanDepthAndStep,HelloUltraviolet::Reference::DataTypes,runDataTypesTuplesReference,Source/Reference/DataTypes/Tuples.uv,false,true,false,false,true
def.TupleScanPredicates,HelloUltraviolet::Reference::DataTypes,runDataTypesTuplesReference,Source/Reference/DataTypes/Tuples.uv,false,true,false,false,true
TupleScan-EOF,HelloUltraviolet::Reference::DataTypes,runDataTypesTuplesReference,Source/Reference/DataTypes/Tuples.uv,false,true,false,false,true
TupleScan-EndParen,HelloUltraviolet::Reference::DataTypes,runDataTypesTuplesReference,Source/Reference/DataTypes/Tuples.uv,false,true,false,false,true
TupleScan-SingletonComma,HelloUltraviolet::Reference::DataTypes,runDataTypesTuplesReference,Source/Reference/DataTypes/Tuples.uv,false,true,false,false,true
TupleScan-Separator,HelloUltraviolet::Reference::DataTypes,runDataTypesTuplesReference,Source/Reference/DataTypes/Tuples.uv,false,true,false,false,true
TupleScan-Advance,HelloUltraviolet::Reference::DataTypes,runDataTypesTuplesReference,Source/Reference/DataTypes/Tuples.uv,false,true,false,false,true
def.TupleParen,HelloUltraviolet::Reference::DataTypes,runDataTypesTuplesReference,Source/Reference/DataTypes/Tuples.uv,false,true,false,false,true
Parse-Tuple-Literal,HelloUltraviolet::Reference::DataTypes,runDataTypesTuplesReference,Source/Reference/DataTypes/Tuples.uv,false,true,false,false,true
Parse-TupleExprElems-Empty,HelloUltraviolet::Reference::DataTypes,runDataTypesTuplesReference,Source/Reference/DataTypes/Tuples.uv,false,true,false,false,true
Parse-TupleExprElems-Single,HelloUltraviolet::Reference::DataTypes,runDataTypesTuplesReference,Source/Reference/DataTypes/Tuples.uv,false,true,false,false,true
Parse-TupleExprElems-Many,HelloUltraviolet::Reference::DataTypes,runDataTypesTuplesReference,Source/Reference/DataTypes/Tuples.uv,false,true,false,false,true
Postfix-TupleIndex,HelloUltraviolet::Reference::DataTypes,runDataTypesTuplesReference,Source/Reference/DataTypes/Tuples.uv,false,true,false,false,true
def.TupleTypeAst,HelloUltraviolet::Reference::DataTypes,runDataTypesTuplesReference,Source/Reference/DataTypes/Tuples.uv,false,true,false,false,true
def.TupleExpressionAst,HelloUltraviolet::Reference::DataTypes,runDataTypesTuplesReference,Source/Reference/DataTypes/Tuples.uv,false,true,false,false,true
def.TupleFields,HelloUltraviolet::Reference::DataTypes,runDataTypesTuplesReference,Source/Reference/DataTypes/Tuples.uv,false,true,false,false,true
WF-Tuple,HelloUltraviolet::Reference::DataTypes,runDataTypesTuplesReference,Source/Reference/DataTypes/Tuples.uv,false,true,false,false,true
T-Tuple-Unit,HelloUltraviolet::Reference::DataTypes,runDataTypesTuplesReference,Source/Reference/DataTypes/Tuples.uv,false,true,false,false,true
T-Tuple,HelloUltraviolet::Reference::DataTypes,runDataTypesTuplesReference,Source/Reference/DataTypes/Tuples.uv,false,true,false,false,true
T-Tuple-Index,HelloUltraviolet::Reference::DataTypes,runDataTypesTuplesReference,Source/Reference/DataTypes/Tuples.uv,false,true,false,false,true
T-Tuple-Index-Perm,HelloUltraviolet::Reference::DataTypes,runDataTypesTuplesReference,Source/Reference/DataTypes/Tuples.uv,false,true,false,false,true
P-Tuple-Index,HelloUltraviolet::Reference::DataTypes,runDataTypesTuplesReference,Source/Reference/DataTypes/Tuples.uv,false,true,false,false,true
P-Tuple-Index-Perm,HelloUltraviolet::Reference::DataTypes,runDataTypesTuplesReference,Source/Reference/DataTypes/Tuples.uv,false,true,false,false,true
def.ConstTupleIndex,HelloUltraviolet::Reference::DataTypes,runDataTypesTuplesReference,Source/Reference/DataTypes/Tuples.uv,false,true,false,false,true
req.TuplePatternRulesOwnership,HelloUltraviolet::Reference::DataTypes,runDataTypesTuplesReference,Source/Reference/DataTypes/Tuples.uv,false,true,false,false,true
def.TupleValueType,HelloUltraviolet::Reference::DataTypes,tupleValueTypeReference,Source/Reference/DataTypes/Tuples.uv,false,true,false,false,true
EvalSigma-Tuple,HelloUltraviolet::Reference::DataTypes,evalSigmaTupleReference,Source/Reference/DataTypes/Tuples.uv,false,true,false,false,true
EvalSigma-Tuple-Ctrl,HelloUltraviolet::Reference::DataTypes,evalSigmaTupleCtrlReference,Source/Reference/DataTypes/Tuples.uv,false,true,false,false,true
EvalSigma-TupleAccess,HelloUltraviolet::Reference::DataTypes,evalSigmaTupleAccessReference,Source/Reference/DataTypes/Tuples.uv,false,true,false,false,true
EvalSigma-TupleAccess-Ctrl,HelloUltraviolet::Reference::DataTypes,evalSigmaTupleAccessCtrlReference,Source/Reference/DataTypes/Tuples.uv,false,true,false,false,true
def.TupleLayoutJudgementSet,HelloUltraviolet::Reference::DataTypes,tupleLayoutJudgementSetReference,Source/Reference/DataTypes/Tuples.uv,false,true,false,false,true
Layout-Tuple-Empty,HelloUltraviolet::Reference::DataTypes,layoutTupleEmptyReference,Source/Reference/DataTypes/Tuples.uv,false,true,false,false,true
def.TupleValueBits,HelloUltraviolet::Audit,artifactProjectEmitLlExercise,Source/Audit/ArtifactProjectExecution.uv,false,true,false,false,true
grammar.ArraySyntax,HelloUltraviolet::Reference::DataTypes,runDataTypesArraysReference,Source/Reference/DataTypes/Arrays.uv,false,true,false,false,true
Parse-Array-Type,HelloUltraviolet::Reference::DataTypes,runDataTypesArraysReference,Source/Reference/DataTypes/Arrays.uv,false,true,false,false,true
Parse-Array-Segment-Elem,HelloUltraviolet::Reference::DataTypes,runDataTypesArraysReference,Source/Reference/DataTypes/Arrays.uv,false,true,false,false,true
Parse-Array-Segment-Repeat,HelloUltraviolet::Reference::DataTypes,runDataTypesArraysReference,Source/Reference/DataTypes/Arrays.uv,false,true,false,false,true
Parse-Array-Segment-List-Empty,HelloUltraviolet::Reference::DataTypes,runDataTypesArraysReference,Source/Reference/DataTypes/Arrays.uv,false,true,false,false,true
Parse-Array-Segment-List-Single,HelloUltraviolet::Reference::DataTypes,runDataTypesArraysReference,Source/Reference/DataTypes/Arrays.uv,false,true,false,false,true
Parse-Array-Segment-List-Comma,HelloUltraviolet::Reference::DataTypes,runDataTypesArraysReference,Source/Reference/DataTypes/Arrays.uv,false,true,false,false,true
Parse-Array-Literal,HelloUltraviolet::Reference::DataTypes,runDataTypesArraysReference,Source/Reference/DataTypes/Arrays.uv,false,true,false,false,true
Postfix-Index,HelloUltraviolet::Reference::DataTypes,runDataTypesArraysReference,Source/Reference/DataTypes/Arrays.uv,false,true,false,false,true
def.ArrayAstForms,HelloUltraviolet::Reference::DataTypes,runDataTypesArraysReference,Source/Reference/DataTypes/Arrays.uv,false,true,false,false,true
req.IndexAccessArrayOwnership,HelloUltraviolet::Reference::DataTypes,runDataTypesArraysReference,Source/Reference/DataTypes/Arrays.uv,false,true,false,false,true
def.ConstIndex,HelloUltraviolet::Reference::DataTypes,runDataTypesArraysReference,Source/Reference/DataTypes/Arrays.uv,false,true,false,false,true
def.IndexUsizeExpr,HelloUltraviolet::Reference::DataTypes,runDataTypesArraysReference,Source/Reference/DataTypes/Arrays.uv,false,true,false,false,true
WF-Array,HelloUltraviolet::Reference::DataTypes,runDataTypesArraysReference,Source/Reference/DataTypes/Arrays.uv,false,true,false,false,true
def.ArraySegmentLength,HelloUltraviolet::Reference::DataTypes,runDataTypesArraysReference,Source/Reference/DataTypes/Arrays.uv,false,true,false,false,true
T-Array-Literal-Segments,HelloUltraviolet::Reference::DataTypes,runDataTypesArraysReference,Source/Reference/DataTypes/Arrays.uv,false,true,false,false,true
T-Index-Array,HelloUltraviolet::Reference::DataTypes,runDataTypesArraysReference,Source/Reference/DataTypes/Arrays.uv,false,true,false,false,true
T-Index-Array-Dynamic,HelloUltraviolet::Reference::DataTypes,runDataTypesArraysReference,Source/Reference/DataTypes/Arrays.uv,false,true,false,false,true
T-Index-Array-Perm,HelloUltraviolet::Reference::DataTypes,runDataTypesArraysReference,Source/Reference/DataTypes/Arrays.uv,false,true,false,false,true
T-Index-Array-Perm-Dynamic,HelloUltraviolet::Reference::DataTypes,runDataTypesArraysReference,Source/Reference/DataTypes/Arrays.uv,false,true,false,false,true
P-Index-Array,HelloUltraviolet::Reference::DataTypes,runDataTypesArraysReference,Source/Reference/DataTypes/Arrays.uv,false,true,false,false,true
P-Index-Array-Perm,HelloUltraviolet::Reference::DataTypes,runDataTypesArraysReference,Source/Reference/DataTypes/Arrays.uv,false,true,false,false,true
P-Index-Array-Dynamic,HelloUltraviolet::Reference::DataTypes,runDataTypesArraysReference,Source/Reference/DataTypes/Arrays.uv,false,true,false,false,true
P-Index-Array-Perm-Dynamic,HelloUltraviolet::Reference::DataTypes,runDataTypesArraysReference,Source/Reference/DataTypes/Arrays.uv,false,true,false,false,true
def.ArrayValueType,HelloUltraviolet::Reference::DataTypes,runDataTypesArraysReference,Source/Reference/DataTypes/Arrays.uv,false,true,false,false,true
def.ArrayIndexRuntimeHelpers,HelloUltraviolet::Reference::DataTypes,arrayIndexRuntimeHelpersReference,Source/Reference/DataTypes/Arrays.uv,false,true,false,false,true
EvalSigma-Array,HelloUltraviolet::Reference::DataTypes,evalSigmaArrayReference,Source/Reference/DataTypes/Arrays.uv,false,true,false,false,true
EvalSigma-Array-Ctrl,HelloUltraviolet::Reference::DataTypes,evalSigmaArrayCtrlReference,Source/Reference/DataTypes/Arrays.uv,false,true,false,false,true
EvalSigma-Index,HelloUltraviolet::Reference::DataTypes,evalSigmaIndexReference,Source/Reference/DataTypes/Arrays.uv,false,true,false,false,true
Size-Array,HelloUltraviolet::Reference::DataTypes,sizeArrayReference,Source/Reference/DataTypes/Arrays.uv,false,true,false,false,true
Align-Array,HelloUltraviolet::Reference::DataTypes,alignArrayReference,Source/Reference/DataTypes/Arrays.uv,false,true,false,false,true
Layout-Array,HelloUltraviolet::Reference::DataTypes,layoutArrayReference,Source/Reference/DataTypes/Arrays.uv,false,true,false,false,true
def.ArrayLen,HelloUltraviolet::Reference::DataTypes,runDataTypesArraysReference,Source/Reference/DataTypes/Arrays.uv,false,true,false,false,true
def.ArrayValueBits,HelloUltraviolet::Reference::DataTypes,runDataTypesArraysReference,Source/Reference/DataTypes/Arrays.uv,false,true,false,false,true
req.ArrayDiagnosticOwnership,HelloUltraviolet::Reference::DataTypes,runDataTypesArraysReference,Source/Reference/DataTypes/Arrays.uv,false,true,false,false,true
grammar.SliceSyntax,HelloUltraviolet::Reference::DataTypes,runDataTypesSlicesReference,Source/Reference/DataTypes/Slices.uv,false,true,false,false,true
req.ArrayToSliceCoercionSemantic,HelloUltraviolet::Reference::DataTypes,runDataTypesSlicesReference,Source/Reference/DataTypes/Slices.uv,false,true,false,false,true
Parse-Slice-Type,HelloUltraviolet::Reference::DataTypes,runDataTypesSlicesReference,Source/Reference/DataTypes/Slices.uv,false,true,false,false,true
req.IndexAccessSliceOwnership,HelloUltraviolet::Reference::DataTypes,runDataTypesSlicesReference,Source/Reference/DataTypes/Slices.uv,false,true,false,false,true
def.TypeSliceAst,HelloUltraviolet::Reference::DataTypes,runDataTypesSlicesReference,Source/Reference/DataTypes/Slices.uv,false,true,false,false,true
req.IndexAccessSliceExpressionSemantics,HelloUltraviolet::Reference::DataTypes,runDataTypesSlicesReference,Source/Reference/DataTypes/Slices.uv,false,true,false,false,true
def.RangeIndexType,HelloUltraviolet::Reference::DataTypes,runDataTypesSlicesReference,Source/Reference/DataTypes/Slices.uv,false,true,false,false,true
def.RangeIndexExpr,HelloUltraviolet::Reference::DataTypes,runDataTypesSlicesReference,Source/Reference/DataTypes/Slices.uv,false,true,false,false,true
WF-Slice,HelloUltraviolet::Reference::DataTypes,runDataTypesSlicesReference,Source/Reference/DataTypes/Slices.uv,false,true,false,false,true
T-Index-Slice,HelloUltraviolet::Reference::DataTypes,runDataTypesSlicesReference,Source/Reference/DataTypes/Slices.uv,false,true,false,false,true
T-Index-Slice-Perm,HelloUltraviolet::Reference::DataTypes,runDataTypesSlicesReference,Source/Reference/DataTypes/Slices.uv,false,true,false,false,true
T-Slice-From-Array,HelloUltraviolet::Reference::DataTypes,runDataTypesSlicesReference,Source/Reference/DataTypes/Slices.uv,false,true,false,false,true
T-Slice-From-Array-Perm,HelloUltraviolet::Reference::DataTypes,runDataTypesSlicesReference,Source/Reference/DataTypes/Slices.uv,false,true,false,false,true
T-Slice-From-Slice,HelloUltraviolet::Reference::DataTypes,runDataTypesSlicesReference,Source/Reference/DataTypes/Slices.uv,false,true,false,false,true
T-Slice-From-Slice-Perm,HelloUltraviolet::Reference::DataTypes,runDataTypesSlicesReference,Source/Reference/DataTypes/Slices.uv,false,true,false,false,true
P-Index-Slice,HelloUltraviolet::Reference::DataTypes,runDataTypesSlicesReference,Source/Reference/DataTypes/Slices.uv,false,true,false,false,true
P-Index-Slice-Perm,HelloUltraviolet::Reference::DataTypes,runDataTypesSlicesReference,Source/Reference/DataTypes/Slices.uv,false,true,false,false,true
P-Slice-From-Array,HelloUltraviolet::Reference::DataTypes,runDataTypesSlicesReference,Source/Reference/DataTypes/Slices.uv,false,true,false,false,true
P-Slice-From-Array-Perm,HelloUltraviolet::Reference::DataTypes,runDataTypesSlicesReference,Source/Reference/DataTypes/Slices.uv,false,true,false,false,true
P-Slice-From-Slice,HelloUltraviolet::Reference::DataTypes,runDataTypesSlicesReference,Source/Reference/DataTypes/Slices.uv,false,true,false,false,true
P-Slice-From-Slice-Perm,HelloUltraviolet::Reference::DataTypes,runDataTypesSlicesReference,Source/Reference/DataTypes/Slices.uv,false,true,false,false,true
Coerce-Array-Slice,HelloUltraviolet::Reference::DataTypes,runDataTypesSlicesReference,Source/Reference/DataTypes/Slices.uv,false,true,false,false,true
def.SliceValueType,HelloUltraviolet::Reference::DataTypes,sliceValueTypeReference,Source/Reference/DataTypes/Slices.uv,false,true,false,false,true
def.SliceRuntimeIndexHelpers,HelloUltraviolet::Reference::DataTypes,sliceRuntimeIndexHelpersReference,Source/Reference/DataTypes/Slices.uv,false,true,false,false,true
EvalSigma-Index-Range,HelloUltraviolet::Reference::DataTypes,evalSigmaIndexRangeReference,Source/Reference/DataTypes/Slices.uv,false,true,false,false,true
Size-Slice,HelloUltraviolet::Reference::DataTypes,sizeSliceReference,Source/Reference/DataTypes/Slices.uv,false,true,false,false,true
Align-Slice,HelloUltraviolet::Reference::DataTypes,alignSliceReference,Source/Reference/DataTypes/Slices.uv,false,true,false,false,true
Layout-Slice,HelloUltraviolet::Reference::DataTypes,layoutSliceReference,Source/Reference/DataTypes/Slices.uv,false,true,false,false,true
def.SliceValueBits,HelloUltraviolet::Reference::DataTypes,runDataTypesSlicesReference,Source/Reference/DataTypes/Slices.uv,false,true,false,false,true
def.SliceIndexUpdate,HelloUltraviolet::Reference::DataTypes,sliceIndexUpdateReference,Source/Reference/DataTypes/Slices.uv,false,true,false,false,true
grammar.RangeSyntax,HelloUltraviolet::Reference::DataTypes,runDataTypesRangesReference,Source/Reference/DataTypes/Ranges.uv,false,true,false,false,true
req.RangeTypeParserOwnership,HelloUltraviolet::Reference::DataTypes,runDataTypesRangesReference,Source/Reference/DataTypes/Ranges.uv,false,true,false,false,true
Parse-Range-To,HelloUltraviolet::Reference::DataTypes,runDataTypesRangesReference,Source/Reference/DataTypes/Ranges.uv,false,true,false,false,true
Parse-Range-ToInc,HelloUltraviolet::Reference::DataTypes,runDataTypesRangesReference,Source/Reference/DataTypes/Ranges.uv,false,true,false,false,true
Parse-Range-Full,HelloUltraviolet::Reference::DataTypes,runDataTypesRangesReference,Source/Reference/DataTypes/Ranges.uv,false,true,false,false,true
Parse-Range-Lhs,HelloUltraviolet::Reference::DataTypes,runDataTypesRangesReference,Source/Reference/DataTypes/Ranges.uv,false,true,false,false,true
Parse-RangeTail-None,HelloUltraviolet::Reference::DataTypes,runDataTypesRangesReference,Source/Reference/DataTypes/Ranges.uv,false,true,false,false,true
Parse-RangeTail-From,HelloUltraviolet::Reference::DataTypes,runDataTypesRangesReference,Source/Reference/DataTypes/Ranges.uv,false,true,false,false,true
Parse-RangeTail-Exclusive,HelloUltraviolet::Reference::DataTypes,runDataTypesRangesReference,Source/Reference/DataTypes/Ranges.uv,false,true,false,false,true
Parse-RangeTail-Inclusive,HelloUltraviolet::Reference::DataTypes,runDataTypesRangesReference,Source/Reference/DataTypes/Ranges.uv,false,true,false,false,true
def.RangeSurfaceTypeElaboration,HelloUltraviolet::Reference::DataTypes,runDataTypesRangesReference,Source/Reference/DataTypes/Ranges.uv,false,true,false,false,true
def.RangeTypeAst,HelloUltraviolet::Reference::DataTypes,runDataTypesRangesReference,Source/Reference/DataTypes/Ranges.uv,false,true,false,false,true
def.RangeExprAst,HelloUltraviolet::Reference::DataTypes,runDataTypesRangesReference,Source/Reference/DataTypes/Ranges.uv,false,true,false,false,true
def.IsRangeType,HelloUltraviolet::Reference::DataTypes,runDataTypesRangesReference,Source/Reference/DataTypes/Ranges.uv,false,true,false,false,true
def.RangeFullExprType,HelloUltraviolet::Reference::DataTypes,runDataTypesRangesReference,Source/Reference/DataTypes/Ranges.uv,false,true,false,false,true
def.RangeToExprType,HelloUltraviolet::Reference::DataTypes,runDataTypesRangesReference,Source/Reference/DataTypes/Ranges.uv,false,true,false,false,true
def.RangeToInclusiveExprType,HelloUltraviolet::Reference::DataTypes,runDataTypesRangesReference,Source/Reference/DataTypes/Ranges.uv,false,true,false,false,true
def.RangeFromExprType,HelloUltraviolet::Reference::DataTypes,runDataTypesRangesReference,Source/Reference/DataTypes/Ranges.uv,false,true,false,false,true
def.RangeExclusiveExprType,HelloUltraviolet::Reference::DataTypes,runDataTypesRangesReference,Source/Reference/DataTypes/Ranges.uv,false,true,false,false,true
def.RangeInclusiveExprType,HelloUltraviolet::Reference::DataTypes,runDataTypesRangesReference,Source/Reference/DataTypes/Ranges.uv,false,true,false,false,true
req.RangePatternSemanticsOwnership,HelloUltraviolet::Reference::DataTypes,runDataTypesRangesReference,Source/Reference/DataTypes/Ranges.uv,false,true,false,false,true
def.RangeValueTypes,HelloUltraviolet::Reference::DataTypes,runDataTypesRangesReference,Source/Reference/DataTypes/Ranges.uv,false,true,false,false,true
EvalSigma-Range,HelloUltraviolet::Reference::DataTypes,evalSigmaRangeReference,Source/Reference/DataTypes/Ranges.uv,false,true,false,false,true
EvalSigma-Range-Ctrl,HelloUltraviolet::Reference::DataTypes,evalSigmaRangeCtrlReference,Source/Reference/DataTypes/Ranges.uv,false,true,false,false,true
EvalSigma-Range-Ctrl-Hi,HelloUltraviolet::Reference::DataTypes,evalSigmaRangeCtrlHiReference,Source/Reference/DataTypes/Ranges.uv,false,true,false,false,true
def.RangeInc,HelloUltraviolet::Reference::DataTypes,runDataTypesRangesReference,Source/Reference/DataTypes/Ranges.uv,false,true,false,false,true
def.SliceBoundsRaw,HelloUltraviolet::Reference::DataTypes,runDataTypesRangesReference,Source/Reference/DataTypes/Ranges.uv,false,true,false,false,true
def.SliceBounds,HelloUltraviolet::Reference::DataTypes,runDataTypesRangesReference,Source/Reference/DataTypes/Ranges.uv,false,true,false,false,true
def.LoweringChecksJudgementSet,HelloUltraviolet::Audit,acceptedProjectLoweringChecksJudgementSetObligation,Source/Audit/AcceptedProjectExecution.uv,false,true,false,false,true
def.RangeValueBits,HelloUltraviolet::Reference::DataTypes,runDataTypesRangesReference,Source/Reference/DataTypes/Ranges.uv,false,true,false,false,true
Size-Range,HelloUltraviolet::Reference::DataTypes,sizeRangeReference,Source/Reference/DataTypes/Ranges.uv,false,true,false,false,true
Align-Range,HelloUltraviolet::Reference::DataTypes,alignRangeReference,Source/Reference/DataTypes/Ranges.uv,false,true,false,false,true
Layout-Range,HelloUltraviolet::Reference::DataTypes,layoutRangeReference,Source/Reference/DataTypes/Ranges.uv,false,true,false,false,true
Size-RangeInclusive,HelloUltraviolet::Reference::DataTypes,sizeRangeInclusiveReference,Source/Reference/DataTypes/Ranges.uv,false,true,false,false,true
Align-RangeInclusive,HelloUltraviolet::Reference::DataTypes,alignRangeInclusiveReference,Source/Reference/DataTypes/Ranges.uv,false,true,false,false,true
Layout-RangeInclusive,HelloUltraviolet::Reference::DataTypes,layoutRangeInclusiveReference,Source/Reference/DataTypes/Ranges.uv,false,true,false,false,true
Size-RangeFrom,HelloUltraviolet::Reference::DataTypes,sizeRangeFromReference,Source/Reference/DataTypes/Ranges.uv,false,true,false,false,true
Align-RangeFrom,HelloUltraviolet::Reference::DataTypes,alignRangeFromReference,Source/Reference/DataTypes/Ranges.uv,false,true,false,false,true
Layout-RangeFrom,HelloUltraviolet::Reference::DataTypes,layoutRangeFromReference,Source/Reference/DataTypes/Ranges.uv,false,true,false,false,true
Size-RangeTo,HelloUltraviolet::Reference::DataTypes,sizeRangeToReference,Source/Reference/DataTypes/Ranges.uv,false,true,false,false,true
Align-RangeTo,HelloUltraviolet::Reference::DataTypes,alignRangeToReference,Source/Reference/DataTypes/Ranges.uv,false,true,false,false,true
Layout-RangeTo,HelloUltraviolet::Reference::DataTypes,layoutRangeToReference,Source/Reference/DataTypes/Ranges.uv,false,true,false,false,true
Size-RangeToInclusive,HelloUltraviolet::Reference::DataTypes,sizeRangeToInclusiveReference,Source/Reference/DataTypes/Ranges.uv,false,true,false,false,true
Align-RangeToInclusive,HelloUltraviolet::Reference::DataTypes,alignRangeToInclusiveReference,Source/Reference/DataTypes/Ranges.uv,false,true,false,false,true
Layout-RangeToInclusive,HelloUltraviolet::Reference::DataTypes,layoutRangeToInclusiveReference,Source/Reference/DataTypes/Ranges.uv,false,true,false,false,true
Size-RangeFull,HelloUltraviolet::Reference::DataTypes,sizeRangeFullReference,Source/Reference/DataTypes/Ranges.uv,false,true,false,false,true
Align-RangeFull,HelloUltraviolet::Reference::DataTypes,alignRangeFullReference,Source/Reference/DataTypes/Ranges.uv,false,true,false,false,true
Layout-RangeFull,HelloUltraviolet::Reference::DataTypes,layoutRangeFullReference,Source/Reference/DataTypes/Ranges.uv,false,true,false,false,true
req.RangeDiagnosticOwnership,HelloUltraviolet::Reference::DataTypes,runDataTypesRangesReference,Source/Reference/DataTypes/Ranges.uv,false,true,false,false,true
grammar.RecordSyntax,HelloUltraviolet::Reference::DataTypes,runDataTypesRecordsReference,Source/Reference/DataTypes/Records.uv,false,true,false,false,true
Parse-Record,HelloUltraviolet::Reference::DataTypes,runDataTypesRecordsReference,Source/Reference/DataTypes/Records.uv,false,true,false,false,true
Parse-RecordBody,HelloUltraviolet::Reference::DataTypes,runDataTypesRecordsReference,Source/Reference/DataTypes/Records.uv,false,true,false,false,true
Parse-RecordMemberList-End,HelloUltraviolet::Reference::DataTypes,runDataTypesRecordsReference,Source/Reference/DataTypes/Records.uv,false,true,false,false,true
Parse-RecordMemberList-Cons,HelloUltraviolet::Reference::DataTypes,runDataTypesRecordsReference,Source/Reference/DataTypes/Records.uv,false,true,false,false,true
Parse-RecordMember-Method,HelloUltraviolet::Reference::DataTypes,runDataTypesRecordsReference,Source/Reference/DataTypes/Records.uv,false,true,false,false,true
Parse-RecordMember-AssociatedType,HelloUltraviolet::Reference::DataTypes,runDataTypesRecordsReference,Source/Reference/DataTypes/Records.uv,false,true,false,false,true
Parse-RecordMember-Field,HelloUltraviolet::Reference::DataTypes,runDataTypesRecordsReference,Source/Reference/DataTypes/Records.uv,false,true,false,false,true
Parse-RecordFieldDeclAfterVis,HelloUltraviolet::Reference::DataTypes,runDataTypesRecordsReference,Source/Reference/DataTypes/Records.uv,false,true,false,false,true
Parse-RecordFieldInitOpt-None,HelloUltraviolet::Reference::DataTypes,runDataTypesRecordsReference,Source/Reference/DataTypes/Records.uv,false,true,false,false,true
Parse-RecordFieldInitOpt-Yes,HelloUltraviolet::Reference::DataTypes,runDataTypesRecordsReference,Source/Reference/DataTypes/Records.uv,false,true,false,false,true
Parse-Record-Literal,HelloUltraviolet::Reference::DataTypes,runDataTypesRecordsReference,Source/Reference/DataTypes/Records.uv,false,true,false,false,true
def.RecordDeclAst,HelloUltraviolet::Reference::DataTypes,runDataTypesRecordsReference,Source/Reference/DataTypes/Records.uv,false,true,false,false,true
def.RecordMemberAst,HelloUltraviolet::Reference::DataTypes,runDataTypesRecordsReference,Source/Reference/DataTypes/Records.uv,false,true,false,false,true
def.RecordExprAst,HelloUltraviolet::Reference::DataTypes,runDataTypesRecordsReference,Source/Reference/DataTypes/Records.uv,false,true,false,false,true
def.RecordMembersSelectors,HelloUltraviolet::Reference::DataTypes,runDataTypesRecordsReference,Source/Reference/DataTypes/Records.uv,false,true,false,false,true
def.RecordPath,HelloUltraviolet::Reference::DataTypes,runDataTypesRecordsReference,Source/Reference/DataTypes/Records.uv,false,true,false,false,true
Bind-Record,HelloUltraviolet::Reference::DataTypes,runDataTypesRecordsReference,Source/Reference/DataTypes/Records.uv,false,true,false,false,true
Resolve-RecordPath,HelloUltraviolet::Reference::DataTypes,runDataTypesRecordsReference,Source/Reference/DataTypes/Records.uv,false,true,false,false,true
ResolveQual-Name-Record,HelloUltraviolet::Reference::DataTypes,runDataTypesRecordsReference,Source/Reference/DataTypes/Records.uv,false,true,false,false,true
ResolveQual-Apply-RecordLit,HelloUltraviolet::Reference::DataTypes,runDataTypesRecordsReference,Source/Reference/DataTypes/Records.uv,false,true,false,false,true
ResolveItem-Record,HelloUltraviolet::Reference::DataTypes,runDataTypesRecordsReference,Source/Reference/DataTypes/Records.uv,false,true,false,false,true
def.RecordFieldInitOk,HelloUltraviolet::Reference::DataTypes,runDataTypesRecordsReference,Source/Reference/DataTypes/Records.uv,false,true,false,false,true
def.RecordFieldVisibility,HelloUltraviolet::Reference::DataTypes,runDataTypesRecordsReference,Source/Reference/DataTypes/Records.uv,false,true,false,false,true
WF-Record,HelloUltraviolet::Reference::DataTypes,runDataTypesRecordsReference,Source/Reference/DataTypes/Records.uv,false,true,false,false,true
WF-RecordDecl,HelloUltraviolet::Reference::DataTypes,runDataTypesRecordsReference,Source/Reference/DataTypes/Records.uv,false,true,false,false,true
def.RecordDefaultConstructible,HelloUltraviolet::Reference::DataTypes,runDataTypesRecordsReference,Source/Reference/DataTypes/Records.uv,false,true,false,false,true
def.RecordCallee,HelloUltraviolet::Reference::DataTypes,runDataTypesRecordsReference,Source/Reference/DataTypes/Records.uv,false,true,false,false,true
T-Record-Default,HelloUltraviolet::Reference::DataTypes,runDataTypesRecordsReference,Source/Reference/DataTypes/Records.uv,false,true,false,false,true
def.RecordFieldNameSets,HelloUltraviolet::Reference::DataTypes,runDataTypesRecordsReference,Source/Reference/DataTypes/Records.uv,false,true,false,false,true
def.RecordFieldLookup,HelloUltraviolet::Reference::DataTypes,runDataTypesRecordsReference,Source/Reference/DataTypes/Records.uv,false,true,false,false,true
T-Record-Literal,HelloUltraviolet::Reference::DataTypes,runDataTypesRecordsReference,Source/Reference/DataTypes/Records.uv,false,true,false,false,true
def.RecordValueType,HelloUltraviolet::Reference::DataTypes,recordValueTypeReference,Source/Reference/DataTypes/Records.uv,false,true,false,false,true
EvalSigma-Record,HelloUltraviolet::Reference::DataTypes,evalSigmaRecordReference,Source/Reference/DataTypes/Records.uv,false,true,false,false,true
EvalSigma-Record-Ctrl,HelloUltraviolet::Reference::DataTypes,evalSigmaRecordCtrlReference,Source/Reference/DataTypes/Records.uv,false,true,false,false,true
def.RecordDefaultInits,HelloUltraviolet::Reference::DataTypes,recordDefaultInitsReference,Source/Reference/DataTypes/Records.uv,false,true,false,false,true
ApplyRecordCtorSigma,HelloUltraviolet::Reference::DataTypes,applyRecordCtorSigmaReference,Source/Reference/DataTypes/Records.uv,false,true,false,false,true
ApplyRecordCtorSigma-Ctrl,HelloUltraviolet::Reference::DataTypes,applyRecordCtorSigmaCtrlReference,Source/Reference/DataTypes/Records.uv,false,true,false,false,true
def.RecordLayoutHelpers,HelloUltraviolet::Reference::DataTypes,recordLayoutHelpersReference,Source/Reference/DataTypes/Records.uv,false,true,false,false,true
Layout-Record-Empty,HelloUltraviolet::Reference::DataTypes,layoutRecordEmptyReference,Source/Reference/DataTypes/Records.uv,false,true,false,false,true
def.FieldOffset,HelloUltraviolet::Reference::DataTypes,runDataTypesRecordsReference,Source/Reference/DataTypes/Records.uv,false,true,false,false,true
def.FieldValueList,HelloUltraviolet::Reference::DataTypes,runDataTypesRecordsReference,Source/Reference/DataTypes/Records.uv,false,true,false,false,true
def.StructBits,HelloUltraviolet::Reference::DataTypes,runDataTypesRecordsReference,Source/Reference/DataTypes/Records.uv,false,true,false,false,true
def.PadBytes,HelloUltraviolet::Reference::DataTypes,runDataTypesRecordsReference,Source/Reference/DataTypes/Records.uv,false,true,false,false,true
def.RecordValueBits,HelloUltraviolet::Reference::DataTypes,runDataTypesRecordsReference,Source/Reference/DataTypes/Records.uv,false,true,false,false,true
grammar.EnumSyntax,HelloUltraviolet::Reference::DataTypes,runDataTypesEnumsReference,Source/Reference/DataTypes/Enums.uv,false,true,false,false,true
req.EnumVariantSeparatorSyntax,HelloUltraviolet::Reference::DataTypes,runDataTypesEnumsReference,Source/Reference/DataTypes/Enums.uv,false,true,false,false,true
Parse-Enum,HelloUltraviolet::Reference::DataTypes,runDataTypesEnumsReference,Source/Reference/DataTypes/Enums.uv,false,true,false,false,true
Parse-EnumBody,HelloUltraviolet::Reference::DataTypes,runDataTypesEnumsReference,Source/Reference/DataTypes/Enums.uv,false,true,false,false,true
Parse-VariantMembers-Empty,HelloUltraviolet::Reference::DataTypes,runDataTypesEnumsReference,Source/Reference/DataTypes/Enums.uv,false,true,false,false,true
Parse-VariantMembers-Cons,HelloUltraviolet::Reference::DataTypes,runDataTypesEnumsReference,Source/Reference/DataTypes/Enums.uv,false,true,false,false,true
Parse-VariantSep-End,HelloUltraviolet::Reference::DataTypes,runDataTypesEnumsReference,Source/Reference/DataTypes/Enums.uv,false,true,false,false,true
Parse-VariantSep-Terminator,HelloUltraviolet::Reference::DataTypes,runDataTypesEnumsReference,Source/Reference/DataTypes/Enums.uv,false,true,false,false,true
Parse-Variant,HelloUltraviolet::Reference::DataTypes,runDataTypesEnumsReference,Source/Reference/DataTypes/Enums.uv,false,true,false,false,true
Parse-VariantPayloadOpt-None,HelloUltraviolet::Reference::DataTypes,runDataTypesEnumsReference,Source/Reference/DataTypes/Enums.uv,false,true,false,false,true
Parse-VariantPayloadOpt-Tuple,HelloUltraviolet::Reference::DataTypes,runDataTypesEnumsReference,Source/Reference/DataTypes/Enums.uv,false,true,false,false,true
Parse-VariantPayloadOpt-Record,HelloUltraviolet::Reference::DataTypes,runDataTypesEnumsReference,Source/Reference/DataTypes/Enums.uv,false,true,false,false,true
Parse-VariantDiscriminantOpt-None,HelloUltraviolet::Reference::DataTypes,runDataTypesEnumsReference,Source/Reference/DataTypes/Enums.uv,false,true,false,false,true
Parse-VariantDiscriminantOpt-Yes,HelloUltraviolet::Reference::DataTypes,runDataTypesEnumsReference,Source/Reference/DataTypes/Enums.uv,false,true,false,false,true
req.EnumLiteralResolutionOwnership,HelloUltraviolet::Reference::DataTypes,runDataTypesEnumsReference,Source/Reference/DataTypes/Enums.uv,false,true,false,false,true
def.EnumDeclAst,HelloUltraviolet::Reference::DataTypes,runDataTypesEnumsReference,Source/Reference/DataTypes/Enums.uv,false,true,false,false,true
def.VariantDeclAst,HelloUltraviolet::Reference::DataTypes,runDataTypesEnumsReference,Source/Reference/DataTypes/Enums.uv,false,true,false,false,true
def.EnumVariantHelpers,HelloUltraviolet::Reference::DataTypes,runDataTypesEnumsReference,Source/Reference/DataTypes/Enums.uv,false,true,false,false,true
Bind-Enum,HelloUltraviolet::Reference::DataTypes,runDataTypesEnumsReference,Source/Reference/DataTypes/Enums.uv,false,true,false,false,true
def.EnumPayloadWellFormedness,HelloUltraviolet::Reference::DataTypes,runDataTypesEnumsReference,Source/Reference/DataTypes/Enums.uv,false,true,false,false,true
Resolve-EnumUnit,HelloUltraviolet::Reference::DataTypes,runDataTypesEnumsReference,Source/Reference/DataTypes/Enums.uv,false,true,false,false,true
Resolve-EnumTuple,HelloUltraviolet::Reference::DataTypes,runDataTypesEnumsReference,Source/Reference/DataTypes/Enums.uv,false,true,false,false,true
Resolve-EnumRecord,HelloUltraviolet::Reference::DataTypes,runDataTypesEnumsReference,Source/Reference/DataTypes/Enums.uv,false,true,false,false,true
ResolveQual-Name-Enum,HelloUltraviolet::Reference::DataTypes,runDataTypesEnumsReference,Source/Reference/DataTypes/Enums.uv,false,true,false,false,true
ResolveQual-Apply-Enum-Tuple,HelloUltraviolet::Reference::DataTypes,runDataTypesEnumsReference,Source/Reference/DataTypes/Enums.uv,false,true,false,false,true
ResolveQual-Apply-Enum-Record,HelloUltraviolet::Reference::DataTypes,runDataTypesEnumsReference,Source/Reference/DataTypes/Enums.uv,false,true,false,false,true
ResolveItem-Enum,HelloUltraviolet::Reference::DataTypes,runDataTypesEnumsReference,Source/Reference/DataTypes/Enums.uv,false,true,false,false,true
def.EnumDiscriminantSequence,HelloUltraviolet::Reference::DataTypes,runDataTypesEnumsReference,Source/Reference/DataTypes/Enums.uv,false,true,false,false,true
def.EnumDiscriminantType,HelloUltraviolet::Reference::DataTypes,runDataTypesEnumsReference,Source/Reference/DataTypes/Enums.uv,false,true,false,false,true
WF-EnumDecl,HelloUltraviolet::Reference::DataTypes,runDataTypesEnumsReference,Source/Reference/DataTypes/Enums.uv,false,true,false,false,true
def.EnumLiteralPayloadHelpers,HelloUltraviolet::Reference::DataTypes,runDataTypesEnumsReference,Source/Reference/DataTypes/Enums.uv,false,true,false,false,true
T-Enum-Lit-Unit,HelloUltraviolet::Reference::DataTypes,runDataTypesEnumsReference,Source/Reference/DataTypes/Enums.uv,false,true,false,false,true
T-Enum-Lit-Tuple,HelloUltraviolet::Reference::DataTypes,runDataTypesEnumsReference,Source/Reference/DataTypes/Enums.uv,false,true,false,false,true
T-Enum-Lit-Record,HelloUltraviolet::Reference::DataTypes,runDataTypesEnumsReference,Source/Reference/DataTypes/Enums.uv,false,true,false,false,true
def.EnumValueType,HelloUltraviolet::Reference::DataTypes,runDataTypesEnumsReference,Source/Reference/DataTypes/Enums.uv,false,true,false,false,true
EvalSigma-Enum-Unit,HelloUltraviolet::Reference::DataTypes,evalSigmaEnumUnitReference,Source/Reference/DataTypes/Enums.uv,false,true,false,false,true
EvalSigma-Enum-Tuple,HelloUltraviolet::Reference::DataTypes,evalSigmaEnumTupleReference,Source/Reference/DataTypes/Enums.uv,false,true,false,false,true
EvalSigma-Enum-Tuple-Ctrl,HelloUltraviolet::Reference::DataTypes,evalSigmaEnumTupleCtrlReference,Source/Reference/DataTypes/Enums.uv,false,true,false,false,true
EvalSigma-Enum-Record,HelloUltraviolet::Reference::DataTypes,evalSigmaEnumRecordReference,Source/Reference/DataTypes/Enums.uv,false,true,false,false,true
EvalSigma-Enum-Record-Ctrl,HelloUltraviolet::Reference::DataTypes,evalSigmaEnumRecordCtrlReference,Source/Reference/DataTypes/Enums.uv,false,true,false,false,true
def.EnumLayoutHelpers,HelloUltraviolet::Reference::DataTypes,enumLayoutHelpersReference,Source/Reference/DataTypes/Enums.uv,false,true,false,false,true
Layout-Enum-Tagged,HelloUltraviolet::Reference::DataTypes,layoutEnumTaggedReference,Source/Reference/DataTypes/Enums.uv,false,true,false,false,true
Size-Enum,HelloUltraviolet::Reference::DataTypes,sizeEnumReference,Source/Reference/DataTypes/Enums.uv,false,true,false,false,true
Align-Enum,HelloUltraviolet::Reference::DataTypes,alignEnumReference,Source/Reference/DataTypes/Enums.uv,false,true,false,false,true
Layout-Enum,HelloUltraviolet::Reference::DataTypes,layoutEnumReference,Source/Reference/DataTypes/Enums.uv,false,true,false,false,true
def.EnumPayloadBits,HelloUltraviolet::Audit,artifactProjectEmitLlExercise,Source/Audit/ArtifactProjectExecution.uv,false,true,false,false,true
def.EnumValueBits,HelloUltraviolet::Audit,artifactProjectEmitLlExercise,Source/Audit/ArtifactProjectExecution.uv,false,true,false,false,true
Lower-Expr-Enum-Unit,HelloUltraviolet::Audit,acceptedProjectFixturesBuildAndExerciseArtifactObligations,Source/Audit/AcceptedProjectExecution.uv,false,true,false,false,true
Lower-Expr-Enum-Tuple,HelloUltraviolet::Audit,acceptedProjectFixturesBuildAndExerciseArtifactObligations,Source/Audit/AcceptedProjectExecution.uv,false,true,false,false,true
Lower-Expr-Enum-Record,HelloUltraviolet::Audit,acceptedProjectFixturesBuildAndExerciseArtifactObligations,Source/Audit/AcceptedProjectExecution.uv,false,true,false,false,true
grammar.UnionTypeSyntax,HelloUltraviolet::Reference::DataTypes,runDataTypesUnionsReference,Source/Reference/DataTypes/Unions.uv,false,true,false,false,true
req.UnionIntroductionSemantic,HelloUltraviolet::Reference::DataTypes,runDataTypesUnionsReference,Source/Reference/DataTypes/Unions.uv,false,true,false,false,true
Parse-UnionTail-None,HelloUltraviolet::Reference::DataTypes,runDataTypesUnionsReference,Source/Reference/DataTypes/Unions.uv,false,true,false,false,true
Parse-UnionTail-Cons,HelloUltraviolet::Reference::DataTypes,runDataTypesUnionsReference,Source/Reference/DataTypes/Unions.uv,false,true,false,false,true
def.TypeUnionAst,HelloUltraviolet::Reference::DataTypes,runDataTypesUnionsReference,Source/Reference/DataTypes/Unions.uv,false,true,false,false,true
def.UnionMemberSets,HelloUltraviolet::Reference::DataTypes,runDataTypesUnionsReference,Source/Reference/DataTypes/Unions.uv,false,true,false,false,true
WF-Union,HelloUltraviolet::Reference::DataTypes,runDataTypesUnionsReference,Source/Reference/DataTypes/Unions.uv,false,true,false,false,true
def.UnionMember,HelloUltraviolet::Reference::DataTypes,runDataTypesUnionsReference,Source/Reference/DataTypes/Unions.uv,false,true,false,false,true
Sub-Member-Union,HelloUltraviolet::Reference::DataTypes,runDataTypesUnionsReference,Source/Reference/DataTypes/Unions.uv,false,true,false,false,true
Sub-Union-Width,HelloUltraviolet::Reference::DataTypes,runDataTypesUnionsReference,Source/Reference/DataTypes/Unions.uv,false,true,false,false,true
T-Union-Intro,HelloUltraviolet::Reference::DataTypes,runDataTypesUnionsReference,Source/Reference/DataTypes/Unions.uv,false,true,false,false,true
req.UnionMatchingPropagationOwnership,HelloUltraviolet::Reference::DataTypes,runDataTypesUnionsReference,Source/Reference/DataTypes/Unions.uv,false,true,false,false,true
def.UnionCase,HelloUltraviolet::Reference::DataTypes,runDataTypesUnionsReference,Source/Reference/DataTypes/Unions.uv,false,true,false,false,true
def.UnionNicheOrderingHelpers,HelloUltraviolet::Reference::DataTypes,runDataTypesUnionsReference,Source/Reference/DataTypes/Unions.uv,false,true,false,false,true
def.UnionTypeOrderingKeys,HelloUltraviolet::Reference::DataTypes,runDataTypesUnionsReference,Source/Reference/DataTypes/Unions.uv,false,true,false,false,true
def.TypeKey,HelloUltraviolet::Reference::DataTypes,runDataTypesUnionsReference,Source/Reference/DataTypes/Unions.uv,false,true,false,false,true
def.TypeKeyOrdering,HelloUltraviolet::Reference::DataTypes,runDataTypesUnionsReference,Source/Reference/DataTypes/Unions.uv,false,true,false,false,true
def.UnionMemberLayoutSelection,HelloUltraviolet::Reference::DataTypes,runDataTypesUnionsReference,Source/Reference/DataTypes/Unions.uv,false,true,false,false,true
def.UnionLayoutHelpers,HelloUltraviolet::Reference::DataTypes,runDataTypesUnionsReference,Source/Reference/DataTypes/Unions.uv,false,true,false,false,true
Layout-Union-Niche,HelloUltraviolet::Reference::DataTypes,runDataTypesUnionsReference,Source/Reference/DataTypes/Unions.uv,false,true,false,false,true
Layout-Union-Tagged,HelloUltraviolet::Reference::DataTypes,runDataTypesUnionsReference,Source/Reference/DataTypes/Unions.uv,false,true,false,false,true
Size-Union,HelloUltraviolet::Reference::DataTypes,runDataTypesUnionsReference,Source/Reference/DataTypes/Unions.uv,false,true,false,false,true
Align-Union,HelloUltraviolet::Reference::DataTypes,runDataTypesUnionsReference,Source/Reference/DataTypes/Unions.uv,false,true,false,false,true
Layout-Union,HelloUltraviolet::Reference::DataTypes,runDataTypesUnionsReference,Source/Reference/DataTypes/Unions.uv,false,true,false,false,true
def.UnionNicheBits,HelloUltraviolet::Reference::DataTypes,runDataTypesUnionsReference,Source/Reference/DataTypes/Unions.uv,false,true,false,false,true
def.UnionPayloadBits,HelloUltraviolet::Reference::DataTypes,runDataTypesUnionsReference,Source/Reference/DataTypes/Unions.uv,false,true,false,false,true
def.TaggedBits,HelloUltraviolet::Reference::DataTypes,runDataTypesUnionsReference,Source/Reference/DataTypes/Unions.uv,false,true,false,false,true
def.UnionTaggedBits,HelloUltraviolet::Reference::DataTypes,runDataTypesUnionsReference,Source/Reference/DataTypes/Unions.uv,false,true,false,false,true
def.UnionBits,HelloUltraviolet::Reference::DataTypes,runDataTypesUnionsReference,Source/Reference/DataTypes/Unions.uv,false,true,false,false,true
def.UnionValueBits,HelloUltraviolet::Reference::DataTypes,runDataTypesUnionsReference,Source/Reference/DataTypes/Unions.uv,false,true,false,false,true
def.UnionValueType,HelloUltraviolet::Reference::DataTypes,runDataTypesUnionsReference,Source/Reference/DataTypes/Unions.uv,false,true,false,false,true
req.UnionDiagnosticOwnership,HelloUltraviolet::Reference::DataTypes,runDataTypesUnionsReference,Source/Reference/DataTypes/Unions.uv,false,true,false,false,true
grammar.TypeAliasSyntax,HelloUltraviolet::Reference::DataTypes,runDataTypesTypeAliasesReference,Source/Reference/DataTypes/TypeAliases.uv,false,true,false,false,true
Parse-Type-Alias,HelloUltraviolet::Reference::DataTypes,runDataTypesTypeAliasesReference,Source/Reference/DataTypes/TypeAliases.uv,false,true,false,false,true
def.TypeAliasDeclAst,HelloUltraviolet::Reference::DataTypes,runDataTypesTypeAliasesReference,Source/Reference/DataTypes/TypeAliases.uv,false,true,false,false,true
def.TypeAliasAccessors,HelloUltraviolet::Reference::DataTypes,runDataTypesTypeAliasesReference,Source/Reference/DataTypes/TypeAliases.uv,false,true,false,false,true
Bind-TypeAlias,HelloUltraviolet::Reference::DataTypes,runDataTypesTypeAliasesReference,Source/Reference/DataTypes/TypeAliases.uv,false,true,false,false,true
ResolveItem-TypeAlias,HelloUltraviolet::Reference::DataTypes,runDataTypesTypeAliasesReference,Source/Reference/DataTypes/TypeAliases.uv,false,true,false,false,true
def.AliasNormalization,HelloUltraviolet::Reference::DataTypes,runDataTypesTypeAliasesReference,Source/Reference/DataTypes/TypeAliases.uv,false,true,false,false,true
def.AliasPathNormalization,HelloUltraviolet::Reference::DataTypes,runDataTypesTypeAliasesReference,Source/Reference/DataTypes/TypeAliases.uv,false,true,false,false,true
def.AliasTransparent,HelloUltraviolet::Reference::DataTypes,runDataTypesTypeAliasesReference,Source/Reference/DataTypes/TypeAliases.uv,false,true,false,false,true
def.AliasGraph,HelloUltraviolet::Reference::DataTypes,runDataTypesTypeAliasesReference,Source/Reference/DataTypes/TypeAliases.uv,false,true,false,false,true
def.TypePaths,HelloUltraviolet::Reference::DataTypes,runDataTypesTypeAliasesReference,Source/Reference/DataTypes/TypeAliases.uv,false,true,false,false,true
def.TypePathsOfModalRef,HelloUltraviolet::Reference::DataTypes,runDataTypesTypeAliasesReference,Source/Reference/DataTypes/TypeAliases.uv,false,true,false,false,true
TypeAlias-Ok,HelloUltraviolet::Reference::DataTypes,runDataTypesTypeAliasesReference,Source/Reference/DataTypes/TypeAliases.uv,false,true,false,false,true
req.TypeAliasDynamicSemantics,HelloUltraviolet::Reference::DataTypes,runDataTypesTypeAliasesReference,Source/Reference/DataTypes/TypeAliases.uv,false,true,false,false,true
Size-Alias,HelloUltraviolet::Reference::DataTypes,sizeAliasReference,Source/Reference/DataTypes/TypeAliases.uv,false,true,false,false,true
Align-Alias,HelloUltraviolet::Reference::DataTypes,alignAliasReference,Source/Reference/DataTypes/TypeAliases.uv,false,true,false,false,true
Layout-Alias,HelloUltraviolet::Reference::DataTypes,layoutAliasReference,Source/Reference/DataTypes/TypeAliases.uv,false,true,false,false,true
def.TypeAliasValueBits,HelloUltraviolet::Reference::DataTypes,runDataTypesTypeAliasesReference,Source/Reference/DataTypes/TypeAliases.uv,false,true,false,false,true
grammar.ModalDeclarations.Syntax,HelloUltraviolet::Reference::ModalTypes,runModalTypesModalDeclarationsReference,Source/Reference/ModalTypes/ModalDeclarations.uv,false,true,false,false,true
rule.13.Parse-Modal,HelloUltraviolet::Reference::ModalTypes,runModalTypesModalDeclarationsReference,Source/Reference/ModalTypes/ModalDeclarations.uv,false,true,false,false,true
rule.13.Parse-ModalBody,HelloUltraviolet::Reference::ModalTypes,runModalTypesModalDeclarationsReference,Source/Reference/ModalTypes/ModalDeclarations.uv,false,true,false,false,true
rule.13.Parse-StateBlock,HelloUltraviolet::Reference::ModalTypes,runModalTypesModalDeclarationsReference,Source/Reference/ModalTypes/ModalDeclarations.uv,false,true,false,false,true
def.ModalTypeRef.Parser,HelloUltraviolet::Reference::ModalTypes,runModalTypesModalDeclarationsReference,Source/Reference/ModalTypes/ModalDeclarations.uv,false,true,false,false,true
rule.13.Parse-Modal-State-Type,HelloUltraviolet::Reference::ModalTypes,runModalTypesModalDeclarationsReference,Source/Reference/ModalTypes/ModalDeclarations.uv,false,true,false,false,true
rule.13.Parse-Record-Literal-ModalState,HelloUltraviolet::Reference::ModalTypes,runModalTypesModalDeclarationsReference,Source/Reference/ModalTypes/ModalDeclarations.uv,false,true,false,false,true
req.ModalStateMemberDispatch,HelloUltraviolet::Reference::ModalTypes,runModalTypesModalDeclarationsReference,Source/Reference/ModalTypes/ModalDeclarations.uv,false,true,false,false,true
def.ModalDeclAst,HelloUltraviolet::Reference::ModalTypes,runModalTypesModalDeclarationsReference,Source/Reference/ModalTypes/ModalDeclarations.uv,false,true,false,false,true
def.StateBlockAst,HelloUltraviolet::Reference::ModalTypes,runModalTypesModalDeclarationsReference,Source/Reference/ModalTypes/ModalDeclarations.uv,false,true,false,false,true
def.StateMemberAst,HelloUltraviolet::Reference::ModalTypes,runModalTypesModalDeclarationsReference,Source/Reference/ModalTypes/ModalDeclarations.uv,false,true,false,false,true
def.ModalRefAst,HelloUltraviolet::Reference::ModalTypes,runModalTypesModalDeclarationsReference,Source/Reference/ModalTypes/ModalDeclarations.uv,false,true,false,false,true
def.TypeRefModalStateAst,HelloUltraviolet::Reference::ModalTypes,runModalTypesModalDeclarationsReference,Source/Reference/ModalTypes/ModalDeclarations.uv,false,true,false,false,true
def.ModalStateAccessors,HelloUltraviolet::Reference::ModalTypes,runModalTypesModalDeclarationsReference,Source/Reference/ModalTypes/ModalDeclarations.uv,false,true,false,false,true
def.ModalStatePayload,HelloUltraviolet::Reference::ModalTypes,runModalTypesModalDeclarationsReference,Source/Reference/ModalTypes/ModalDeclarations.uv,false,true,false,false,true
def.BuiltinModalSet,HelloUltraviolet::Reference::ModalTypes,runModalTypesModalDeclarationsReference,Source/Reference/ModalTypes/ModalDeclarations.uv,false,true,false,false,true
def.ModalPath,HelloUltraviolet::Reference::ModalTypes,runModalTypesModalDeclarationsReference,Source/Reference/ModalTypes/ModalDeclarations.uv,false,true,false,false,true
def.ModalSelfRef,HelloUltraviolet::Reference::ModalTypes,runModalTypesModalDeclarationsReference,Source/Reference/ModalTypes/ModalDeclarations.uv,false,true,false,false,true
def.ModalSelfTypes,HelloUltraviolet::Reference::ModalTypes,runModalTypesModalDeclarationsReference,Source/Reference/ModalTypes/ModalDeclarations.uv,false,true,false,false,true
def.ModalRefAccessors,HelloUltraviolet::Reference::ModalTypes,runModalTypesModalDeclarationsReference,Source/Reference/ModalTypes/ModalDeclarations.uv,false,true,false,false,true
def.ModalDeclOf,HelloUltraviolet::Reference::ModalTypes,runModalTypesModalDeclarationsReference,Source/Reference/ModalTypes/ModalDeclarations.uv,false,true,false,false,true
def.ModalRefSubst,HelloUltraviolet::Reference::ModalTypes,runModalTypesModalDeclarationsReference,Source/Reference/ModalTypes/ModalDeclarations.uv,false,true,false,false,true
def.ModalPayloadSubstitution,HelloUltraviolet::Reference::ModalTypes,runModalTypesModalDeclarationsReference,Source/Reference/ModalTypes/ModalDeclarations.uv,false,true,false,false,true
def.PayloadMap,HelloUltraviolet::Reference::ModalTypes,runModalTypesModalDeclarationsReference,Source/Reference/ModalTypes/ModalDeclarations.uv,false,true,false,false,true
def.ModalPayloadMap,HelloUltraviolet::Reference::ModalTypes,runModalTypesModalDeclarationsReference,Source/Reference/ModalTypes/ModalDeclarations.uv,false,true,false,false,true
rule.13.WF-Modal-Payload,HelloUltraviolet::Reference::ModalTypes,runModalTypesModalDeclarationsReference,Source/Reference/ModalTypes/ModalDeclarations.uv,false,true,false,false,true
rule.13.Modal-Payload-DupField,HelloUltraviolet::Reference::ModalTypes,runModalTypesModalDeclarationsReference,Source/Reference/ModalTypes/ModalDeclarations.uv,false,true,false,false,true
rule.13.WF-ModalState,HelloUltraviolet::Reference::ModalTypes,runModalTypesModalDeclarationsReference,Source/Reference/ModalTypes/ModalDeclarations.uv,false,true,false,false,true
def.StateMemberVisOk,HelloUltraviolet::Reference::ModalTypes,runModalTypesModalDeclarationsReference,Source/Reference/ModalTypes/ModalDeclarations.uv,false,true,false,false,true
rule.13.WF-ModalDecl,HelloUltraviolet::Reference::ModalTypes,runModalTypesModalDeclarationsReference,Source/Reference/ModalTypes/ModalDeclarations.uv,false,true,false,false,true
rule.13.Modal-WF,HelloUltraviolet::Reference::ModalTypes,runModalTypesModalDeclarationsReference,Source/Reference/ModalTypes/ModalDeclarations.uv,false,true,false,false,true
rule.13.State-Specific-WF,HelloUltraviolet::Reference::ModalTypes,runModalTypesModalDeclarationsReference,Source/Reference/ModalTypes/ModalDeclarations.uv,false,true,false,false,true
def.ModalPayloadNames,HelloUltraviolet::Reference::ModalTypes,runModalTypesModalDeclarationsReference,Source/Reference/ModalTypes/ModalDeclarations.uv,false,true,false,false,true
rule.13.T-Modal-State-Intro,HelloUltraviolet::Reference::ModalTypes,runModalTypesModalDeclarationsReference,Source/Reference/ModalTypes/ModalDeclarations.uv,false,true,false,false,true
def.RegionPayload,HelloUltraviolet::Reference::ModalTypes,runModalTypesModalDeclarationsReference,Source/Reference/ModalTypes/ModalDeclarations.uv,false,true,false,false,true
def.RegionProcSet,HelloUltraviolet::Reference::ModalTypes,runModalTypesModalDeclarationsReference,Source/Reference/ModalTypes/ModalDeclarations.uv,false,true,false,false,true
def.RegionNewScopedProcSig,HelloUltraviolet::Reference::ModalTypes,runModalTypesModalDeclarationsReference,Source/Reference/ModalTypes/ModalDeclarations.uv,false,true,false,false,true
def.RegionAllocProcSig,HelloUltraviolet::Reference::ModalTypes,runModalTypesModalDeclarationsReference,Source/Reference/ModalTypes/ModalDeclarations.uv,false,true,false,false,true
def.RegionResetUncheckedProcSig,HelloUltraviolet::Reference::ModalTypes,runModalTypesModalDeclarationsReference,Source/Reference/ModalTypes/ModalDeclarations.uv,false,true,false,false,true
def.RegionFreezeProcSig,HelloUltraviolet::Reference::ModalTypes,runModalTypesModalDeclarationsReference,Source/Reference/ModalTypes/ModalDeclarations.uv,false,true,false,false,true
def.RegionThawProcSig,HelloUltraviolet::Reference::ModalTypes,runModalTypesModalDeclarationsReference,Source/Reference/ModalTypes/ModalDeclarations.uv,false,true,false,false,true
def.RegionFreeUncheckedProcSig,HelloUltraviolet::Reference::ModalTypes,runModalTypesModalDeclarationsReference,Source/Reference/ModalTypes/ModalDeclarations.uv,false,true,false,false,true
def.RegionProvenanceTypeHelpers,HelloUltraviolet::Reference::ModalTypes,runModalTypesModalDeclarationsReference,Source/Reference/ModalTypes/ModalDeclarations.uv,false,true,false,false,true
def.RegionNonBitcopy,HelloUltraviolet::Reference::ModalTypes,runModalTypesModalDeclarationsReference,Source/Reference/ModalTypes/ModalDeclarations.uv,false,true,false,false,true
req.RegionAllocProvenance,HelloUltraviolet::Reference::ModalTypes,runModalTypesModalDeclarationsReference,Source/Reference/ModalTypes/ModalDeclarations.uv,false,true,false,false,true
req.RegionInactiveDereferenceSemantics,HelloUltraviolet::Reference::ModalTypes,runModalTypesModalDeclarationsReference,Source/Reference/ModalTypes/ModalDeclarations.uv,false,true,false,false,true
req.RegionFreeAtScopeExit,HelloUltraviolet::Reference::ModalTypes,runModalTypesModalDeclarationsReference,Source/Reference/ModalTypes/ModalDeclarations.uv,false,true,false,false,true
def.CancelTokenTypePresence,HelloUltraviolet::Reference::ModalTypes,runModalTypesModalDeclarationsReference,Source/Reference/ModalTypes/ModalDeclarations.uv,false,true,false,false,true
def.CancelTokenPayload,HelloUltraviolet::Reference::ModalTypes,runModalTypesModalDeclarationsReference,Source/Reference/ModalTypes/ModalDeclarations.uv,false,true,false,false,true
def.CancelTokenMembersAndDecl,HelloUltraviolet::Reference::ModalTypes,runModalTypesModalDeclarationsReference,Source/Reference/ModalTypes/ModalDeclarations.uv,false,true,false,false,true
def.CancelTokenTypeBinding,HelloUltraviolet::Reference::ModalTypes,runModalTypesModalDeclarationsReference,Source/Reference/ModalTypes/ModalDeclarations.uv,false,true,false,false,true
def.CancelTokenProcSignatures,HelloUltraviolet::Reference::ModalTypes,runModalTypesModalDeclarationsReference,Source/Reference/ModalTypes/ModalDeclarations.uv,false,true,false,false,true
def.SpawnedTypePresence,HelloUltraviolet::Reference::ModalTypes,runModalTypesModalDeclarationsReference,Source/Reference/ModalTypes/ModalDeclarations.uv,false,true,false,false,true
def.SpawnedPayload,HelloUltraviolet::Reference::ModalTypes,runModalTypesModalDeclarationsReference,Source/Reference/ModalTypes/ModalDeclarations.uv,false,true,false,false,true
def.SpawnedMembersAndDecl,HelloUltraviolet::Reference::ModalTypes,runModalTypesModalDeclarationsReference,Source/Reference/ModalTypes/ModalDeclarations.uv,false,true,false,false,true
def.SpawnedTypeBinding,HelloUltraviolet::Reference::ModalTypes,runModalTypesModalDeclarationsReference,Source/Reference/ModalTypes/ModalDeclarations.uv,false,true,false,false,true
def.TrackedTypePresence,HelloUltraviolet::Reference::ModalTypes,runModalTypesModalDeclarationsReference,Source/Reference/ModalTypes/ModalDeclarations.uv,false,true,false,false,true
def.TrackedPayload,HelloUltraviolet::Reference::ModalTypes,runModalTypesModalDeclarationsReference,Source/Reference/ModalTypes/ModalDeclarations.uv,false,true,false,false,true
def.TrackedMembersAndDecl,HelloUltraviolet::Reference::ModalTypes,runModalTypesModalDeclarationsReference,Source/Reference/ModalTypes/ModalDeclarations.uv,false,true,false,false,true
def.TrackedTypeBinding,HelloUltraviolet::Reference::ModalTypes,runModalTypesModalDeclarationsReference,Source/Reference/ModalTypes/ModalDeclarations.uv,false,true,false,false,true
def.DirIterMembersAndDecl,HelloUltraviolet::Audit,artifactProjectModalSpecialLoweringExercise,Fixtures/ArtifactProjects/ModalSpecialLowering/Source/Library.uv,false,true,false,false,true
def.FileMembersAndDecl,HelloUltraviolet::Reference::ModalTypes,runModalTypesModalDeclarationsReference,Source/Reference/ModalTypes/ModalDeclarations.uv,false,true,false,false,true
def.DirIterAndFileTypeBindings,HelloUltraviolet::Audit,artifactProjectModalSpecialLoweringExercise,Fixtures/ArtifactProjects/ModalSpecialLowering/Source/Library.uv,false,true,false,false,true
req.AsyncModalDefinedInChapter21,HelloUltraviolet::Reference::ModalTypes,runModalTypesModalDeclarationsReference,Source/Reference/ModalTypes/ModalDeclarations.uv,false,true,false,false,true
def.ModalValRuntime,HelloUltraviolet::Audit,artifactProjectEmitLlExercise,Fixtures/ArtifactProjects/EmitLlLibrary/Source/Library.uv,false,true,false,false,true
def.RecordModalStateValueType,HelloUltraviolet::Audit,artifactProjectEmitLlExercise,Fixtures/ArtifactProjects/EmitLlLibrary/Source/Library.uv,false,true,false,false,true
def.ModalValValueType,HelloUltraviolet::Audit,artifactProjectEmitLlExercise,Fixtures/ArtifactProjects/EmitLlLibrary/Source/Library.uv,false,true,false,false,true
req.ModalRuntimeRepresentation,HelloUltraviolet::Audit,artifactProjectEmitLlExercise,Fixtures/ArtifactProjects/EmitLlLibrary/Source/Library.uv,false,true,false,false,true
def.ModalDiscType,HelloUltraviolet::Audit,artifactProjectEmitLlExercise,Fixtures/ArtifactProjects/EmitLlLibrary/Source/Library.uv,false,true,false,false,true
def.ModalStateLayoutMetrics,HelloUltraviolet::Audit,artifactProjectEmitLlExercise,Fixtures/ArtifactProjects/EmitLlLibrary/Source/Library.uv,false,true,false,false,true
def.ModalSingleFieldPayload,HelloUltraviolet::Audit,artifactProjectEmitLlExercise,Fixtures/ArtifactProjects/EmitLlLibrary/Source/Library.uv,false,true,false,false,true
def.ModalEmptyState,HelloUltraviolet::Audit,artifactProjectEmitLlExercise,Fixtures/ArtifactProjects/EmitLlLibrary/Source/Library.uv,false,true,false,false,true
def.ModalPayloadState,HelloUltraviolet::Audit,artifactProjectEmitLlExercise,Fixtures/ArtifactProjects/EmitLlLibrary/Source/Library.uv,false,true,false,false,true
def.ModalNicheApplies,HelloUltraviolet::Audit,artifactProjectEmitLlExercise,Fixtures/ArtifactProjects/EmitLlLibrary/Source/Library.uv,false,true,false,false,true
def.ModalStateValueBits,HelloUltraviolet::Audit,artifactProjectEmitLlExercise,Fixtures/ArtifactProjects/EmitLlLibrary/Source/Library.uv,false,true,false,false,true
def.ModalEmptyStates,HelloUltraviolet::Audit,artifactProjectEmitLlExercise,Fixtures/ArtifactProjects/EmitLlLibrary/Source/Library.uv,false,true,false,false,true
def.EmptyRecordVal,HelloUltraviolet::Audit,artifactProjectEmitLlExercise,Fixtures/ArtifactProjects/EmitLlLibrary/Source/Library.uv,false,true,false,false,true
def.ModalNicheBits,HelloUltraviolet::Audit,artifactProjectEmitLlExercise,Fixtures/ArtifactProjects/EmitLlLibrary/Source/Library.uv,false,true,false,false,true
def.ModalBits,HelloUltraviolet::Audit,artifactProjectEmitLlExercise,Fixtures/ArtifactProjects/EmitLlLibrary/Source/Library.uv,false,true,false,false,true
def.ModalAlign,HelloUltraviolet::Audit,artifactProjectEmitLlExercise,Fixtures/ArtifactProjects/EmitLlLibrary/Source/Library.uv,false,true,false,false,true
def.ModalSize,HelloUltraviolet::Audit,artifactProjectEmitLlExercise,Fixtures/ArtifactProjects/EmitLlLibrary/Source/Library.uv,false,true,false,false,true
def.ModalPayloadSize,HelloUltraviolet::Audit,artifactProjectEmitLlExercise,Fixtures/ArtifactProjects/EmitLlLibrary/Source/Library.uv,false,true,false,false,true
def.ModalPayloadAlign,HelloUltraviolet::Audit,artifactProjectEmitLlExercise,Fixtures/ArtifactProjects/EmitLlLibrary/Source/Library.uv,false,true,false,false,true
def.StateRecordBits,HelloUltraviolet::Audit,artifactProjectEmitLlExercise,Fixtures/ArtifactProjects/EmitLlLibrary/Source/Library.uv,false,true,false,false,true
def.ModalPayloadBits,HelloUltraviolet::Audit,artifactProjectEmitLlExercise,Fixtures/ArtifactProjects/EmitLlLibrary/Source/Library.uv,false,true,false,false,true
def.ModalLayoutJudgementSet,HelloUltraviolet::Audit,artifactProjectEmitLlExercise,Fixtures/ArtifactProjects/EmitLlLibrary/Source/Library.uv,false,true,false,false,true
rule.13.Layout-Modal-Niche,HelloUltraviolet::Audit,artifactProjectEmitLlExercise,Fixtures/ArtifactProjects/EmitLlLibrary/Source/Library.uv,false,true,false,false,true
rule.13.Layout-Modal-Tagged,HelloUltraviolet::Audit,artifactProjectEmitLlExercise,Fixtures/ArtifactProjects/EmitLlLibrary/Source/Library.uv,false,true,false,false,true
rule.13.Size-Modal,HelloUltraviolet::Audit,artifactProjectEmitLlExercise,Fixtures/ArtifactProjects/EmitLlLibrary/Source/Library.uv,false,true,false,false,true
rule.13.Align-Modal,HelloUltraviolet::Audit,artifactProjectEmitLlExercise,Fixtures/ArtifactProjects/EmitLlLibrary/Source/Library.uv,false,true,false,false,true
rule.13.Layout-Modal,HelloUltraviolet::Audit,artifactProjectEmitLlExercise,Fixtures/ArtifactProjects/EmitLlLibrary/Source/Library.uv,false,true,false,false,true
rule.13.Size-ModalState,HelloUltraviolet::Audit,artifactProjectEmitLlExercise,Fixtures/ArtifactProjects/EmitLlLibrary/Source/Library.uv,false,true,false,false,true
rule.13.Align-ModalState,HelloUltraviolet::Audit,artifactProjectEmitLlExercise,Fixtures/ArtifactProjects/EmitLlLibrary/Source/Library.uv,false,true,false,false,true
rule.13.Layout-ModalState,HelloUltraviolet::Audit,artifactProjectEmitLlExercise,Fixtures/ArtifactProjects/EmitLlLibrary/Source/Library.uv,false,true,false,false,true
def.ModalStateLayoutEquation,HelloUltraviolet::Audit,artifactProjectEmitLlExercise,Fixtures/ArtifactProjects/EmitLlLibrary/Source/Library.uv,false,true,false,false,true
def.EmptyModalStateSizeEquation,HelloUltraviolet::Audit,artifactProjectEmitLlExercise,Fixtures/ArtifactProjects/EmitLlLibrary/Source/Library.uv,false,true,false,false,true
def.ModalBaseLayoutEquation,HelloUltraviolet::Audit,artifactProjectEmitLlExercise,Fixtures/ArtifactProjects/EmitLlLibrary/Source/Library.uv,false,true,false,false,true
req.ModalTaggedPaddingZero,HelloUltraviolet::Audit,artifactProjectEmitLlExercise,Fixtures/ArtifactProjects/EmitLlLibrary/Source/Library.uv,false,true,false,false,true
def.ModalTaggedBits,HelloUltraviolet::Audit,artifactProjectEmitLlExercise,Fixtures/ArtifactProjects/EmitLlLibrary/Source/Library.uv,false,true,false,false,true
def.ModalRefValueBits,HelloUltraviolet::Audit,artifactProjectEmitLlExercise,Fixtures/ArtifactProjects/EmitLlLibrary/Source/Library.uv,false,true,false,false,true
diag.ModalDeclarations,HelloUltraviolet::Reference::ModalTypes,runModalTypesModalDeclarationsReference,Source/Reference/ModalTypes/ModalDeclarations.uv,false,true,false,false,true
grammar.StateFields.Syntax,HelloUltraviolet::Reference::ModalTypes,runModalTypesStateFieldsReference,Source/Reference/ModalTypes/StateFields.uv,false,true,false,false,true
rule.13.Parse-StateMember-Field,HelloUltraviolet::Reference::ModalTypes,runModalTypesStateFieldsReference,Source/Reference/ModalTypes/StateFields.uv,false,true,false,false,true
def.StateFieldDeclAst,HelloUltraviolet::Reference::ModalTypes,runModalTypesStateFieldsReference,Source/Reference/ModalTypes/StateFields.uv,false,true,false,false,true
def.PayloadNameHelpers,HelloUltraviolet::Reference::ModalTypes,runModalTypesStateFieldsReference,Source/Reference/ModalTypes/StateFields.uv,false,true,false,false,true
def.ModalFieldVisible,HelloUltraviolet::Reference::ModalTypes,runModalTypesStateFieldsReference,Source/Reference/ModalTypes/StateFields.uv,false,true,false,false,true
rule.13.T-Modal-Field,HelloUltraviolet::Reference::ModalTypes,runModalTypesStateFieldsReference,Source/Reference/ModalTypes/StateFields.uv,false,true,false,false,true
rule.13.T-Modal-Field-Perm,HelloUltraviolet::Reference::ModalTypes,runModalTypesStateFieldsReference,Source/Reference/ModalTypes/StateFields.uv,false,true,false,false,true
rule.13.Modal-Field-Missing,HelloUltraviolet::Reference::ModalTypes,runModalTypesStateFieldsReference,Source/Reference/ModalTypes/StateFields.uv,false,true,false,false,true
rule.13.Modal-Field-General-Err,HelloUltraviolet::Reference::ModalTypes,runModalTypesStateFieldsReference,Source/Reference/ModalTypes/StateFields.uv,false,true,false,false,true
rule.13.Modal-Field-NotVisible,HelloUltraviolet::Reference::ModalTypes,runModalTypesStateFieldsReference,Source/Reference/ModalTypes/StateFields.uv,false,true,false,false,true
req.StateFieldDynamic,HelloUltraviolet::Reference::ModalTypes,runModalTypesStateFieldsReference,Source/Reference/ModalTypes/StateFields.uv,false,true,false,false,true
req.StateFieldLowering,HelloUltraviolet::Audit,artifactProjectModalSpecialLoweringExercise,Fixtures/ArtifactProjects/ModalSpecialLowering/Source/Library.uv,false,true,false,false,true
diag.StateFields,HelloUltraviolet::Reference::ModalTypes,runModalTypesStateFieldsReference,Source/Reference/ModalTypes/StateFields.uv,false,true,false,false,true
grammar.StateMethods.Syntax,HelloUltraviolet::Reference::ModalTypes,runModalTypesStateMethodsReference,Source/Reference/ModalTypes/StateMethods.uv,false,true,false,false,true
rule.13.Parse-StateMember-Method,HelloUltraviolet::Reference::ModalTypes,runModalTypesStateMethodsReference,Source/Reference/ModalTypes/StateMethods.uv,false,true,false,false,true
req.StateMethodSignatureParser,HelloUltraviolet::Reference::ModalTypes,runModalTypesStateMethodsReference,Source/Reference/ModalTypes/StateMethods.uv,false,true,false,false,true
def.StateMethodDeclAst,HelloUltraviolet::Reference::ModalTypes,runModalTypesStateMethodsReference,Source/Reference/ModalTypes/StateMethods.uv,false,true,false,false,true
def.StateMethodCollections,HelloUltraviolet::Reference::ModalTypes,runModalTypesStateMethodsReference,Source/Reference/ModalTypes/StateMethods.uv,false,true,false,false,true
def.StateMethodSig,HelloUltraviolet::Reference::ModalTypes,runModalTypesStateMethodsReference,Source/Reference/ModalTypes/StateMethods.uv,false,true,false,false,true
def.LookupStateMethod,HelloUltraviolet::Reference::ModalTypes,runModalTypesStateMethodsReference,Source/Reference/ModalTypes/StateMethods.uv,false,true,false,false,true
def.StateMemberVisible,HelloUltraviolet::Reference::ModalTypes,runModalTypesStateMethodsReference,Source/Reference/ModalTypes/StateMethods.uv,false,true,false,false,true
rule.13.StateMethod-Dup,HelloUltraviolet::Reference::ModalTypes,runModalTypesStateMethodsReference,Source/Reference/ModalTypes/StateMethods.uv,false,true,false,false,true
rule.13.WF-State-Method,HelloUltraviolet::Reference::ModalTypes,runModalTypesStateMethodsReference,Source/Reference/ModalTypes/StateMethods.uv,false,true,false,false,true
rule.13.T-Modal-Method,HelloUltraviolet::Reference::ModalTypes,runModalTypesStateMethodsReference,Source/Reference/ModalTypes/StateMethods.uv,false,true,false,false,true
rule.13.Modal-Method-RecvPerm-Err,HelloUltraviolet::Reference::ModalTypes,runModalTypesStateMethodsReference,Source/Reference/ModalTypes/StateMethods.uv,false,true,false,false,true
rule.13.Modal-Method-NotFound,HelloUltraviolet::Reference::ModalTypes,runModalTypesStateMethodsReference,Source/Reference/ModalTypes/StateMethods.uv,false,true,false,false,true
rule.13.Modal-Method-NotVisible,HelloUltraviolet::Reference::ModalTypes,runModalTypesStateMethodsReference,Source/Reference/ModalTypes/StateMethods.uv,false,true,false,false,true
rule.13.T-Modal-Method-Body,HelloUltraviolet::Reference::ModalTypes,runModalTypesStateMethodsReference,Source/Reference/ModalTypes/StateMethods.uv,false,true,false,false,true
def.StateMethodTarget,HelloUltraviolet::Reference::ModalTypes,runModalTypesStateMethodsReference,Source/Reference/ModalTypes/StateMethods.uv,false,true,false,false,true
rule.13.ApplyMethodSigma,HelloUltraviolet::Reference::ModalTypes,runModalTypesStateMethodsReference,Source/Reference/ModalTypes/StateMethods.uv,false,true,false,false,true
req.BuiltinStateMethodCalling,HelloUltraviolet::Reference::ModalTypes,runModalTypesStateMethodsReference,Source/Reference/ModalTypes/StateMethods.uv,false,true,false,false,true
req.StateMethodLowering,HelloUltraviolet::Audit,artifactProjectModalSpecialLoweringExercise,Fixtures/ArtifactProjects/ModalSpecialLowering/Source/Library.uv,false,true,false,false,true
diag.StateMethods,HelloUltraviolet::Reference::ModalTypes,runModalTypesStateMethodsReference,Source/Reference/ModalTypes/StateMethods.uv,false,true,false,false,true
grammar.Transitions.Syntax,HelloUltraviolet::Reference::ModalTypes,runModalTypesTransitionsReference,Source/Reference/ModalTypes/Transitions.uv,false,true,false,false,true
rule.13.Parse-StateMember-Transition,HelloUltraviolet::Reference::ModalTypes,runModalTypesTransitionsReference,Source/Reference/ModalTypes/Transitions.uv,false,true,false,false,true
def.TransitionDeclAst,HelloUltraviolet::Reference::ModalTypes,runModalTypesTransitionsReference,Source/Reference/ModalTypes/Transitions.uv,false,true,false,false,true
def.TransitionCollections,HelloUltraviolet::Reference::ModalTypes,runModalTypesTransitionsReference,Source/Reference/ModalTypes/Transitions.uv,false,true,false,false,true
def.LookupTransition,HelloUltraviolet::Reference::ModalTypes,runModalTypesTransitionsReference,Source/Reference/ModalTypes/Transitions.uv,false,true,false,false,true
def.TransitionSig,HelloUltraviolet::Reference::ModalTypes,runModalTypesTransitionsReference,Source/Reference/ModalTypes/Transitions.uv,false,true,false,false,true
rule.13.Transition-Dup,HelloUltraviolet::Reference::ModalTypes,runModalTypesTransitionsReference,Source/Reference/ModalTypes/Transitions.uv,false,true,false,false,true
rule.13.WF-Transition,HelloUltraviolet::Reference::ModalTypes,runModalTypesTransitionsReference,Source/Reference/ModalTypes/Transitions.uv,false,true,false,false,true
rule.13.T-Modal-Transition,HelloUltraviolet::Reference::ModalTypes,runModalTypesTransitionsReference,Source/Reference/ModalTypes/Transitions.uv,false,true,false,false,true
rule.13.Transition-NotVisible,HelloUltraviolet::Reference::ModalTypes,runModalTypesTransitionsReference,Source/Reference/ModalTypes/Transitions.uv,false,true,false,false,true
rule.13.T-Modal-Transition-Body,HelloUltraviolet::Reference::ModalTypes,runModalTypesTransitionsReference,Source/Reference/ModalTypes/Transitions.uv,false,true,false,false,true
def.TransitionMethodTarget,HelloUltraviolet::Reference::ModalTypes,runModalTypesTransitionsReference,Source/Reference/ModalTypes/Transitions.uv,false,true,false,false,true
req.TransitionRuntimeSemantics,HelloUltraviolet::Reference::ModalTypes,transitionRuntimeSemanticsReference,Source/Reference/ModalTypes/Transitions.uv,false,true,false,false,true
def.IsTransition,HelloUltraviolet::Reference::ModalTypes,runModalTypesTransitionsReference,Source/Reference/ModalTypes/Transitions.uv,false,true,false,false,true
def.TransitionTarget,HelloUltraviolet::Reference::ModalTypes,runModalTypesTransitionsReference,Source/Reference/ModalTypes/Transitions.uv,false,true,false,false,true
rule.13.ApplyTransitionSigma,HelloUltraviolet::Reference::ModalTypes,runModalTypesTransitionsReference,Source/Reference/ModalTypes/Transitions.uv,false,true,false,false,true
def.ExtractReturnValue,HelloUltraviolet::Reference::ModalTypes,runModalTypesTransitionsReference,Source/Reference/ModalTypes/Transitions.uv,false,true,false,false,true
def.ValidateModalState,HelloUltraviolet::Reference::ModalTypes,runModalTypesTransitionsReference,Source/Reference/ModalTypes/Transitions.uv,false,true,false,false,true
diag.Transitions,HelloUltraviolet::Reference::ModalTypes,runModalTypesTransitionsReference,Source/Reference/ModalTypes/Transitions.uv,false,true,false,false,true
grammar.ModalWidening.Syntax,HelloUltraviolet::Reference::ModalTypes,runModalTypesWideningReference,Source/Reference/ModalTypes/Widening.uv,false,true,false,false,true
rule.13.Parse-Unary-Widen,HelloUltraviolet::Reference::ModalTypes,runModalTypesWideningReference,Source/Reference/ModalTypes/Widening.uv,false,true,false,false,true
def.ModalWidening.AST,HelloUltraviolet::Reference::ModalTypes,runModalTypesWideningReference,Source/Reference/ModalTypes/Widening.uv,false,true,false,false,true
def.ModalWideningThreshold,HelloUltraviolet::Reference::ModalTypes,runModalTypesWideningReference,Source/Reference/ModalTypes/Widening.uv,false,true,false,false,true
rule.13.T-Modal-Widen,HelloUltraviolet::Reference::ModalTypes,runModalTypesWideningReference,Source/Reference/ModalTypes/Widening.uv,false,true,false,false,true
rule.13.T-Modal-Widen-Perm,HelloUltraviolet::Reference::ModalTypes,runModalTypesWideningReference,Source/Reference/ModalTypes/Widening.uv,false,true,false,false,true
rule.13.Widen-AlreadyGeneral,HelloUltraviolet::Reference::ModalTypes,runModalTypesWideningReference,Source/Reference/ModalTypes/Widening.uv,false,true,false,false,true
def.NicheCompatible,HelloUltraviolet::Reference::ModalTypes,runModalTypesWideningReference,Source/Reference/ModalTypes/Widening.uv,false,true,false,false,true
rule.13.Chk-Subsumption-Modal-NonNiche,HelloUltraviolet::Reference::ModalTypes,runModalTypesWideningReference,Source/Reference/ModalTypes/Widening.uv,false,true,false,false,true
def.WidenWarnCond,HelloUltraviolet::Reference::ModalTypes,runModalTypesWideningReference,Source/Reference/ModalTypes/Widening.uv,false,true,false,false,true
rule.13.Warn-Widen-LargePayload,HelloUltraviolet::Reference::ModalTypes,runModalTypesWideningReference,Source/Reference/ModalTypes/Widening.uv,false,true,false,false,true
rule.13.Warn-Widen-Ok,HelloUltraviolet::Reference::ModalTypes,runModalTypesWideningReference,Source/Reference/ModalTypes/Widening.uv,false,true,false,false,true
def.ModalWideningDynamic,HelloUltraviolet::Reference::ModalTypes,runModalTypesWideningReference,Source/Reference/ModalTypes/Widening.uv,false,true,false,false,true
req.ModalWideningLowering,HelloUltraviolet::Audit,artifactProjectEmitLlExercise,Fixtures/ArtifactProjects/EmitLlLibrary/Source/Library.uv,false,true,false,false,true
def.ModalStateSizeBound,HelloUltraviolet::Reference::ModalTypes,runModalTypesWideningReference,Source/Reference/ModalTypes/Widening.uv,false,true,false,false,true
grammar.StringTypes.Syntax,HelloUltraviolet::Reference::ModalTypes,runModalTypesStringsReference,Source/Reference/ModalTypes/Strings.uv,false,true,false,false,true
rule.13.Parse-String-Type,HelloUltraviolet::Reference::ModalTypes,runModalTypesStringsReference,Source/Reference/ModalTypes/Strings.uv,false,true,false,false,true
rule.13.Parse-StringState-None,HelloUltraviolet::Reference::ModalTypes,runModalTypesStringsReference,Source/Reference/ModalTypes/Strings.uv,false,true,false,false,true
rule.13.Parse-StringState-Managed,HelloUltraviolet::Reference::ModalTypes,runModalTypesStringsReference,Source/Reference/ModalTypes/Strings.uv,false,true,false,false,true
rule.13.Parse-StringState-View,HelloUltraviolet::Reference::ModalTypes,runModalTypesStringsReference,Source/Reference/ModalTypes/Strings.uv,false,true,false,false,true
def.TypeStringAst,HelloUltraviolet::Reference::ModalTypes,runModalTypesStringsReference,Source/Reference/ModalTypes/Strings.uv,false,true,false,false,true
def.StringStateSet,HelloUltraviolet::Reference::ModalTypes,runModalTypesStringsReference,Source/Reference/ModalTypes/Strings.uv,false,true,false,false,true
def.StringBuiltinTable,HelloUltraviolet::Reference::ModalTypes,runModalTypesStringsReference,Source/Reference/ModalTypes/Strings.uv,false,true,false,false,true
def.StringBuiltinSig,HelloUltraviolet::Reference::ModalTypes,runModalTypesStringsReference,Source/Reference/ModalTypes/Strings.uv,false,true,false,false,true
rule.13.WF-String,HelloUltraviolet::Reference::ModalTypes,runModalTypesStringsReference,Source/Reference/ModalTypes/Strings.uv,false,true,false,false,true
rule.13.Sub-String-State,HelloUltraviolet::Reference::ModalTypes,runModalTypesStringsReference,Source/Reference/ModalTypes/Strings.uv,false,true,false,false,true
req.StringBuiltinsTyping,HelloUltraviolet::Reference::ModalTypes,runModalTypesStringsReference,Source/Reference/ModalTypes/Strings.uv,false,true,false,false,true
def.StringLiteralVal,HelloUltraviolet::Reference::ModalTypes,runModalTypesStringsReference,Source/Reference/ModalTypes/Strings.uv,false,true,false,false,true
def.StringBytesStoreDomains,HelloUltraviolet::Reference::ModalTypes,runModalTypesStringsReference,Source/Reference/ModalTypes/Strings.uv,false,true,false,false,true
def.ViewBytes,HelloUltraviolet::Reference::ModalTypes,runModalTypesStringsReference,Source/Reference/ModalTypes/Strings.uv,false,true,false,false,true
def.ByteSeqOf,HelloUltraviolet::Reference::ModalTypes,runModalTypesStringsReference,Source/Reference/ModalTypes/Strings.uv,false,true,false,false,true
def.ByteLen,HelloUltraviolet::Reference::ModalTypes,runModalTypesStringsReference,Source/Reference/ModalTypes/Strings.uv,false,true,false,false,true
def.StringValueTypes,HelloUltraviolet::Reference::ModalTypes,runModalTypesStringsReference,Source/Reference/ModalTypes/Strings.uv,false,true,false,false,true
def.StringBytesJudgementSet,HelloUltraviolet::Reference::ModalTypes,runModalTypesStringsReference,Source/Reference/ModalTypes/Strings.uv,false,true,false,false,true
req.StringLiteralStorage,HelloUltraviolet::Reference::ModalTypes,runModalTypesStringsReference,Source/Reference/ModalTypes/Strings.uv,false,true,false,false,true
rule.13.StringFrom-Ok,HelloUltraviolet::Reference::ModalTypes,runModalTypesStringsReference,Source/Reference/ModalTypes/Strings.uv,false,true,false,false,true
rule.13.StringAsView-Ok,HelloUltraviolet::Reference::ModalTypes,runModalTypesStringsReference,Source/Reference/ModalTypes/Strings.uv,false,true,false,false,true
rule.13.StringSlice-Ok,HelloUltraviolet::Reference::ModalTypes,runModalTypesStringsReference,Source/Reference/ModalTypes/Strings.uv,false,true,false,false,true
rule.13.StringToManaged-Ok,HelloUltraviolet::Reference::ModalTypes,runModalTypesStringsReference,Source/Reference/ModalTypes/Strings.uv,false,true,false,false,true
rule.13.StringCloneWith-Ok,HelloUltraviolet::Reference::ModalTypes,runModalTypesStringsReference,Source/Reference/ModalTypes/Strings.uv,false,true,false,false,true
rule.13.StringAppend-Ok,HelloUltraviolet::Reference::ModalTypes,runModalTypesStringsReference,Source/Reference/ModalTypes/Strings.uv,false,true,false,false,true
rule.13.StringLength,HelloUltraviolet::Reference::ModalTypes,runModalTypesStringsReference,Source/Reference/ModalTypes/Strings.uv,false,true,false,false,true
rule.13.StringIsEmpty,HelloUltraviolet::Reference::ModalTypes,runModalTypesStringsReference,Source/Reference/ModalTypes/Strings.uv,false,true,false,false,true
def.StringViewOf,HelloUltraviolet::Reference::ModalTypes,runModalTypesStringsReference,Source/Reference/ModalTypes/Strings.uv,false,true,false,false,true
def.StringRuntimeLength,HelloUltraviolet::Reference::ModalTypes,stringRuntimeLengthReference,Source/Reference/ModalTypes/Strings.uv,false,true,false,false,true
def.StringManagedLoweringLayout,HelloUltraviolet::Audit,artifactProjectEmitLlExercise,Source/Audit/ArtifactProjectExecution.uv,false,true,false,false,true
def.StringViewLoweringLayout,HelloUltraviolet::Audit,artifactProjectEmitLlExercise,Source/Audit/ArtifactProjectExecution.uv,false,true,false,false,true
rule.13.Size-String-Managed,HelloUltraviolet::Reference::ModalTypes,sizeStringManagedReference,Source/Reference/ModalTypes/Strings.uv,false,true,false,false,true
rule.13.Align-String-Managed,HelloUltraviolet::Reference::ModalTypes,alignStringManagedReference,Source/Reference/ModalTypes/Strings.uv,false,true,false,false,true
rule.13.Layout-String-Managed,HelloUltraviolet::Reference::ModalTypes,layoutStringManagedReference,Source/Reference/ModalTypes/Strings.uv,false,true,false,false,true
rule.13.Size-String-View,HelloUltraviolet::Reference::ModalTypes,sizeStringViewReference,Source/Reference/ModalTypes/Strings.uv,false,true,false,false,true
rule.13.Align-String-View,HelloUltraviolet::Reference::ModalTypes,alignStringViewReference,Source/Reference/ModalTypes/Strings.uv,false,true,false,false,true
rule.13.Layout-String-View,HelloUltraviolet::Reference::ModalTypes,layoutStringViewReference,Source/Reference/ModalTypes/Strings.uv,false,true,false,false,true
rule.13.Size-String-Modal,HelloUltraviolet::Reference::ModalTypes,sizeStringModalReference,Source/Reference/ModalTypes/Strings.uv,false,true,false,false,true
rule.13.Align-String-Modal,HelloUltraviolet::Reference::ModalTypes,alignStringModalReference,Source/Reference/ModalTypes/Strings.uv,false,true,false,false,true
def.StringValueBits,HelloUltraviolet::Reference::ModalTypes,runModalTypesStringsReference,Source/Reference/ModalTypes/Strings.uv,false,true,false,false,true
def.DropManagedString,HelloUltraviolet::Reference::ModalTypes,runModalTypesStringsReference,Source/Reference/ModalTypes/Strings.uv,false,true,false,false,true
diag.StringTypes,HelloUltraviolet::Reference::ModalTypes,runModalTypesStringsReference,Source/Reference/ModalTypes/Strings.uv,false,true,false,false,true
grammar.BytesTypes.Syntax,HelloUltraviolet::Reference::ModalTypes,runModalTypesBytesReference,Source/Reference/ModalTypes/Bytes.uv,false,true,false,false,true
rule.13.Parse-Bytes-Type,HelloUltraviolet::Reference::ModalTypes,runModalTypesBytesReference,Source/Reference/ModalTypes/Bytes.uv,false,true,false,false,true
rule.13.Parse-BytesState-None,HelloUltraviolet::Reference::ModalTypes,runModalTypesBytesReference,Source/Reference/ModalTypes/Bytes.uv,false,true,false,false,true
rule.13.Parse-BytesState-Managed,HelloUltraviolet::Reference::ModalTypes,runModalTypesBytesReference,Source/Reference/ModalTypes/Bytes.uv,false,true,false,false,true
rule.13.Parse-BytesState-View,HelloUltraviolet::Reference::ModalTypes,runModalTypesBytesReference,Source/Reference/ModalTypes/Bytes.uv,false,true,false,false,true
def.TypeBytesAst,HelloUltraviolet::Reference::ModalTypes,runModalTypesBytesReference,Source/Reference/ModalTypes/Bytes.uv,false,true,false,false,true
def.BytesStateSet,HelloUltraviolet::Reference::ModalTypes,runModalTypesBytesReference,Source/Reference/ModalTypes/Bytes.uv,false,true,false,false,true
def.BytesBuiltinTable,HelloUltraviolet::Reference::ModalTypes,runModalTypesBytesReference,Source/Reference/ModalTypes/Bytes.uv,false,true,false,false,true
def.StringBytesBuiltinTable,HelloUltraviolet::Reference::ModalTypes,runModalTypesBytesReference,Source/Reference/ModalTypes/Bytes.uv,false,true,false,false,true
def.BytesBuiltinSig,HelloUltraviolet::Reference::ModalTypes,runModalTypesBytesReference,Source/Reference/ModalTypes/Bytes.uv,false,true,false,false,true
def.StringBytesBuiltinSig,HelloUltraviolet::Reference::ModalTypes,runModalTypesBytesReference,Source/Reference/ModalTypes/Bytes.uv,false,true,false,false,true
rule.13.WF-Bytes,HelloUltraviolet::Reference::ModalTypes,runModalTypesBytesReference,Source/Reference/ModalTypes/Bytes.uv,false,true,false,false,true
rule.13.Sub-Bytes-State,HelloUltraviolet::Reference::ModalTypes,runModalTypesBytesReference,Source/Reference/ModalTypes/Bytes.uv,false,true,false,false,true
req.BytesBuiltinsTyping,HelloUltraviolet::Reference::ModalTypes,runModalTypesBytesReference,Source/Reference/ModalTypes/Bytes.uv,false,true,false,false,true
def.SliceBytes,HelloUltraviolet::Reference::ModalTypes,runModalTypesBytesReference,Source/Reference/ModalTypes/Bytes.uv,false,true,false,false,true
def.BytesValueTypes,HelloUltraviolet::Reference::ModalTypes,runModalTypesBytesReference,Source/Reference/ModalTypes/Bytes.uv,false,true,false,false,true
def.BytesJudgementSet,HelloUltraviolet::Reference::ModalTypes,runModalTypesBytesReference,Source/Reference/ModalTypes/Bytes.uv,false,true,false,false,true
def.StringBytesJudgementSet,HelloUltraviolet::Reference::ModalTypes,runModalTypesBytesReference,Source/Reference/ModalTypes/Bytes.uv,false,true,false,false,true
rule.13.BytesWithCapacity-Ok,HelloUltraviolet::Reference::ModalTypes,runModalTypesBytesReference,Source/Reference/ModalTypes/Bytes.uv,false,true,false,false,true
rule.13.BytesFromSlice-Ok,HelloUltraviolet::Reference::ModalTypes,runModalTypesBytesReference,Source/Reference/ModalTypes/Bytes.uv,false,true,false,false,true
rule.13.BytesAsView-Ok,HelloUltraviolet::Reference::ModalTypes,runModalTypesBytesReference,Source/Reference/ModalTypes/Bytes.uv,false,true,false,false,true
rule.13.BytesToManaged-Ok,HelloUltraviolet::Reference::ModalTypes,runModalTypesBytesReference,Source/Reference/ModalTypes/Bytes.uv,false,true,false,false,true
rule.13.BytesView-Ok,HelloUltraviolet::Reference::ModalTypes,runModalTypesBytesReference,Source/Reference/ModalTypes/Bytes.uv,false,true,false,false,true
rule.13.BytesViewString-Ok,HelloUltraviolet::Reference::ModalTypes,runModalTypesBytesReference,Source/Reference/ModalTypes/Bytes.uv,false,true,false,false,true
rule.13.BytesAsSlice-Ok,HelloUltraviolet::Reference::ModalTypes,runModalTypesBytesReference,Source/Reference/ModalTypes/Bytes.uv,false,true,false,false,true
rule.13.BytesAppend-Ok,HelloUltraviolet::Reference::ModalTypes,runModalTypesBytesReference,Source/Reference/ModalTypes/Bytes.uv,false,true,false,false,true
rule.13.BytesLength,HelloUltraviolet::Reference::ModalTypes,runModalTypesBytesReference,Source/Reference/ModalTypes/Bytes.uv,false,true,false,false,true
rule.13.BytesIsEmpty,HelloUltraviolet::Reference::ModalTypes,runModalTypesBytesReference,Source/Reference/ModalTypes/Bytes.uv,false,true,false,false,true
def.BytesViewOf,HelloUltraviolet::Reference::ModalTypes,runModalTypesBytesReference,Source/Reference/ModalTypes/Bytes.uv,false,true,false,false,true
def.BytesRuntimeLength,HelloUltraviolet::Reference::ModalTypes,bytesRuntimeLengthReference,Source/Reference/ModalTypes/Bytes.uv,false,true,false,false,true
def.BytesViewConversions,HelloUltraviolet::Reference::ModalTypes,bytesViewConversionsReference,Source/Reference/ModalTypes/Bytes.uv,false,true,false,false,true
def.BytesManagedLoweringLayout,HelloUltraviolet::Audit,artifactProjectEmitLlExercise,Source/Audit/ArtifactProjectExecution.uv,false,true,false,false,true
def.BytesViewLoweringLayout,HelloUltraviolet::Audit,artifactProjectEmitLlExercise,Source/Audit/ArtifactProjectExecution.uv,false,true,false,false,true
rule.13.Size-Bytes-Managed,HelloUltraviolet::Reference::ModalTypes,sizeBytesManagedReference,Source/Reference/ModalTypes/Bytes.uv,false,true,false,false,true
rule.13.Align-Bytes-Managed,HelloUltraviolet::Reference::ModalTypes,alignBytesManagedReference,Source/Reference/ModalTypes/Bytes.uv,false,true,false,false,true
rule.13.Layout-Bytes-Managed,HelloUltraviolet::Reference::ModalTypes,layoutBytesManagedReference,Source/Reference/ModalTypes/Bytes.uv,false,true,false,false,true
rule.13.Size-Bytes-View,HelloUltraviolet::Reference::ModalTypes,sizeBytesViewReference,Source/Reference/ModalTypes/Bytes.uv,false,true,false,false,true
rule.13.Align-Bytes-View,HelloUltraviolet::Reference::ModalTypes,alignBytesViewReference,Source/Reference/ModalTypes/Bytes.uv,false,true,false,false,true
rule.13.Layout-Bytes-View,HelloUltraviolet::Reference::ModalTypes,layoutBytesViewReference,Source/Reference/ModalTypes/Bytes.uv,false,true,false,false,true
rule.13.Size-Bytes-Modal,HelloUltraviolet::Reference::ModalTypes,sizeBytesModalReference,Source/Reference/ModalTypes/Bytes.uv,false,true,false,false,true
rule.13.Align-Bytes-Modal,HelloUltraviolet::Reference::ModalTypes,alignBytesModalReference,Source/Reference/ModalTypes/Bytes.uv,false,true,false,false,true
def.BytesValueBits,HelloUltraviolet::Reference::ModalTypes,runModalTypesBytesReference,Source/Reference/ModalTypes/Bytes.uv,false,true,false,false,true
def.DropManagedBytes,HelloUltraviolet::Reference::ModalTypes,runModalTypesBytesReference,Source/Reference/ModalTypes/Bytes.uv,false,true,false,false,true
diag.BytesTypes,HelloUltraviolet::Reference::ModalTypes,runModalTypesBytesReference,Source/Reference/ModalTypes/Bytes.uv,false,true,false,false,true
grammar.SafePointerTypes.Syntax,HelloUltraviolet::Reference::ModalTypes,runModalTypesPointersReference,Source/Reference/ModalTypes/Pointers.uv,false,true,false,false,true
rule.13.Parse-Safe-Pointer-Type-ShiftSplit,HelloUltraviolet::Reference::ModalTypes,runModalTypesPointersReference,Source/Reference/ModalTypes/Pointers.uv,false,true,false,false,true
rule.13.Parse-Safe-Pointer-Type,HelloUltraviolet::Reference::ModalTypes,runModalTypesPointersReference,Source/Reference/ModalTypes/Pointers.uv,false,true,false,false,true
rule.13.Parse-PtrState-None,HelloUltraviolet::Reference::ModalTypes,runModalTypesPointersReference,Source/Reference/ModalTypes/Pointers.uv,false,true,false,false,true
rule.13.Parse-PtrState-Valid,HelloUltraviolet::Reference::ModalTypes,runModalTypesPointersReference,Source/Reference/ModalTypes/Pointers.uv,false,true,false,false,true
rule.13.Parse-PtrState-Null,HelloUltraviolet::Reference::ModalTypes,runModalTypesPointersReference,Source/Reference/ModalTypes/Pointers.uv,false,true,false,false,true
rule.13.Parse-PtrState-Expired,HelloUltraviolet::Audit,artifactProjectEmitLlExercise,Fixtures/ArtifactProjects/EmitLlLibrary/Source/Library.uv,false,true,false,false,true
def.PtrStateSet,HelloUltraviolet::Reference::ModalTypes,runModalTypesPointersReference,Source/Reference/ModalTypes/Pointers.uv,false,true,false,false,true
def.SafePointerTypeForms,HelloUltraviolet::Reference::ModalTypes,runModalTypesPointersReference,Source/Reference/ModalTypes/Pointers.uv,false,true,false,false,true
rule.13.WF-Ptr,HelloUltraviolet::Reference::ModalTypes,runModalTypesPointersReference,Source/Reference/ModalTypes/Pointers.uv,false,true,false,false,true
def.SafePointerTraits,HelloUltraviolet::Reference::ModalTypes,runModalTypesPointersReference,Source/Reference/ModalTypes/Pointers.uv,false,true,false,false,true
rule.13.Sub-Ptr-State,HelloUltraviolet::Reference::ModalTypes,runModalTypesPointersReference,Source/Reference/ModalTypes/Pointers.uv,false,true,false,false,true
def.SafePointerRuntimeConstructors,HelloUltraviolet::Audit,artifactProjectEmitLlExercise,Fixtures/ArtifactProjects/EmitLlLibrary/Source/Library.uv,false,true,false,false,true
def.SafePointerValueType,HelloUltraviolet::Reference::ModalTypes,runModalTypesPointersReference,Source/Reference/ModalTypes/Pointers.uv,false,true,false,false,true
def.PtrStateImmediate,HelloUltraviolet::Reference::ModalTypes,runModalTypesPointersReference,Source/Reference/ModalTypes/Pointers.uv,false,true,false,false,true
def.PtrStateValid,HelloUltraviolet::Reference::ModalTypes,runModalTypesPointersReference,Source/Reference/ModalTypes/Pointers.uv,false,true,false,false,true
def.PtrAddrJudgementSet,HelloUltraviolet::Reference::ModalTypes,runModalTypesPointersReference,Source/Reference/ModalTypes/Pointers.uv,false,true,false,false,true
rule.13.ReadPtr-Safe,HelloUltraviolet::Reference::ModalTypes,runModalTypesPointersReference,Source/Reference/ModalTypes/Pointers.uv,false,true,false,false,true
rule.13.WritePtr-Safe,HelloUltraviolet::Reference::ModalTypes,runModalTypesPointersReference,Source/Reference/ModalTypes/Pointers.uv,false,true,false,false,true
rule.13.ReadPtr-Null,HelloUltraviolet::Audit,artifactProjectEmitLlExercise,Fixtures/ArtifactProjects/EmitLlLibrary/Source/Library.uv,false,true,false,false,true
rule.13.ReadPtr-Expired,HelloUltraviolet::Audit,artifactProjectEmitLlExercise,Fixtures/ArtifactProjects/EmitLlLibrary/Source/Library.uv,false,true,false,false,true
rule.13.WritePtr-Null,HelloUltraviolet::Audit,artifactProjectEmitLlExercise,Fixtures/ArtifactProjects/EmitLlLibrary/Source/Library.uv,false,true,false,false,true
rule.13.WritePtr-Expired,HelloUltraviolet::Audit,artifactProjectEmitLlExercise,Fixtures/ArtifactProjects/EmitLlLibrary/Source/Library.uv,false,true,false,false,true
rule.13.Size-Ptr,HelloUltraviolet::Reference::ModalTypes,sizeSafePointerReference,Source/Reference/ModalTypes/Pointers.uv,false,true,false,false,true
rule.13.Align-Ptr,HelloUltraviolet::Reference::ModalTypes,alignSafePointerReference,Source/Reference/ModalTypes/Pointers.uv,false,true,false,false,true
rule.13.Layout-Ptr,HelloUltraviolet::Reference::ModalTypes,layoutSafePointerReference,Source/Reference/ModalTypes/Pointers.uv,false,true,false,false,true
def.SafePointerSizeAlignEquations,HelloUltraviolet::Reference::ModalTypes,runModalTypesPointersReference,Source/Reference/ModalTypes/Pointers.uv,false,true,false,false,true
def.PtrDiagRefs,HelloUltraviolet::Reference::ModalTypes,runModalTypesPointersReference,Source/Reference/ModalTypes/Pointers.uv,false,true,false,false,true
def.SafePointerNicheSet,HelloUltraviolet::Reference::ModalTypes,runModalTypesPointersReference,Source/Reference/ModalTypes/Pointers.uv,false,true,false,false,true
def.SafePointerValidValue,HelloUltraviolet::Reference::ModalTypes,runModalTypesPointersReference,Source/Reference/ModalTypes/Pointers.uv,false,true,false,false,true
def.SafePointerValueBits,HelloUltraviolet::Reference::ModalTypes,runModalTypesPointersReference,Source/Reference/ModalTypes/Pointers.uv,false,true,false,false,true
diag.SafePointerTypes,HelloUltraviolet::Reference::ModalTypes,runModalTypesPointersReference,Source/Reference/ModalTypes/Pointers.uv,false,true,false,false,true
grammar.RawPointerTypes.Syntax,HelloUltraviolet::Reference::ModalTypes,runModalTypesPointersReference,Source/Reference/ModalTypes/Pointers.uv,false,true,false,false,true
rule.13.Parse-Raw-Pointer-Type,HelloUltraviolet::Reference::ModalTypes,runModalTypesPointersReference,Source/Reference/ModalTypes/Pointers.uv,false,true,false,false,true
def.RawPointerTypes.AST,HelloUltraviolet::Reference::ModalTypes,runModalTypesPointersReference,Source/Reference/ModalTypes/Pointers.uv,false,true,false,false,true
rule.13.WF-RawPtr,HelloUltraviolet::Reference::ModalTypes,runModalTypesPointersReference,Source/Reference/ModalTypes/Pointers.uv,false,true,false,false,true
def.RawPointerRuntimeValue,HelloUltraviolet::Audit,artifactProjectEmitLlExercise,Fixtures/ArtifactProjects/EmitLlLibrary/Source/Library.uv,false,true,false,false,true
rule.13.ReadPtr-Raw,HelloUltraviolet::Reference::ModalTypes,runModalTypesPointersReference,Source/Reference/ModalTypes/Pointers.uv,false,true,false,false,true
rule.13.WritePtr-Raw,HelloUltraviolet::Reference::ModalTypes,runModalTypesPointersReference,Source/Reference/ModalTypes/Pointers.uv,false,true,false,false,true
rule.13.WritePtr-Raw-Imm,HelloUltraviolet::Reference::ModalTypes,runModalTypesPointersReference,Source/Reference/ModalTypes/Pointers.uv,false,true,false,false,true
rule.13.Size-RawPtr,HelloUltraviolet::Reference::ModalTypes,sizeRawPointerReference,Source/Reference/ModalTypes/Pointers.uv,false,true,false,false,true
rule.13.Align-RawPtr,HelloUltraviolet::Reference::ModalTypes,alignRawPointerReference,Source/Reference/ModalTypes/Pointers.uv,false,true,false,false,true
rule.13.Layout-RawPtr,HelloUltraviolet::Reference::ModalTypes,layoutRawPointerReference,Source/Reference/ModalTypes/Pointers.uv,false,true,false,false,true
def.RawPointerValidValue,HelloUltraviolet::Reference::ModalTypes,runModalTypesPointersReference,Source/Reference/ModalTypes/Pointers.uv,false,true,false,false,true
def.RawPointerValueBits,HelloUltraviolet::Reference::ModalTypes,runModalTypesPointersReference,Source/Reference/ModalTypes/Pointers.uv,false,true,false,false,true
req.RawPointerLowering,HelloUltraviolet::Audit,artifactProjectEmitLlExercise,Fixtures/ArtifactProjects/EmitLlLibrary/Source/Library.uv,false,true,false,false,true
diag.RawPointerTypes,HelloUltraviolet::Reference::ModalTypes,runModalTypesPointersReference,Source/Reference/ModalTypes/Pointers.uv,false,true,false,false,true
grammar.FunctionTypes.Syntax,HelloUltraviolet::Reference::ModalTypes,runModalTypesFunctionTypesReference,Source/Reference/ModalTypes/FunctionTypes.uv,false,true,false,false,true
req.FunctionTypeTrailingComma,HelloUltraviolet::Reference::ModalTypes,runModalTypesFunctionTypesReference,Source/Reference/ModalTypes/FunctionTypes.uv,false,true,false,false,true
rule.13.Parse-Func-Type,HelloUltraviolet::Reference::ModalTypes,runModalTypesFunctionTypesReference,Source/Reference/ModalTypes/FunctionTypes.uv,false,true,false,false,true
rule.13.Parse-ParamType-Move,HelloUltraviolet::Reference::ModalTypes,runModalTypesFunctionTypesReference,Source/Reference/ModalTypes/FunctionTypes.uv,false,true,false,false,true
rule.13.Parse-ParamType-Plain,HelloUltraviolet::Reference::ModalTypes,runModalTypesFunctionTypesReference,Source/Reference/ModalTypes/FunctionTypes.uv,false,true,false,false,true
rule.13.Parse-ParamTypeList-Empty,HelloUltraviolet::Reference::ModalTypes,runModalTypesFunctionTypesReference,Source/Reference/ModalTypes/FunctionTypes.uv,false,true,false,false,true
rule.13.Parse-ParamTypeList-Cons,HelloUltraviolet::Reference::ModalTypes,runModalTypesFunctionTypesReference,Source/Reference/ModalTypes/FunctionTypes.uv,false,true,false,false,true
rule.13.Parse-ParamTypeListTail-End,HelloUltraviolet::Reference::ModalTypes,runModalTypesFunctionTypesReference,Source/Reference/ModalTypes/FunctionTypes.uv,false,true,false,false,true
rule.13.Parse-ParamTypeListTail-TrailingComma,HelloUltraviolet::Reference::ModalTypes,runModalTypesFunctionTypesReference,Source/Reference/ModalTypes/FunctionTypes.uv,false,true,false,false,true
rule.13.Parse-ParamTypeListTail-Cons,HelloUltraviolet::Reference::ModalTypes,runModalTypesFunctionTypesReference,Source/Reference/ModalTypes/FunctionTypes.uv,false,true,false,false,true
def.FunctionTypes.AST,HelloUltraviolet::Reference::ModalTypes,runModalTypesFunctionTypesReference,Source/Reference/ModalTypes/FunctionTypes.uv,false,true,false,false,true
rule.13.WF-Func,HelloUltraviolet::Reference::ModalTypes,runModalTypesFunctionTypesReference,Source/Reference/ModalTypes/FunctionTypes.uv,false,true,false,false,true
rule.13.T-Equiv-Func,HelloUltraviolet::Reference::ModalTypes,runModalTypesFunctionTypesReference,Source/Reference/ModalTypes/FunctionTypes.uv,false,true,false,false,true
rule.13.Sub-Func,HelloUltraviolet::Reference::ModalTypes,runModalTypesFunctionTypesReference,Source/Reference/ModalTypes/FunctionTypes.uv,false,true,false,false,true
rule.13.T-Proc-As-Value,HelloUltraviolet::Reference::ModalTypes,runModalTypesFunctionTypesReference,Source/Reference/ModalTypes/FunctionTypes.uv,false,true,false,false,true
diag.FunctionTypeCalls,HelloUltraviolet::Reference::ModalTypes,runModalTypesFunctionTypesReference,Source/Reference/ModalTypes/FunctionTypes.uv,false,true,false,false,true
def.FunctionRuntimeValue,HelloUltraviolet::Audit,artifactProjectEmitLlExercise,Source/Audit/ArtifactProjectExecution.uv,false,true,false,false,true
rule.13.EvalSigma-Call-Proc,HelloUltraviolet::Reference::ModalTypes,evalSigmaCallProcReference,Source/Reference/ModalTypes/FunctionTypes.uv,false,true,false,false,true
req.NamedProceduresFirstClass,HelloUltraviolet::Reference::ModalTypes,namedProceduresFirstClassReference,Source/Reference/ModalTypes/FunctionTypes.uv,false,true,false,false,true
rule.13.Size-Func,HelloUltraviolet::Reference::ModalTypes,sizeFuncReference,Source/Reference/ModalTypes/FunctionTypes.uv,false,true,false,false,true
rule.13.Align-Func,HelloUltraviolet::Reference::ModalTypes,alignFuncReference,Source/Reference/ModalTypes/FunctionTypes.uv,false,true,false,false,true
rule.13.Layout-Func,HelloUltraviolet::Reference::ModalTypes,layoutFuncReference,Source/Reference/ModalTypes/FunctionTypes.uv,false,true,false,false,true
req.FunctionTypeCallLowering,HelloUltraviolet::Audit,artifactProjectEmitLlExercise,Source/Audit/ArtifactProjectExecution.uv,false,true,false,false,true
diag.FunctionTypes,HelloUltraviolet::Reference::ModalTypes,runModalTypesFunctionTypesReference,Source/Reference/ModalTypes/FunctionTypes.uv,false,true,false,false,true
grammar.ClosureTypes.Syntax,HelloUltraviolet::Reference::ModalTypes,runModalTypesClosuresReference,Source/Reference/ModalTypes/Closures.uv,false,true,false,false,true
req.ClosureParamUnionParentheses,HelloUltraviolet::Reference::ModalTypes,runModalTypesClosuresReference,Source/Reference/ModalTypes/Closures.uv,false,true,false,false,true
rule.13.Parse-Closure-Type,HelloUltraviolet::Reference::ModalTypes,runModalTypesClosuresReference,Source/Reference/ModalTypes/Closures.uv,false,true,false,false,true
rule.13.Parse-Closure-Type-Empty,HelloUltraviolet::Reference::ModalTypes,runModalTypesClosuresReference,Source/Reference/ModalTypes/Closures.uv,false,true,false,false,true
rule.13.Parse-ClosureParamType-Grouped,HelloUltraviolet::Reference::ModalTypes,runModalTypesClosuresReference,Source/Reference/ModalTypes/Closures.uv,false,true,false,false,true
rule.13.Parse-ClosureParamType-Plain,HelloUltraviolet::Reference::ModalTypes,runModalTypesClosuresReference,Source/Reference/ModalTypes/Closures.uv,false,true,false,false,true
rule.13.Parse-ClosureParamTypeList-Empty,HelloUltraviolet::Reference::ModalTypes,runModalTypesClosuresReference,Source/Reference/ModalTypes/Closures.uv,false,true,false,false,true
rule.13.Parse-ClosureParamTypeList-Cons,HelloUltraviolet::Reference::ModalTypes,runModalTypesClosuresReference,Source/Reference/ModalTypes/Closures.uv,false,true,false,false,true
rule.13.Parse-ClosureParamTypeListTail-End,HelloUltraviolet::Reference::ModalTypes,runModalTypesClosuresReference,Source/Reference/ModalTypes/Closures.uv,false,true,false,false,true
rule.13.Parse-ClosureParamTypeListTail-TrailingComma,HelloUltraviolet::Reference::ModalTypes,runModalTypesClosuresReference,Source/Reference/ModalTypes/Closures.uv,false,true,false,false,true
rule.13.Parse-ClosureParamTypeListTail-Comma,HelloUltraviolet::Reference::ModalTypes,runModalTypesClosuresReference,Source/Reference/ModalTypes/Closures.uv,false,true,false,false,true
rule.13.Parse-ClosureDepsOpt-None,HelloUltraviolet::Reference::ModalTypes,runModalTypesClosuresReference,Source/Reference/ModalTypes/Closures.uv,false,true,false,false,true
rule.13.Parse-ClosureDepsOpt-Some,HelloUltraviolet::Reference::ModalTypes,runModalTypesClosuresReference,Source/Reference/ModalTypes/Closures.uv,false,true,false,false,true
rule.13.Parse-SharedDepList-Empty,HelloUltraviolet::Reference::ModalTypes,runModalTypesClosuresReference,Source/Reference/ModalTypes/Closures.uv,false,true,false,false,true
rule.13.Parse-SharedDepList-Single,HelloUltraviolet::Reference::ModalTypes,runModalTypesClosuresReference,Source/Reference/ModalTypes/Closures.uv,false,true,false,false,true
rule.13.Parse-SharedDepList-Cons,HelloUltraviolet::Reference::ModalTypes,runModalTypesClosuresReference,Source/Reference/ModalTypes/Closures.uv,false,true,false,false,true
rule.13.Parse-SharedDep,HelloUltraviolet::Reference::ModalTypes,runModalTypesClosuresReference,Source/Reference/ModalTypes/Closures.uv,false,true,false,false,true
def.TypeClosureAst,HelloUltraviolet::Reference::ModalTypes,runModalTypesClosuresReference,Source/Reference/ModalTypes/Closures.uv,false,true,false,false,true
def.ClosureDepsOpt,HelloUltraviolet::Reference::ModalTypes,runModalTypesClosuresReference,Source/Reference/ModalTypes/Closures.uv,false,true,false,false,true
req.ClosureTypeOwnershipBoundaries,HelloUltraviolet::Reference::ModalTypes,runModalTypesClosuresReference,Source/Reference/ModalTypes/Closures.uv,false,true,false,false,true
rule.13.WF-Closure,HelloUltraviolet::Reference::ModalTypes,runModalTypesClosuresReference,Source/Reference/ModalTypes/Closures.uv,false,true,false,false,true
rule.13.T-Equiv-Closure,HelloUltraviolet::Reference::ModalTypes,runModalTypesClosuresReference,Source/Reference/ModalTypes/Closures.uv,false,true,false,false,true
rule.13.Sub-Closure,HelloUltraviolet::Reference::ModalTypes,runModalTypesClosuresReference,Source/Reference/ModalTypes/Closures.uv,false,true,false,false,true
req.ClosureExpressionOwnership,HelloUltraviolet::Reference::ModalTypes,runModalTypesClosuresReference,Source/Reference/ModalTypes/Closures.uv,false,true,false,false,true
def.ClosureRuntimeValue,HelloUltraviolet::Audit,artifactProjectEmitLlExercise,Source/Audit/ArtifactProjectExecution.uv,false,true,false,false,true
req.ClosureOperationOwnership,HelloUltraviolet::Audit,artifactProjectEmitLlExercise,Source/Audit/ArtifactProjectExecution.uv,false,true,false,false,true
def.ClosureLoweringRep,HelloUltraviolet::Audit,artifactProjectEmitLlExercise,Source/Audit/ArtifactProjectExecution.uv,false,true,false,false,true
rule.13.Size-Closure,HelloUltraviolet::Reference::ModalTypes,sizeClosureReference,Source/Reference/ModalTypes/Closures.uv,false,true,false,false,true
rule.13.Align-Closure,HelloUltraviolet::Reference::ModalTypes,alignClosureReference,Source/Reference/ModalTypes/Closures.uv,false,true,false,false,true
rule.13.Layout-Closure,HelloUltraviolet::Reference::ModalTypes,layoutClosureReference,Source/Reference/ModalTypes/Closures.uv,false,true,false,false,true
req.ClosureLoweringOwnership,HelloUltraviolet::Audit,artifactProjectEmitLlExercise,Source/Audit/ArtifactProjectExecution.uv,false,true,false,false,true
diag.ClosureTypes,HelloUltraviolet::Reference::ModalTypes,runModalTypesClosuresReference,Source/Reference/ModalTypes/Closures.uv,false,true,false,false,true
grammar.GenericParamsAndArgsSyntax,HelloUltraviolet::Reference::Polymorphism,runPolymorphismGenericParametersReference,Source/Reference/Polymorphism/GenericParameters.uv,false,true,false,false,true
req.GenericArgsTrailingComma,HelloUltraviolet::Reference::Polymorphism,runPolymorphismGenericParametersReference,Source/Reference/Polymorphism/GenericParameters.uv,false,true,false,false,true
req.GenericParamInlineBoundsClassOnly,HelloUltraviolet::Reference::Polymorphism,runPolymorphismGenericParametersReference,Source/Reference/Polymorphism/GenericParameters.uv,false,true,false,false,true
rule.14.Parse-GenericArgs,HelloUltraviolet::Reference::Polymorphism,runPolymorphismGenericParametersReference,Source/Reference/Polymorphism/GenericParameters.uv,false,true,false,false,true
rule.14.Parse-GenericArgsOpt-None,HelloUltraviolet::Reference::Polymorphism,runPolymorphismGenericParametersReference,Source/Reference/Polymorphism/GenericParameters.uv,false,true,false,false,true
rule.14.Parse-GenericArgsOpt-Yes,HelloUltraviolet::Reference::Polymorphism,runPolymorphismGenericParametersReference,Source/Reference/Polymorphism/GenericParameters.uv,false,true,false,false,true
rule.14.Parse-GenericParamsOpt-None,HelloUltraviolet::Reference::Polymorphism,runPolymorphismGenericParametersReference,Source/Reference/Polymorphism/GenericParameters.uv,false,true,false,false,true
rule.14.Parse-GenericParamsOpt-Yes,HelloUltraviolet::Reference::Polymorphism,runPolymorphismGenericParametersReference,Source/Reference/Polymorphism/GenericParameters.uv,false,true,false,false,true
rule.14.Parse-GenericParams,HelloUltraviolet::Reference::Polymorphism,runPolymorphismGenericParametersReference,Source/Reference/Polymorphism/GenericParameters.uv,false,true,false,false,true
rule.14.Parse-TypeParamTail-End,HelloUltraviolet::Reference::Polymorphism,runPolymorphismGenericParametersReference,Source/Reference/Polymorphism/GenericParameters.uv,false,true,false,false,true
rule.14.Parse-TypeParamTail-Cons,HelloUltraviolet::Reference::Polymorphism,runPolymorphismGenericParametersReference,Source/Reference/Polymorphism/GenericParameters.uv,false,true,false,false,true
rule.14.Parse-TypeParam,HelloUltraviolet::Reference::Polymorphism,runPolymorphismGenericParametersReference,Source/Reference/Polymorphism/GenericParameters.uv,false,true,false,false,true
rule.14.Parse-TypeBoundsOpt-None,HelloUltraviolet::Reference::Polymorphism,runPolymorphismGenericParametersReference,Source/Reference/Polymorphism/GenericParameters.uv,false,true,false,false,true
rule.14.Parse-TypeBoundsOpt-Yes,HelloUltraviolet::Reference::Polymorphism,runPolymorphismGenericParametersReference,Source/Reference/Polymorphism/GenericParameters.uv,false,true,false,false,true
rule.14.Parse-ClassBoundList-Cons,HelloUltraviolet::Reference::Polymorphism,runPolymorphismGenericParametersReference,Source/Reference/Polymorphism/GenericParameters.uv,false,true,false,false,true
rule.14.Parse-ClassBoundListTail-End,HelloUltraviolet::Reference::Polymorphism,runPolymorphismGenericParametersReference,Source/Reference/Polymorphism/GenericParameters.uv,false,true,false,false,true
rule.14.Parse-ClassBoundListTail-Cons,HelloUltraviolet::Reference::Polymorphism,runPolymorphismGenericParametersReference,Source/Reference/Polymorphism/GenericParameters.uv,false,true,false,false,true
rule.14.Parse-ClassBound,HelloUltraviolet::Reference::Polymorphism,runPolymorphismGenericParametersReference,Source/Reference/Polymorphism/GenericParameters.uv,false,true,false,false,true
rule.14.Parse-TypeDefaultOpt-None,HelloUltraviolet::Reference::Polymorphism,runPolymorphismGenericParametersReference,Source/Reference/Polymorphism/GenericParameters.uv,false,true,false,false,true
rule.14.Parse-TypeDefaultOpt-Yes,HelloUltraviolet::Reference::Polymorphism,runPolymorphismGenericParametersReference,Source/Reference/Polymorphism/GenericParameters.uv,false,true,false,false,true
rule.14.Parse-PredicateClauseOpt-None,HelloUltraviolet::Reference::Polymorphism,runPolymorphismGenericParametersReference,Source/Reference/Polymorphism/GenericParameters.uv,false,true,false,false,true
rule.14.Parse-PredicateClauseOpt-Yes,HelloUltraviolet::Reference::Polymorphism,runPolymorphismGenericParametersReference,Source/Reference/Polymorphism/GenericParameters.uv,false,true,false,false,true
rule.14.Parse-PredicateReqList-Cons,HelloUltraviolet::Reference::Polymorphism,runPolymorphismGenericParametersReference,Source/Reference/Polymorphism/GenericParameters.uv,false,true,false,false,true
rule.14.Parse-PredicateReqListTail-End,HelloUltraviolet::Reference::Polymorphism,runPolymorphismGenericParametersReference,Source/Reference/Polymorphism/GenericParameters.uv,false,true,false,false,true
rule.14.Parse-PredicateReqListTail-TrailingTerminator,HelloUltraviolet::Reference::Polymorphism,runPolymorphismGenericParametersReference,Source/Reference/Polymorphism/GenericParameters.uv,false,true,false,false,true
rule.14.Parse-PredicateReqListTail-Cons,HelloUltraviolet::Reference::Polymorphism,runPolymorphismGenericParametersReference,Source/Reference/Polymorphism/GenericParameters.uv,false,true,false,false,true
def.PredicateNameParserSet,HelloUltraviolet::Reference::Polymorphism,runPolymorphismGenericParametersReference,Source/Reference/Polymorphism/GenericParameters.uv,false,true,false,false,true
rule.14.Parse-PredicateReq-Predicate,HelloUltraviolet::Reference::Polymorphism,runPolymorphismGenericParametersReference,Source/Reference/Polymorphism/GenericParameters.uv,false,true,false,false,true
rule.14.Parse-PredicateReq-Err,HelloUltraviolet::Reference::Polymorphism,runPolymorphismGenericParametersReference,Source/Reference/Polymorphism/GenericParameters.uv,false,true,false,false,true
def.VarianceSet,HelloUltraviolet::Reference::Polymorphism,runPolymorphismGenericParametersReference,Source/Reference/Polymorphism/GenericParameters.uv,false,true,false,false,true
def.GenericParamAst,HelloUltraviolet::Reference::Polymorphism,runPolymorphismGenericParametersReference,Source/Reference/Polymorphism/GenericParameters.uv,false,true,false,false,true
def.PredicateClauseAst,HelloUltraviolet::Reference::Polymorphism,runPolymorphismGenericParametersReference,Source/Reference/Polymorphism/GenericParameters.uv,false,true,false,false,true
def.GenericParamHelpers,HelloUltraviolet::Reference::Polymorphism,runPolymorphismGenericParametersReference,Source/Reference/Polymorphism/GenericParameters.uv,false,true,false,false,true
def.GenericDefaultWellFormedness,HelloUltraviolet::Reference::Polymorphism,runPolymorphismGenericParametersReference,Source/Reference/Polymorphism/GenericParameters.uv,false,true,false,false,true
def.DefaultArgs,HelloUltraviolet::Reference::Polymorphism,runPolymorphismGenericParametersReference,Source/Reference/Polymorphism/GenericParameters.uv,false,true,false,false,true
rule.14.PredicateReq-WF-Predicate,HelloUltraviolet::Reference::Polymorphism,runPolymorphismGenericParametersReference,Source/Reference/Polymorphism/GenericParameters.uv,false,true,false,false,true
def.PredicateClauseWellFormedness,HelloUltraviolet::Reference::Polymorphism,runPolymorphismGenericParametersReference,Source/Reference/Polymorphism/GenericParameters.uv,false,true,false,false,true
def.PredOk,HelloUltraviolet::Reference::Polymorphism,runPolymorphismGenericParametersReference,Source/Reference/Polymorphism/GenericParameters.uv,false,true,false,false,true
rule.14.T-Constraint-Sat,HelloUltraviolet::Reference::Polymorphism,runPolymorphismGenericParametersReference,Source/Reference/Polymorphism/GenericParameters.uv,false,true,false,false,true
rule.14.PredicateReq-Predicate,HelloUltraviolet::Reference::Polymorphism,runPolymorphismGenericParametersReference,Source/Reference/Polymorphism/GenericParameters.uv,false,true,false,false,true
def.PredicateClauseSubstitutionOk,HelloUltraviolet::Reference::Polymorphism,runPolymorphismGenericParametersReference,Source/Reference/Polymorphism/GenericParameters.uv,false,true,false,false,true
req.GenericBoundsAndPredicatesConjunctive,HelloUltraviolet::Reference::Polymorphism,runPolymorphismGenericParametersReference,Source/Reference/Polymorphism/GenericParameters.uv,false,true,false,false,true
conformance.GenericParamsNoRuntimeSemantics,HelloUltraviolet::Audit,acceptedProjectFixturesBuildAndExerciseArtifactObligations,Source/Audit/AcceptedProjectExecution.uv,false,true,false,false,true
conformance.GenericParamsLoweringInputsOnly,HelloUltraviolet::Audit,acceptedProjectFixturesBuildAndExerciseArtifactObligations,Source/Audit/AcceptedProjectExecution.uv,false,true,false,false,true
diag.GenericParametersAndArguments,HelloUltraviolet::Reference::Polymorphism,runPolymorphismGenericParametersReference,Source/Reference/Polymorphism/GenericParameters.uv,false,true,false,false,true
grammar.GenericProceduresAndTypesSyntax,HelloUltraviolet::Reference::Polymorphism,runPolymorphismGenericProceduresReference,Source/Reference/Polymorphism/GenericProcedures.uv,false,true,false,false,true
req.GenericParamsNominalOwnerChapters,HelloUltraviolet::Reference::Polymorphism,runPolymorphismGenericParametersReference,Source/Reference/Polymorphism/GenericParameters.uv,false,true,false,false,true
req.GenericDeclarationParsingDelegated,HelloUltraviolet::Reference::Polymorphism,runPolymorphismGenericProceduresReference,Source/Reference/Polymorphism/GenericProcedures.uv,false,true,false,false,true
def.CallTypeArgsStart,HelloUltraviolet::Reference::Polymorphism,runPolymorphismGenericProceduresReference,Source/Reference/Polymorphism/GenericProcedures.uv,false,true,false,false,true
rule.14.Postfix-Call-TypeArgs,HelloUltraviolet::Reference::Polymorphism,runPolymorphismGenericProceduresReference,Source/Reference/Polymorphism/GenericProcedures.uv,false,true,false,false,true
def.GenericDeclarationAstExtensions,HelloUltraviolet::Reference::Polymorphism,runPolymorphismGenericProceduresReference,Source/Reference/Polymorphism/GenericProcedures.uv,false,true,false,false,true
def.GenericApplyAst,HelloUltraviolet::Reference::Polymorphism,runPolymorphismGenericProceduresReference,Source/Reference/Polymorphism/GenericProcedures.uv,false,true,false,false,true
def.GenericDeclarationAccessors,HelloUltraviolet::Reference::Polymorphism,runPolymorphismGenericProceduresReference,Source/Reference/Polymorphism/GenericProcedures.uv,false,true,false,false,true
rule.14.WF-Generic-Proc,HelloUltraviolet::Reference::Polymorphism,runPolymorphismGenericProceduresReference,Source/Reference/Polymorphism/GenericProcedures.uv,false,true,false,false,true
def.GenericCalleeProc,HelloUltraviolet::Reference::Polymorphism,runPolymorphismGenericProceduresReference,Source/Reference/Polymorphism/GenericProcedures.uv,false,true,false,false,true
def.GenericInferenceFreshArgs,HelloUltraviolet::Reference::Polymorphism,runPolymorphismGenericProceduresReference,Source/Reference/Polymorphism/GenericProcedures.uv,false,true,false,false,true
def.InferTypeArgs,HelloUltraviolet::Reference::Polymorphism,runPolymorphismGenericProceduresReference,Source/Reference/Polymorphism/GenericProcedures.uv,false,true,false,false,true
rule.14.GenericCallInference,HelloUltraviolet::Reference::Polymorphism,runPolymorphismGenericProceduresReference,Source/Reference/Polymorphism/GenericProcedures.uv,false,true,false,false,true
rule.14.T-Generic-Call,HelloUltraviolet::Reference::Polymorphism,runPolymorphismGenericProceduresReference,Source/Reference/Polymorphism/GenericProcedures.uv,false,true,false,false,true
rule.14.WF-Apply,HelloUltraviolet::Reference::Polymorphism,runPolymorphismGenericParametersReference,Source/Reference/Polymorphism/GenericParameters.uv,false,true,false,false,true
req.GenericCallInferenceElaboration,HelloUltraviolet::Reference::Polymorphism,runPolymorphismGenericProceduresReference,Source/Reference/Polymorphism/GenericProcedures.uv,false,true,false,false,true
conformance.GenericInstantiationDynamicElaboration,HelloUltraviolet::Reference::Polymorphism,runPolymorphismGenericProceduresReference,Source/Reference/Polymorphism/GenericProcedures.uv,false,true,false,false,true
conformance.GenericMonomorphicInstantiationsDistinct,HelloUltraviolet::Reference::Polymorphism,runPolymorphismGenericProceduresReference,Source/Reference/Polymorphism/GenericProcedures.uv,false,true,false,false,true
def.MonomorphizationSpecialization,HelloUltraviolet::Reference::Polymorphism,runPolymorphismGenericProceduresReference,Source/Reference/Polymorphism/GenericProcedures.uv,false,true,false,false,true
req.GenericProcedureCallLowering,HelloUltraviolet::Audit,acceptedProjectFixturesBuildAndExerciseArtifactObligations,Source/Audit/AcceptedProjectExecution.uv,false,true,false,false,true
req.GenericInstantiationIndependentLowering,HelloUltraviolet::Audit,acceptedProjectFixturesBuildAndExerciseArtifactObligations,Source/Audit/AcceptedProjectExecution.uv,false,true,false,false,true
req.GenericNominalSizeAlignSubstitutedBody,HelloUltraviolet::Reference::Polymorphism,runPolymorphismGenericParametersReference,Source/Reference/Polymorphism/GenericParameters.uv,false,true,false,false,true
diag.GenericProceduresAndTypes,HelloUltraviolet::Reference::Polymorphism,runPolymorphismGenericProceduresReference,Source/Reference/Polymorphism/GenericProcedures.uv,false,true,false,false,true
grammar.ClassesSyntax,HelloUltraviolet::Reference::Polymorphism,runPolymorphismClassesReference,Source/Reference/Polymorphism/Classes.uv,false,true,false,false,true
req.AssociatedTypeSyntaxCanonicalOwner,HelloUltraviolet::Reference::Polymorphism,runPolymorphismClassesReference,Source/Reference/Polymorphism/Classes.uv,false,true,false,false,true
rule.14.Parse-Class,HelloUltraviolet::Reference::Polymorphism,runPolymorphismClassesReference,Source/Reference/Polymorphism/Classes.uv,false,true,false,false,true
rule.14.Parse-Superclass-None,HelloUltraviolet::Reference::Polymorphism,runPolymorphismClassesReference,Source/Reference/Polymorphism/Classes.uv,false,true,false,false,true
rule.14.Parse-Superclass-Yes,HelloUltraviolet::Reference::Polymorphism,runPolymorphismClassesReference,Source/Reference/Polymorphism/Classes.uv,false,true,false,false,true
rule.14.Parse-SuperclassBounds-Cons,HelloUltraviolet::Reference::Polymorphism,runPolymorphismClassesReference,Source/Reference/Polymorphism/Classes.uv,false,true,false,false,true
rule.14.Parse-SuperclassBoundsTail-End,HelloUltraviolet::Reference::Polymorphism,runPolymorphismClassesReference,Source/Reference/Polymorphism/Classes.uv,false,true,false,false,true
rule.14.Parse-SuperclassBoundsTail-Plus,HelloUltraviolet::Reference::Polymorphism,runPolymorphismClassesReference,Source/Reference/Polymorphism/Classes.uv,false,true,false,false,true
rule.14.Parse-ClassBody,HelloUltraviolet::Reference::Polymorphism,runPolymorphismClassesReference,Source/Reference/Polymorphism/Classes.uv,false,true,false,false,true
rule.14.Parse-ClassItemList-End,HelloUltraviolet::Reference::Polymorphism,runPolymorphismClassesReference,Source/Reference/Polymorphism/Classes.uv,false,true,false,false,true
rule.14.Parse-ClassItemList-Cons,HelloUltraviolet::Reference::Polymorphism,runPolymorphismClassesReference,Source/Reference/Polymorphism/Classes.uv,false,true,false,false,true
rule.14.Parse-ClassItem-Method,HelloUltraviolet::Reference::Polymorphism,runPolymorphismClassesReference,Source/Reference/Polymorphism/Classes.uv,false,true,false,false,true
rule.14.Parse-ClassItem-Field,HelloUltraviolet::Reference::Polymorphism,runPolymorphismClassesReference,Source/Reference/Polymorphism/Classes.uv,false,true,false,false,true
rule.14.Parse-ClassItem-AbstractState,HelloUltraviolet::Reference::Polymorphism,runPolymorphismClassesReference,Source/Reference/Polymorphism/Classes.uv,false,true,false,false,true
rule.14.Parse-ClassMethodBody-Concrete,HelloUltraviolet::Reference::Polymorphism,runPolymorphismClassesReference,Source/Reference/Polymorphism/Classes.uv,false,true,false,false,true
rule.14.Parse-ClassMethodBody-Abstract,HelloUltraviolet::Reference::Polymorphism,runPolymorphismClassesReference,Source/Reference/Polymorphism/Classes.uv,false,true,false,false,true
def.ClassDeclAst,HelloUltraviolet::Reference::Polymorphism,runPolymorphismClassesReference,Source/Reference/Polymorphism/Classes.uv,false,true,false,false,true
def.ClassItemAst,HelloUltraviolet::Reference::Polymorphism,runPolymorphismClassesReference,Source/Reference/Polymorphism/Classes.uv,false,true,false,false,true
def.ClassMethodAbstractConcretePredicates,HelloUltraviolet::Reference::Polymorphism,runPolymorphismClassesReference,Source/Reference/Polymorphism/Classes.uv,false,true,false,false,true
def.ClassMemberCollections,HelloUltraviolet::Reference::Polymorphism,runPolymorphismClassesReference,Source/Reference/Polymorphism/Classes.uv,false,true,false,false,true
def.ClassMethodReturnType,HelloUltraviolet::Reference::Polymorphism,runPolymorphismClassesReference,Source/Reference/Polymorphism/Classes.uv,false,true,false,false,true
def.SelfVar,HelloUltraviolet::Reference::Polymorphism,runPolymorphismClassesReference,Source/Reference/Polymorphism/Classes.uv,false,true,false,false,true
def.DistinctDisjoint,HelloUltraviolet::Reference::Polymorphism,runPolymorphismClassesReference,Source/Reference/Polymorphism/Classes.uv,false,true,false,false,true
rule.14.WF-ClassPath,HelloUltraviolet::Reference::Polymorphism,runPolymorphismClassesReference,Source/Reference/Polymorphism/Classes.uv,false,true,false,false,true
def.SubstSelf,HelloUltraviolet::Reference::Polymorphism,runPolymorphismClassesReference,Source/Reference/Polymorphism/Classes.uv,false,true,false,false,true
def.ReceiverTypeHelpers,HelloUltraviolet::Reference::Polymorphism,runPolymorphismClassesReference,Source/Reference/Polymorphism/Classes.uv,false,true,false,false,true
def.Supers,HelloUltraviolet::Reference::Polymorphism,runPolymorphismClassesReference,Source/Reference/Polymorphism/Classes.uv,false,true,false,false,true
rule.14.T-Superclass,HelloUltraviolet::Reference::Polymorphism,runPolymorphismClassesReference,Source/Reference/Polymorphism/Classes.uv,false,true,false,false,true
def.ClassLinearizationMergeHelpers,HelloUltraviolet::Reference::Polymorphism,runPolymorphismClassesReference,Source/Reference/Polymorphism/Classes.uv,false,true,false,false,true
rule.14.Lin-Base,HelloUltraviolet::Reference::Polymorphism,runPolymorphismClassesReference,Source/Reference/Polymorphism/Classes.uv,false,true,false,false,true
rule.14.Merge-Empty,HelloUltraviolet::Reference::Polymorphism,runPolymorphismClassesReference,Source/Reference/Polymorphism/Classes.uv,false,true,false,false,true
rule.14.Merge-Step,HelloUltraviolet::Reference::Polymorphism,runPolymorphismClassesReference,Source/Reference/Polymorphism/Classes.uv,false,true,false,false,true
rule.14.Merge-Fail,HelloUltraviolet::Reference::Polymorphism,runPolymorphismClassesReference,Source/Reference/Polymorphism/Classes.uv,false,true,false,false,true
rule.14.Lin-Ok,HelloUltraviolet::Reference::Polymorphism,runPolymorphismClassesReference,Source/Reference/Polymorphism/Classes.uv,false,true,false,false,true
rule.14.Lin-Fail,HelloUltraviolet::Reference::Polymorphism,runPolymorphismClassesReference,Source/Reference/Polymorphism/Classes.uv,false,true,false,false,true
def.LinearizeHeadInvariant,HelloUltraviolet::Reference::Polymorphism,runPolymorphismClassesReference,Source/Reference/Polymorphism/Classes.uv,false,true,false,false,true
def.EffectiveClassMembers,HelloUltraviolet::Reference::Polymorphism,runPolymorphismClassesReference,Source/Reference/Polymorphism/Classes.uv,false,true,false,false,true
def.FirstByName,HelloUltraviolet::Audit,artifactProjectEmitLlExercise,Source/Audit/ArtifactProjectExecution.uv,false,true,false,false,true
def.FieldSig,HelloUltraviolet::Reference::Polymorphism,runPolymorphismClassesReference,Source/Reference/Polymorphism/Classes.uv,false,true,false,false,true
def.FirstFieldByName,HelloUltraviolet::Audit,artifactProjectEmitLlExercise,Source/Audit/ArtifactProjectExecution.uv,false,true,false,false,true
def.SelfTypeClass,HelloUltraviolet::Reference::Polymorphism,runPolymorphismClassesReference,Source/Reference/Polymorphism/Classes.uv,false,true,false,false,true
rule.14.WF-Class-Method,HelloUltraviolet::Reference::Polymorphism,runPolymorphismClassesReference,Source/Reference/Polymorphism/Classes.uv,false,true,false,false,true
rule.14.T-Class-Method-Body-Abstract,HelloUltraviolet::Reference::Polymorphism,runPolymorphismClassesReference,Source/Reference/Polymorphism/Classes.uv,false,true,false,false,true
rule.14.T-Class-Method-Body,HelloUltraviolet::Reference::Polymorphism,runPolymorphismClassesReference,Source/Reference/Polymorphism/Classes.uv,false,true,false,false,true
conformance.ClassDeclarationsNoRuntimeActions,HelloUltraviolet::Audit,artifactProjectEmitLlExercise,Source/Audit/ArtifactProjectExecution.uv,false,true,false,false,true
req.ClassMethodLowering,HelloUltraviolet::Audit,artifactProjectEmitLlExercise,Source/Audit/ArtifactProjectExecution.uv,false,true,false,false,true
req.ClassDefaultMethodAndVtableOwnership,HelloUltraviolet::Audit,artifactProjectEmitLlExercise,Source/Audit/ArtifactProjectExecution.uv,false,true,false,false,true
grammar.ImplementationsSyntax,HelloUltraviolet::Reference::Polymorphism,runPolymorphismImplementationsReference,Source/Reference/Polymorphism/Implementations.uv,false,true,false,false,true
req.NoStandaloneImplementationBlocks,HelloUltraviolet::Reference::Polymorphism,runPolymorphismImplementationsReference,Source/Reference/Polymorphism/Implementations.uv,false,true,false,false,true
rule.14.Parse-Implements-None,HelloUltraviolet::Reference::Polymorphism,runPolymorphismImplementationsReference,Source/Reference/Polymorphism/Implementations.uv,false,true,false,false,true
rule.14.Parse-Implements-Yes,HelloUltraviolet::Reference::Polymorphism,runPolymorphismImplementationsReference,Source/Reference/Polymorphism/Implementations.uv,false,true,false,false,true
rule.14.Parse-ClassList-Cons,HelloUltraviolet::Reference::Polymorphism,runPolymorphismImplementationsReference,Source/Reference/Polymorphism/Implementations.uv,false,true,false,false,true
rule.14.Parse-ClassListTail-End,HelloUltraviolet::Reference::Polymorphism,runPolymorphismImplementationsReference,Source/Reference/Polymorphism/Implementations.uv,false,true,false,false,true
rule.14.Parse-ClassListTail-Comma,HelloUltraviolet::Reference::Polymorphism,runPolymorphismImplementationsReference,Source/Reference/Polymorphism/Implementations.uv,false,true,false,false,true
def.ImplementsAccessor,HelloUltraviolet::Reference::Polymorphism,runPolymorphismImplementationsReference,Source/Reference/Polymorphism/Implementations.uv,false,true,false,false,true
req.SubtypeOperatorImplementationMeaning,HelloUltraviolet::Reference::Polymorphism,runPolymorphismImplementationsReference,Source/Reference/Polymorphism/Implementations.uv,false,true,false,false,true
req.ImplementationsConcreteOwnerOnly,HelloUltraviolet::Reference::Polymorphism,runPolymorphismImplementationsReference,Source/Reference/Polymorphism/Implementations.uv,false,true,false,false,true
def.ImplementerFields,HelloUltraviolet::Reference::Polymorphism,runPolymorphismImplementationsReference,Source/Reference/Polymorphism/Implementations.uv,false,true,false,false,true
def.ImplementerMethods,HelloUltraviolet::Reference::Polymorphism,runPolymorphismImplementationsReference,Source/Reference/Polymorphism/Implementations.uv,false,true,false,false,true
def.MethodByName,HelloUltraviolet::Reference::Polymorphism,runPolymorphismImplementationsReference,Source/Reference/Polymorphism/Implementations.uv,false,true,false,false,true
def.ClassEffectiveTables,HelloUltraviolet::Reference::Polymorphism,runPolymorphismImplementationsReference,Source/Reference/Polymorphism/Implementations.uv,false,true,false,false,true
def.ImplementationOrphanRule,HelloUltraviolet::Reference::Polymorphism,runPolymorphismImplementationsReference,Source/Reference/Polymorphism/Implementations.uv,false,true,false,false,true
def.DefaultMethodPredicates,HelloUltraviolet::Reference::Polymorphism,runPolymorphismImplementationsReference,Source/Reference/Polymorphism/Implementations.uv,false,true,false,false,true
rule.14.Impl-Abstract-Method,HelloUltraviolet::Reference::Polymorphism,runPolymorphismImplementationsReference,Source/Reference/Polymorphism/Implementations.uv,false,true,false,false,true
rule.14.Impl-Missing-Method,HelloUltraviolet::Reference::Polymorphism,runPolymorphismImplementationsReference,Source/Reference/Polymorphism/Implementations.uv,false,true,false,false,true
rule.14.Impl-AssocType-Missing,HelloUltraviolet::Reference::Polymorphism,runPolymorphismImplementationsReference,Source/Reference/Polymorphism/Implementations.uv,false,true,false,false,true
rule.14.Impl-Concrete-Default,HelloUltraviolet::Reference::Polymorphism,runPolymorphismImplementationsReference,Source/Reference/Polymorphism/Implementations.uv,false,true,false,false,true
rule.14.Impl-Concrete-Override,HelloUltraviolet::Reference::Polymorphism,runPolymorphismImplementationsReference,Source/Reference/Polymorphism/Implementations.uv,false,true,false,false,true
rule.14.Impl-Field,HelloUltraviolet::Reference::Polymorphism,runPolymorphismImplementationsReference,Source/Reference/Polymorphism/Implementations.uv,false,true,false,false,true
rule.14.WF-Impl,HelloUltraviolet::Reference::Polymorphism,runPolymorphismImplementationsReference,Source/Reference/Polymorphism/Implementations.uv,false,true,false,false,true
rule.14.ImplementationSubtypeRelation,HelloUltraviolet::Reference::Polymorphism,runPolymorphismImplementationsReference,Source/Reference/Polymorphism/Implementations.uv,false,true,false,false,true
req.14.ImplementationsNoAdditionalRuntimeState,HelloUltraviolet::Audit,artifactProjectEmitLlExercise,Source/Audit/ArtifactProjectExecution.uv,false,true,false,false,true
req.14.ImplementationBodyLowering,HelloUltraviolet::Audit,artifactProjectEmitLlExercise,Source/Audit/ArtifactProjectExecution.uv,false,true,false,false,true
grammar.14.AssociatedType,HelloUltraviolet::Reference::Polymorphism,runPolymorphismAssociatedTypesReference,Source/Reference/Polymorphism/AssociatedTypes.uv,false,true,false,false,true
req.14.AssociatedTypeEqualsMeaning,HelloUltraviolet::Reference::Polymorphism,runPolymorphismAssociatedTypesReference,Source/Reference/Polymorphism/AssociatedTypes.uv,false,true,false,false,true
rule.14.Parse-ClassItem-AssociatedType,HelloUltraviolet::Reference::Polymorphism,runPolymorphismAssociatedTypesReference,Source/Reference/Polymorphism/AssociatedTypes.uv,false,true,false,false,true
rule.14.Parse-AssocTypeOpt-None,HelloUltraviolet::Reference::Polymorphism,runPolymorphismAssociatedTypesReference,Source/Reference/Polymorphism/AssociatedTypes.uv,false,true,false,false,true
rule.14.Parse-AssocTypeOpt-Yes,HelloUltraviolet::Reference::Polymorphism,runPolymorphismAssociatedTypesReference,Source/Reference/Polymorphism/AssociatedTypes.uv,false,true,false,false,true
rule.14.Parse-AssocTypeDefaultOpt,HelloUltraviolet::Reference::Polymorphism,runPolymorphismAssociatedTypesReference,Source/Reference/Polymorphism/AssociatedTypes.uv,false,true,false,false,true
rule.14.Parse-RecordMember-AssociatedType,HelloUltraviolet::Reference::Polymorphism,runPolymorphismAssociatedTypesReference,Source/Reference/Polymorphism/AssociatedTypes.uv,false,true,false,false,true
def.14.AssociatedTypeDeclAst,HelloUltraviolet::Reference::Polymorphism,runPolymorphismAssociatedTypesReference,Source/Reference/Polymorphism/AssociatedTypes.uv,false,true,false,false,true
def.14.AssociatedTypeAstMembership,HelloUltraviolet::Reference::Polymorphism,runPolymorphismAssociatedTypesReference,Source/Reference/Polymorphism/AssociatedTypes.uv,false,true,false,false,true
def.14.AssociatedTypeClassAbstractDefaulted,HelloUltraviolet::Reference::Polymorphism,runPolymorphismAssociatedTypesReference,Source/Reference/Polymorphism/AssociatedTypes.uv,false,true,false,false,true
def.14.AssocTypeItemsAndNames,HelloUltraviolet::Reference::Polymorphism,runPolymorphismAssociatedTypesReference,Source/Reference/Polymorphism/AssociatedTypes.uv,false,true,false,false,true
def.14.AssocTypeDefault,HelloUltraviolet::Reference::Polymorphism,runPolymorphismAssociatedTypesReference,Source/Reference/Polymorphism/AssociatedTypes.uv,false,true,false,false,true
def.14.ImplAssocType,HelloUltraviolet::Reference::Polymorphism,runPolymorphismAssociatedTypesReference,Source/Reference/Polymorphism/AssociatedTypes.uv,false,true,false,false,true
def.14.AbstractAssociatedTypeNames,HelloUltraviolet::Reference::Polymorphism,runPolymorphismAssociatedTypesReference,Source/Reference/Polymorphism/AssociatedTypes.uv,false,true,false,false,true
def.14.AssocTypeBinding,HelloUltraviolet::Reference::Polymorphism,runPolymorphismAssociatedTypesReference,Source/Reference/Polymorphism/AssociatedTypes.uv,false,true,false,false,true
def.14.AssocTypeBindsPredicate,HelloUltraviolet::Reference::Polymorphism,runPolymorphismAssociatedTypesReference,Source/Reference/Polymorphism/AssociatedTypes.uv,false,true,false,false,true
req.14.GenericParametersAssociatedTypesSupplySites,HelloUltraviolet::Reference::Polymorphism,runPolymorphismAssociatedTypesReference,Source/Reference/Polymorphism/AssociatedTypes.uv,false,true,false,false,true
def.14.AssociatedTypeLookupOrder,HelloUltraviolet::Reference::Polymorphism,runPolymorphismAssociatedTypesReference,Source/Reference/Polymorphism/AssociatedTypes.uv,false,true,false,false,true
rule.14.T-Alias-Equiv,HelloUltraviolet::Reference::Polymorphism,runPolymorphismAssociatedTypesReference,Source/Reference/Polymorphism/AssociatedTypes.uv,false,true,false,false,true
req.14.AssociatedTypesNoRuntimeSemantics,HelloUltraviolet::Audit,artifactProjectEmitLlExercise,Source/Audit/ArtifactProjectExecution.uv,false,true,false,false,true
req.14.AssociatedTypeErasureLowering,HelloUltraviolet::Audit,artifactProjectEmitLlExercise,Source/Audit/ArtifactProjectExecution.uv,false,true,false,false,true
grammar.14.DynamicClassObjects,HelloUltraviolet::Reference::Polymorphism,runPolymorphismDynamicClassObjectsReference,Source/Reference/Polymorphism/DynamicClassObjects.uv,false,true,false,false,true
req.14.DynamicMethodCallSurfaceSyntax,HelloUltraviolet::Reference::Polymorphism,runPolymorphismDynamicClassObjectsReference,Source/Reference/Polymorphism/DynamicClassObjects.uv,false,true,false,false,true
rule.14.Parse-Dynamic-Type,HelloUltraviolet::Reference::Polymorphism,runPolymorphismDynamicClassObjectsReference,Source/Reference/Polymorphism/DynamicClassObjects.uv,false,true,false,false,true
req.14.DynamicCastUsesOrdinaryCastParsing,HelloUltraviolet::Reference::Polymorphism,runPolymorphismDynamicClassObjectsReference,Source/Reference/Polymorphism/DynamicClassObjects.uv,false,true,false,false,true
def.14.TypeDynamicAst,HelloUltraviolet::Reference::Polymorphism,runPolymorphismDynamicClassObjectsReference,Source/Reference/Polymorphism/DynamicClassObjects.uv,false,true,false,false,true
def.14.DynamicClassLayoutFields,HelloUltraviolet::Audit,artifactProjectEmitLlExercise,Source/Audit/ArtifactProjectExecution.uv,false,true,false,false,true
def.14.DynamicClassRuntimeValue,HelloUltraviolet::Audit,artifactProjectEmitLlExercise,Source/Audit/ArtifactProjectExecution.uv,false,true,false,false,true
def.14.SelfOccurs,HelloUltraviolet::Reference::Polymorphism,runPolymorphismDynamicClassObjectsReference,Source/Reference/Polymorphism/DynamicClassObjects.uv,false,true,false,false,true
rule.14.WF-Dynamic,HelloUltraviolet::Reference::Polymorphism,runPolymorphismDynamicClassObjectsReference,Source/Reference/Polymorphism/DynamicClassObjects.uv,false,true,false,false,true
rule.14.T-Equiv-Dynamic,HelloUltraviolet::Reference::Polymorphism,runPolymorphismDynamicClassObjectsReference,Source/Reference/Polymorphism/DynamicClassObjects.uv,false,true,false,false,true
rule.14.T-Dynamic-Form,HelloUltraviolet::Reference::Polymorphism,runPolymorphismDynamicClassObjectsReference,Source/Reference/Polymorphism/DynamicClassObjects.uv,false,true,false,false,true
def.14.LookupMethod,HelloUltraviolet::Reference::Polymorphism,runPolymorphismDynamicClassObjectsReference,Source/Reference/Polymorphism/DynamicClassObjects.uv,false,true,false,false,true
rule.14.T-Dynamic-MethodCall,HelloUltraviolet::Reference::Polymorphism,runPolymorphismDynamicClassObjectsReference,Source/Reference/Polymorphism/DynamicClassObjects.uv,false,true,false,false,true
def.14.DynamicValueType,HelloUltraviolet::Reference::Polymorphism,runPolymorphismDynamicClassObjectsReference,Source/Reference/Polymorphism/DynamicClassObjects.uv,false,true,false,false,true
rule.14.Eval-Dynamic-Form,HelloUltraviolet::Reference::Polymorphism,runPolymorphismDynamicClassObjectsReference,Source/Reference/Polymorphism/DynamicClassObjects.uv,false,true,false,false,true
rule.14.Eval-Dynamic-Form-Ctrl,HelloUltraviolet::Reference::Polymorphism,runPolymorphismDynamicClassObjectsReference,Source/Reference/Polymorphism/DynamicClassObjects.uv,false,true,false,false,true
def.14.DynamicDispatchSelection,HelloUltraviolet::Reference::Polymorphism,runPolymorphismDynamicClassObjectsReference,Source/Reference/Polymorphism/DynamicClassObjects.uv,false,true,false,false,true
def.14.DynamicMethodTarget,HelloUltraviolet::Reference::Polymorphism,runPolymorphismDynamicClassObjectsReference,Source/Reference/Polymorphism/DynamicClassObjects.uv,false,true,false,false,true
rule.14.Layout-DynamicClass,HelloUltraviolet::Audit,artifactProjectEmitLlExercise,Source/Audit/ArtifactProjectExecution.uv,false,true,false,false,true
rule.14.Size-DynamicClass,HelloUltraviolet::Audit,artifactProjectEmitLlExercise,Source/Audit/ArtifactProjectExecution.uv,false,true,false,false,true
rule.14.Align-DynamicClass,HelloUltraviolet::Audit,artifactProjectEmitLlExercise,Source/Audit/ArtifactProjectExecution.uv,false,true,false,false,true
rule.14.ABI-Dynamic,HelloUltraviolet::Audit,artifactProjectEmitLlExercise,Source/Audit/ArtifactProjectExecution.uv,false,true,false,false,true
def.14.DynamicValueBits,HelloUltraviolet::Audit,artifactProjectEmitLlExercise,Source/Audit/ArtifactProjectExecution.uv,false,true,false,false,true
def.14.DynamicDispatchLoweringJudgements,HelloUltraviolet::Audit,artifactProjectEmitLlExercise,Source/Audit/ArtifactProjectExecution.uv,false,true,false,false,true
rule.14.DispatchSym-Impl,HelloUltraviolet::Audit,artifactProjectEmitLlExercise,Source/Audit/ArtifactProjectExecution.uv,false,true,false,false,true
rule.14.DispatchSym-Default-None,HelloUltraviolet::Audit,artifactProjectEmitLlExercise,Source/Audit/ArtifactProjectExecution.uv,false,true,false,false,true
rule.14.DispatchSym-Default-Mismatch,HelloUltraviolet::Reference::Polymorphism,runPolymorphismDynamicClassObjectsReference,Source/Reference/Polymorphism/DynamicClassObjects.uv,false,true,false,false,true
rule.14.VTable-Order,HelloUltraviolet::Audit,artifactProjectEmitLlExercise,Source/Audit/ArtifactProjectExecution.uv,false,true,false,false,true
rule.14.VSlot-Entry,HelloUltraviolet::Audit,artifactProjectEmitLlExercise,Source/Audit/ArtifactProjectExecution.uv,false,true,false,false,true
rule.14.Lower-Dynamic-Form,HelloUltraviolet::Audit,artifactProjectEmitLlExercise,Source/Audit/ArtifactProjectExecution.uv,false,true,false,false,true
rule.14.Lower-DynCall,HelloUltraviolet::Audit,artifactProjectEmitLlExercise,Source/Audit/ArtifactProjectExecution.uv,false,true,false,false,true
rule.14.EmitVTable-Decl,HelloUltraviolet::Audit,artifactProjectEmitLlExercise,Source/Audit/ArtifactProjectExecution.uv,false,true,false,false,true
grammar.14.OpaqueTypes,HelloUltraviolet::Reference::Polymorphism,runPolymorphismOpaqueTypesReference,Source/Reference/Polymorphism/OpaqueTypes.uv,false,true,false,false,true
req.14.OpaqueTypesComposeAsTypeForms,HelloUltraviolet::Reference::Polymorphism,runPolymorphismOpaqueTypesReference,Source/Reference/Polymorphism/OpaqueTypes.uv,false,true,false,false,true
rule.14.Parse-Opaque-Type,HelloUltraviolet::Reference::Polymorphism,runPolymorphismOpaqueTypesReference,Source/Reference/Polymorphism/OpaqueTypes.uv,false,true,false,false,true
def.14.TypeOpaqueAst,HelloUltraviolet::Reference::Polymorphism,runPolymorphismOpaqueTypesReference,Source/Reference/Polymorphism/OpaqueTypes.uv,false,true,false,false,true
def.14.TypeOpaqueForm,HelloUltraviolet::Reference::Polymorphism,runPolymorphismOpaqueTypesReference,Source/Reference/Polymorphism/OpaqueTypes.uv,false,true,false,false,true
rule.14.WF-Opaque,HelloUltraviolet::Reference::Polymorphism,runPolymorphismOpaqueTypesReference,Source/Reference/Polymorphism/OpaqueTypes.uv,false,true,false,false,true
rule.14.T-Equiv-Opaque,HelloUltraviolet::Reference::Polymorphism,runPolymorphismOpaqueTypesReference,Source/Reference/Polymorphism/OpaqueTypes.uv,false,true,false,false,true
rule.14.T-Opaque-Return,HelloUltraviolet::Reference::Polymorphism,runPolymorphismOpaqueTypesReference,Source/Reference/Polymorphism/OpaqueTypes.uv,false,true,false,false,true
rule.14.T-Opaque-Project,HelloUltraviolet::Reference::Polymorphism,runPolymorphismOpaqueTypesReference,Source/Reference/Polymorphism/OpaqueTypes.uv,false,true,false,false,true
req.14.OpaqueTypesNoRuntimeWrapper,HelloUltraviolet::Audit,artifactProjectEmitLlExercise,Source/Audit/ArtifactProjectExecution.uv,false,true,false,false,true
req.14.OpaqueTypesLowerAsConcrete,HelloUltraviolet::Audit,artifactProjectEmitLlExercise,Source/Audit/ArtifactProjectExecution.uv,false,true,false,false,true
grammar.14.RefinementTypes,HelloUltraviolet::Reference::Types,runTypesRefinementsReference,Source/Reference/Types/Refinements.uv,false,true,false,false,true
req.14.RefinementSelfBinding,HelloUltraviolet::Reference::Types,runTypesRefinementsReference,Source/Reference/Types/Refinements.uv,false,true,false,false,true
rule.14.Parse-RefinementOpt-None,HelloUltraviolet::Reference::Types,runTypesRefinementsReference,Source/Reference/Types/Refinements.uv,false,true,false,false,true
rule.14.Parse-RefinementOpt-Yes,HelloUltraviolet::Reference::Types,runTypesRefinementsReference,Source/Reference/Types/Refinements.uv,false,true,false,false,true
rule.14.ParsePredicateExpr,HelloUltraviolet::Reference::Types,runTypesRefinementsReference,Source/Reference/Types/Refinements.uv,false,true,false,false,true
def.14.TypeRefineAst,HelloUltraviolet::Reference::Types,runTypesRefinementsReference,Source/Reference/Types/Refinements.uv,false,true,false,false,true
def.14.TypeRefineForm,HelloUltraviolet::Reference::Types,runTypesRefinementsReference,Source/Reference/Types/Refinements.uv,false,true,false,false,true
def.14.PredicateEquiv,HelloUltraviolet::Reference::Types,runTypesRefinementsReference,Source/Reference/Types/Refinements.uv,false,true,false,false,true
rule.14.T-Equiv-Refine,HelloUltraviolet::Reference::Types,runTypesRefinementsReference,Source/Reference/Types/Refinements.uv,false,true,false,false,true
rule.14.T-Equiv-Refine-Norm,HelloUltraviolet::Reference::Types,runTypesRefinementsReference,Source/Reference/Types/Refinements.uv,false,true,false,false,true
rule.14.T-Refine-Elim,HelloUltraviolet::Reference::Types,runTypesRefinementsReference,Source/Reference/Types/Refinements.uv,false,true,false,false,true
rule.14.RefinementSubtypeBase,HelloUltraviolet::Reference::Types,runTypesRefinementsReference,Source/Reference/Types/Refinements.uv,false,true,false,false,true
rule.14.RefinementSubtypeImplication,HelloUltraviolet::Reference::Types,runTypesRefinementsReference,Source/Reference/Types/Refinements.uv,false,true,false,false,true
req.14.RefinementDecidablePredicateFragment,HelloUltraviolet::Reference::Types,runTypesRefinementsReference,Source/Reference/Types/Refinements.uv,false,true,false,false,true
rule.14.LLVMTy-Refine,HelloUltraviolet::Audit,artifactProjectEmitLlExercise,Source/Audit/ArtifactProjectExecution.uv,false,true,false,false,true
req.14.RefinementRuntimeCheckLowering,HelloUltraviolet::Audit,artifactProjectRefinementStaticDefaultDynamicFallbackExercise,Source/Audit/ArtifactProjectExecution.uv,false,true,false,false,true
req.14.CapabilityClassSyntaxUsesOrdinaryClassAndDynamicSyntax,HelloUltraviolet::Reference::Polymorphism,capabilityClassSyntaxAndTypeModelReference,Source/Reference/Polymorphism/CapabilityClasses.uv,false,true,false,false,true
req.14.CapabilityClassNoFeatureSpecificParser,HelloUltraviolet::Reference::Polymorphism,capabilityClassSyntaxAndTypeModelReference,Source/Reference/Polymorphism/CapabilityClasses.uv,false,true,false,false,true
def.14.CapClassSet,HelloUltraviolet::Reference::Polymorphism,capabilityClassSetReference,Source/Reference/Polymorphism/CapabilityClasses.uv,false,true,false,false,true
def.14.CapType,HelloUltraviolet::Reference::Polymorphism,capabilityClassTypeReference,Source/Reference/Polymorphism/CapabilityClasses.uv,false,true,false,false,true
def.14.IOInterface,HelloUltraviolet::Audit,artifactProjectRuntimeInterfaceSymbolsExercise,Source/Audit/RuntimeInterfaceArtifactExecution.uv,false,true,false,false,true
def.14.NetworkInterface,HelloUltraviolet::Audit,artifactProjectRuntimeInterfaceSymbolsExercise,Source/Audit/RuntimeInterfaceArtifactExecution.uv,false,true,false,false,true
def.14.HeapAllocatorInterface,HelloUltraviolet::Audit,artifactProjectRuntimeInterfaceSymbolsExercise,Source/Audit/RuntimeInterfaceArtifactExecution.uv,false,true,false,false,true
def.14.TimeInterface,HelloUltraviolet::Audit,artifactProjectRuntimeInterfaceSymbolsExercise,Source/Audit/RuntimeInterfaceArtifactExecution.uv,false,true,false,false,true
def.14.MonotonicTimeInterface,HelloUltraviolet::Audit,artifactProjectRuntimeInterfaceSymbolsExercise,Source/Audit/RuntimeInterfaceArtifactExecution.uv,false,true,false,false,true
def.14.WallTimeInterface,HelloUltraviolet::Audit,artifactProjectRuntimeInterfaceSymbolsExercise,Source/Audit/RuntimeInterfaceArtifactExecution.uv,false,true,false,false,true
def.14.FileKindDecl,HelloUltraviolet::Reference::Polymorphism,capabilityClassBuiltinValueDeclarationsReference,Source/Reference/Polymorphism/CapabilityClasses.uv,false,true,false,false,true
def.14.IoErrorDecl,HelloUltraviolet::Reference::Polymorphism,capabilityClassBuiltinValueDeclarationsReference,Source/Reference/Polymorphism/CapabilityClasses.uv,false,true,false,false,true
def.14.DirEntryDecl,HelloUltraviolet::Reference::Polymorphism,capabilityClassBuiltinValueDeclarationsReference,Source/Reference/Polymorphism/CapabilityClasses.uv,false,true,false,false,true
def.14.AllocationErrorDecl,HelloUltraviolet::Reference::Polymorphism,capabilityClassBuiltinValueDeclarationsReference,Source/Reference/Polymorphism/CapabilityClasses.uv,false,true,false,false,true
def.14.TimeErrorDecl,HelloUltraviolet::Reference::Authority,runAuthorityBuiltinTypeNamesReference,Source/Reference/Authority/BuiltinTypeNames.uv,false,true,false,false,true
def.14.DurationDecl,HelloUltraviolet::Reference::Authority,runAuthorityBuiltinTypeNamesReference,Source/Reference/Authority/BuiltinTypeNames.uv,false,true,false,false,true
def.14.MonotonicInstantDecl,HelloUltraviolet::Audit,artifactProjectRuntimeInterfaceSymbolsExercise,Source/Audit/RuntimeInterfaceArtifactExecution.uv,false,true,false,false,true
def.14.UtcInstantDecl,HelloUltraviolet::Reference::Authority,runAuthorityBuiltinTypeNamesReference,Source/Reference/Authority/BuiltinTypeNames.uv,false,true,false,false,true
def.14.ContextDecl,HelloUltraviolet::Reference::Polymorphism,capabilityContextBundleReference,Source/Reference/Polymorphism/CapabilityClasses.uv,false,true,false,false,true
def.14.SystemDecl,HelloUltraviolet::Reference::Polymorphism,capabilityContextAndSystemDeclarationsReference,Source/Reference/Polymorphism/CapabilityClasses.uv,false,true,false,false,true
def.14.ExecutionDomainSupportDecls,HelloUltraviolet::Reference::Polymorphism,capabilityExecutionDomainSupportReference,Source/Reference/Polymorphism/CapabilityClasses.uv,false,true,false,false,true
def.14.ReactorDecl,HelloUltraviolet::Reference::Polymorphism,capabilityReactorDeclarationReference,Source/Reference/Polymorphism/CapabilityClasses.uv,false,true,false,false,true
def.14.CapMethodSig,HelloUltraviolet::Reference::Polymorphism,capabilityMethodSignatureAndReceiverReference,Source/Reference/Polymorphism/CapabilityClasses.uv,false,true,false,false,true
def.14.CapRecv,HelloUltraviolet::Reference::Polymorphism,capabilityMethodSignatureAndReceiverReference,Source/Reference/Polymorphism/CapabilityClasses.uv,false,true,false,false,true
def.14.CapabilityLoweringSupport,HelloUltraviolet::Audit,artifactProjectRuntimeInterfaceSymbolsExercise,Source/Audit/RuntimeInterfaceArtifactExecution.uv,false,true,false,false,true
req.14.CapabilityClassesOrdinaryClasses,HelloUltraviolet::Reference::Polymorphism,capabilityClassSyntaxAndTypeModelReference,Source/Reference/Polymorphism/CapabilityClasses.uv,false,true,false,false,true
req.14.CapabilityClassesGenericBounds,HelloUltraviolet::Reference::Polymorphism,capabilityClassesGenericBoundsReference,Source/Reference/Polymorphism/CapabilityClasses.uv,false,true,false,false,true
def.14.BuiltinTypesIO,HelloUltraviolet::Reference::Authority,runAuthorityBuiltinTypeNamesReference,Source/Reference/Authority/BuiltinTypeNames.uv,false,true,false,false,true
def.14.BuiltinDeclLookup,HelloUltraviolet::Reference::Authority,runAuthorityBuiltinTypeNamesReference,Source/Reference/Authority/BuiltinTypeNames.uv,false,true,false,false,true
def.14.BuiltinTypeEnvironment,HelloUltraviolet::Reference::Authority,runAuthorityBuiltinTypeNamesReference,Source/Reference/Authority/BuiltinTypeNames.uv,false,true,false,false,true
def.14.BuiltInContext,HelloUltraviolet::Reference::Polymorphism,capabilityContextBundleReference,Source/Reference/Polymorphism/CapabilityClasses.uv,false,true,false,false,true
def.14.ContextBundleFieldType,HelloUltraviolet::Audit,artifactProjectFixturesBuildAndExerciseOutputObligations,Source/Audit/ArtifactProjectExecution.uv,false,true,false,false,true
def.14.ContextBundleType,HelloUltraviolet::Audit,artifactProjectFixturesBuildAndExerciseOutputObligations,Source/Audit/ArtifactProjectExecution.uv,false,true,false,false,true
def.14.ContextBundleFieldValue,HelloUltraviolet::Audit,artifactProjectFixturesBuildAndExerciseOutputObligations,Source/Audit/ArtifactProjectExecution.uv,false,true,false,false,true
def.14.ContextDomainValue,HelloUltraviolet::Audit,artifactProjectFixturesBuildAndExerciseOutputObligations,Source/Audit/ArtifactProjectExecution.uv,false,true,false,false,true
def.14.ContextBundleBuild,HelloUltraviolet::Audit,artifactProjectFixturesBuildAndExerciseOutputObligations,Source/Audit/ArtifactProjectExecution.uv,false,true,false,false,true
def.14.AllocErrorVal,HelloUltraviolet::Reference::Polymorphism,capabilityAllocationErrorReference,Source/Reference/Polymorphism/CapabilityClasses.uv,false,true,false,false,true
req.14.CapabilityClassesUseDynamicDispatchModel,HelloUltraviolet::Audit,artifactProjectRuntimeInterfaceSymbolsExercise,Source/Audit/RuntimeInterfaceArtifactExecution.uv,false,true,false,false,true
req.14.CapabilityBuiltinMethodLowering,HelloUltraviolet::Audit,artifactProjectRuntimeInterfaceSymbolsExercise,Source/Audit/RuntimeInterfaceArtifactExecution.uv,false,true,false,false,true
req.14.FoundationalClassesNoFeatureSpecificParser,HelloUltraviolet::Reference::Polymorphism,runPolymorphismClassesReference,Source/Reference/Polymorphism/Classes.uv,false,true,false,false,true
def.14.FoundationalClassName,HelloUltraviolet::Reference::Polymorphism,runPolymorphismClassesReference,Source/Reference/Polymorphism/Classes.uv,false,true,false,false,true
def.14.FoundationalJudgements,HelloUltraviolet::Reference::Polymorphism,runPolymorphismClassesReference,Source/Reference/Polymorphism/Classes.uv,false,true,false,false,true
def.14.HasCloneDropMethod,HelloUltraviolet::Reference::Polymorphism,runPolymorphismClassesReference,Source/Reference/Polymorphism/Classes.uv,false,true,false,false,true
def.14.CloneDropTypePredicates,HelloUltraviolet::Reference::Polymorphism,runPolymorphismClassesReference,Source/Reference/Polymorphism/Classes.uv,false,true,false,false,true
def.14.FoundationalImplementationPredicates,HelloUltraviolet::Reference::Polymorphism,runPolymorphismClassesReference,Source/Reference/Polymorphism/Classes.uv,false,true,false,false,true
req.14.FoundationalBoundsIntrinsicSatisfaction,HelloUltraviolet::Reference::Polymorphism,runPolymorphismClassesReference,Source/Reference/Polymorphism/Classes.uv,false,true,false,false,true
rule.14.BitcopyDrop-Ok,HelloUltraviolet::Reference::Polymorphism,runPolymorphismClassesReference,Source/Reference/Polymorphism/Classes.uv,false,true,false,false,true
def.14.BitcopyType,HelloUltraviolet::Reference::Polymorphism,runPolymorphismClassesReference,Source/Reference/Polymorphism/Classes.uv,false,true,false,false,true
def.14.BitcopyTypeCore,HelloUltraviolet::Reference::Polymorphism,runPolymorphismClassesReference,Source/Reference/Polymorphism/Classes.uv,false,true,false,false,true
def.14.BuiltinBitcopyType,HelloUltraviolet::Reference::Polymorphism,runPolymorphismClassesReference,Source/Reference/Polymorphism/Classes.uv,false,true,false,false,true
def.14.BuiltinDropCloneType,HelloUltraviolet::Reference::Polymorphism,runPolymorphismClassesReference,Source/Reference/Polymorphism/Classes.uv,false,true,false,false,true
def.14.BuiltinFoundationalClassSignatures,HelloUltraviolet::Reference::Polymorphism,runPolymorphismClassesReference,Source/Reference/Polymorphism/Classes.uv,false,true,false,false,true
req.14.EqLaws,HelloUltraviolet::Reference::Polymorphism,runPolymorphismClassesReference,Source/Reference/Polymorphism/Classes.uv,false,true,false,false,true
req.14.IteratorNextContract,HelloUltraviolet::Reference::Polymorphism,runPolymorphismClassesReference,Source/Reference/Polymorphism/Classes.uv,false,true,false,false,true
req.14.DiscretePartialInverseContract,HelloUltraviolet::Reference::Polymorphism,runPolymorphismClassesReference,Source/Reference/Polymorphism/Classes.uv,false,true,false,false,true
req.14.DropCloneDynamicSemantics,HelloUltraviolet::Reference::Polymorphism,runPolymorphismClassesReference,Source/Reference/Polymorphism/Classes.uv,false,true,false,false,true
req.14.HasherDynamicSemantics,HelloUltraviolet::Reference::Polymorphism,runPolymorphismClassesReference,Source/Reference/Polymorphism/Classes.uv,false,true,false,false,true
req.14.IntegerDiscreteDynamicSemantics,HelloUltraviolet::Reference::Polymorphism,runPolymorphismClassesReference,Source/Reference/Polymorphism/Classes.uv,false,true,false,false,true
req.14.CharDiscreteDynamicSemantics,HelloUltraviolet::Reference::Polymorphism,runPolymorphismClassesReference,Source/Reference/Polymorphism/Classes.uv,false,true,false,false,true
req.14.FoundationalIntrinsicCallLowering,HelloUltraviolet::Audit,artifactProjectEmitLlExercise,Source/Audit/ArtifactProjectExecution.uv,false,true,false,false,true
req.14.FoundationalPredicatesNoSeparateRepresentation,HelloUltraviolet::Reference::Polymorphism,runPolymorphismClassesReference,Source/Reference/Polymorphism/Classes.uv,false,true,false,false,true
grammar.15.ProcedureDeclarations,HelloUltraviolet::Reference::Procedures,runProceduresDeclarationsReference,Source/Reference/Procedures/Declarations.uv,false,true,false,false,true
req.15.ExternProcedureDeclarationsOwnedByFFI,HelloUltraviolet::Reference::Procedures,runProceduresDeclarationsReference,Source/Reference/Procedures/Declarations.uv,false,true,false,false,true
rule.15.Parse-Procedure,HelloUltraviolet::Reference::Procedures,runProceduresDeclarationsReference,Source/Reference/Procedures/Declarations.uv,false,true,false,false,true
rule.15.Parse-Signature,HelloUltraviolet::Reference::Procedures,runProceduresDeclarationsReference,Source/Reference/Procedures/Declarations.uv,false,true,false,false,true
rule.15.Parse-ParamList-Empty,HelloUltraviolet::Reference::Procedures,runProceduresDeclarationsReference,Source/Reference/Procedures/Declarations.uv,false,true,false,false,true
rule.15.Parse-ParamList-Cons,HelloUltraviolet::Reference::Procedures,runProceduresDeclarationsReference,Source/Reference/Procedures/Declarations.uv,false,true,false,false,true
rule.15.Parse-Param,HelloUltraviolet::Reference::Procedures,runProceduresDeclarationsReference,Source/Reference/Procedures/Declarations.uv,false,true,false,false,true
rule.15.Parse-ParamMode-None,HelloUltraviolet::Reference::Procedures,runProceduresDeclarationsReference,Source/Reference/Procedures/Declarations.uv,false,true,false,false,true
rule.15.Parse-ParamMode-Move,HelloUltraviolet::Reference::Procedures,runProceduresDeclarationsReference,Source/Reference/Procedures/Declarations.uv,false,true,false,false,true
rule.15.Parse-ParamTail-End,HelloUltraviolet::Reference::Procedures,runProceduresDeclarationsReference,Source/Reference/Procedures/Declarations.uv,false,true,false,false,true
rule.15.Parse-ParamTail-TrailingComma,HelloUltraviolet::Reference::Procedures,runProceduresDeclarationsReference,Source/Reference/Procedures/Declarations.uv,false,true,false,false,true
rule.15.Parse-ParamTail-Comma,HelloUltraviolet::Reference::Procedures,runProceduresDeclarationsReference,Source/Reference/Procedures/Declarations.uv,false,true,false,false,true
rule.15.Parse-ReturnOpt-None,HelloUltraviolet::Reference::Procedures,runProceduresDeclarationsReference,Source/Reference/Procedures/Declarations.uv,false,true,false,false,true
rule.15.Parse-ReturnOpt-Arrow,HelloUltraviolet::Reference::Procedures,runProceduresDeclarationsReference,Source/Reference/Procedures/Declarations.uv,false,true,false,false,true
def.15.ProcedureDeclAst,HelloUltraviolet::Reference::Procedures,runProceduresDeclarationsReference,Source/Reference/Procedures/Declarations.uv,false,true,false,false,true
def.15.ParamAst,HelloUltraviolet::Reference::Procedures,runProceduresDeclarationsReference,Source/Reference/Procedures/Declarations.uv,false,true,false,false,true
def.15.ParamNamesAndBinds,HelloUltraviolet::Reference::Procedures,runProceduresDeclarationsReference,Source/Reference/Procedures/Declarations.uv,false,true,false,false,true
def.15.ProcReturn,HelloUltraviolet::Reference::Procedures,runProceduresDeclarationsReference,Source/Reference/Procedures/Declarations.uv,false,true,false,false,true
def.15.BodyReturnType,HelloUltraviolet::Reference::Procedures,runProceduresDeclarationsReference,Source/Reference/Procedures/Declarations.uv,false,true,false,false,true
def.15.DeclTyping,HelloUltraviolet::Reference::Procedures,runProceduresDeclarationsReference,Source/Reference/Procedures/Declarations.uv,false,true,false,false,true
def.15.ProvBindCheck,HelloUltraviolet::Reference::Procedures,runProceduresDeclarationsReference,Source/Reference/Procedures/Declarations.uv,false,true,false,false,true
def.15.DeclTypingItem,HelloUltraviolet::Reference::Procedures,runProceduresDeclarationsReference,Source/Reference/Procedures/Declarations.uv,false,true,false,false,true
rule.15.ProcedureDeclOkJudgement,HelloUltraviolet::Reference::Procedures,runProceduresDeclarationsReference,Source/Reference/Procedures/Declarations.uv,false,true,false,false,true
req.15.ExportedProcedureForeignCallableObligations,HelloUltraviolet::Reference::Procedures,runProceduresDeclarationsReference,Source/Reference/Procedures/Declarations.uv,false,true,false,false,true
def.15.MainEntryPointDefinitions,HelloUltraviolet::Reference::Procedures,runProceduresDeclarationsReference,Source/Reference/Procedures/Declarations.uv,false,true,false,false,true
rule.15.Main-Ok,HelloUltraviolet::Reference::Procedures,runProceduresDeclarationsReference,Source/Reference/Procedures/Declarations.uv,false,true,false,false,true
rule.15.Main-Bypass-NonExecutable,HelloUltraviolet::Reference::Procedures,runProceduresDeclarationsReference,Source/Reference/Procedures/Declarations.uv,false,true,false,false,true
def.15.FuncValDefined,HelloUltraviolet::Reference::Procedures,runProceduresDeclarationsReference,Source/Reference/Procedures/Declarations.uv,false,true,false,false,true
def.15.BindParams,HelloUltraviolet::Reference::Procedures,runProceduresDeclarationsReference,Source/Reference/Procedures/Declarations.uv,false,true,false,false,true
def.15.ArgumentPassingJudgements,HelloUltraviolet::Reference::Procedures,runProceduresDeclarationsReference,Source/Reference/Procedures/Declarations.uv,false,true,false,false,true
def.15.CallJudgements,HelloUltraviolet::Reference::Procedures,runProceduresDeclarationsReference,Source/Reference/Procedures/Declarations.uv,false,true,false,false,true
def.15.CallTargets,HelloUltraviolet::Reference::Procedures,runProceduresDeclarationsReference,Source/Reference/Procedures/Declarations.uv,false,true,false,false,true
def.15.BuiltinProcedureParams,HelloUltraviolet::Reference::Procedures,runProceduresDeclarationsReference,Source/Reference/Procedures/Declarations.uv,false,true,false,false,true
def.15.SynthParams,HelloUltraviolet::Reference::Procedures,runProceduresDeclarationsReference,Source/Reference/Procedures/Declarations.uv,false,true,false,false,true
def.15.CalleeProc,HelloUltraviolet::Reference::Procedures,runProceduresDeclarationsReference,Source/Reference/Procedures/Declarations.uv,false,true,false,false,true
def.15.CallParams,HelloUltraviolet::Reference::Procedures,runProceduresDeclarationsReference,Source/Reference/Procedures/Declarations.uv,false,true,false,false,true
def.15.ReturnOut,HelloUltraviolet::Reference::Procedures,runProceduresDeclarationsReference,Source/Reference/Procedures/Declarations.uv,false,true,false,false,true
rule.15.EvalArgsSigma-Empty,HelloUltraviolet::Reference::Procedures,runProceduresDeclarationsReference,Source/Reference/Procedures/Declarations.uv,false,true,false,false,true
rule.15.EvalArgsSigma-Cons-Move,HelloUltraviolet::Reference::Procedures,runProceduresDeclarationsReference,Source/Reference/Procedures/Declarations.uv,false,true,false,false,true
rule.15.EvalArgsSigma-Cons-Ref,HelloUltraviolet::Reference::Procedures,runProceduresDeclarationsReference,Source/Reference/Procedures/Declarations.uv,false,true,false,false,true
rule.15.EvalArgsSigma-Ctrl-Move,HelloUltraviolet::Reference::Procedures,runProceduresDeclarationsReference,Source/Reference/Procedures/Declarations.uv,false,true,false,false,true
rule.15.EvalArgsSigma-Ctrl-Ref,HelloUltraviolet::Reference::Procedures,runProceduresDeclarationsReference,Source/Reference/Procedures/Declarations.uv,false,true,false,false,true
rule.15.ApplyRegionProc-NewScoped,HelloUltraviolet::Reference::Procedures,runProceduresDeclarationsReference,Source/Reference/Procedures/Declarations.uv,false,true,false,false,true
rule.15.ApplyRegionProc-Alloc,HelloUltraviolet::Reference::Procedures,runProceduresDeclarationsReference,Source/Reference/Procedures/Declarations.uv,false,true,false,false,true
rule.15.ApplyRegionProc-Reset,HelloUltraviolet::Reference::Procedures,runProceduresDeclarationsReference,Source/Reference/Procedures/Declarations.uv,false,true,false,false,true
rule.15.ApplyRegionProc-Freeze,HelloUltraviolet::Reference::Procedures,runProceduresDeclarationsReference,Source/Reference/Procedures/Declarations.uv,false,true,false,false,true
rule.15.ApplyRegionProc-Thaw,HelloUltraviolet::Reference::Procedures,runProceduresDeclarationsReference,Source/Reference/Procedures/Declarations.uv,false,true,false,false,true
rule.15.ApplyRegionProc-Free,HelloUltraviolet::Reference::Procedures,runProceduresDeclarationsReference,Source/Reference/Procedures/Declarations.uv,false,true,false,false,true
rule.15.ApplyCancelProc-New,HelloUltraviolet::Reference::Procedures,runProceduresDeclarationsReference,Source/Reference/Procedures/Declarations.uv,false,true,false,false,true
rule.15.ApplyProcSigma,HelloUltraviolet::Reference::Procedures,runProceduresDeclarationsReference,Source/Reference/Procedures/Declarations.uv,false,true,false,false,true
rule.15.EvalSigma-Call-Proc,HelloUltraviolet::Reference::Procedures,evalSigmaCallProcedureReference,Source/Reference/Procedures/Declarations.uv,false,true,false,false,true
rule.15.CG-Item-Procedure,HelloUltraviolet::Reference::Procedures,runProceduresDeclarationsReference,Source/Reference/Procedures/Declarations.uv,false,true,false,false,true
req.15.MainProgramEntryHandlingOwnedByChapter24,HelloUltraviolet::Reference::Procedures,runProceduresDeclarationsReference,Source/Reference/Procedures/Declarations.uv,false,true,false,false,true
grammar.15.MethodsAndReceivers,HelloUltraviolet::Reference::Procedures,runProceduresReceiversReference,Source/Reference/Procedures/Receivers.uv,false,true,false,false,true
req.15.ClassAndStateMethodsReuseReceiverForms,HelloUltraviolet::Reference::Procedures,runProceduresReceiversReference,Source/Reference/Procedures/Receivers.uv,false,true,false,false,true
rule.15.Parse-MethodDefAfterVis,HelloUltraviolet::Reference::Procedures,runProceduresReceiversReference,Source/Reference/Procedures/Receivers.uv,false,true,false,false,true
rule.15.Parse-Override-Yes,HelloUltraviolet::Reference::Procedures,runProceduresReceiversReference,Source/Reference/Procedures/Receivers.uv,false,true,false,false,true
rule.15.Parse-Override-No,HelloUltraviolet::Reference::Procedures,runProceduresReceiversReference,Source/Reference/Procedures/Receivers.uv,false,true,false,false,true
rule.15.Parse-MethodSignature,HelloUltraviolet::Reference::Procedures,runProceduresReceiversReference,Source/Reference/Procedures/Receivers.uv,false,true,false,false,true
rule.15.Parse-StateMethodSignature-Receiver,HelloUltraviolet::Reference::Procedures,runProceduresReceiversReference,Source/Reference/Procedures/Receivers.uv,false,true,false,false,true
rule.15.Parse-MethodParams-None,HelloUltraviolet::Reference::Procedures,runProceduresReceiversReference,Source/Reference/Procedures/Receivers.uv,false,true,false,false,true
rule.15.Parse-MethodParams-Comma,HelloUltraviolet::Reference::Procedures,runProceduresReceiversReference,Source/Reference/Procedures/Receivers.uv,false,true,false,false,true
rule.15.Parse-Receiver-Short-Const,HelloUltraviolet::Reference::Procedures,runProceduresReceiversReference,Source/Reference/Procedures/Receivers.uv,false,true,false,false,true
rule.15.Parse-Receiver-Short-Unique,HelloUltraviolet::Reference::Procedures,runProceduresReceiversReference,Source/Reference/Procedures/Receivers.uv,false,true,false,false,true
rule.15.Parse-Receiver-Short-Shared,HelloUltraviolet::Reference::Procedures,runProceduresReceiversReference,Source/Reference/Procedures/Receivers.uv,false,true,false,false,true
rule.15.Parse-Receiver-Explicit,HelloUltraviolet::Reference::Procedures,runProceduresReceiversReference,Source/Reference/Procedures/Receivers.uv,false,true,false,false,true
def.15.MethodDeclAst,HelloUltraviolet::Reference::Procedures,runProceduresReceiversReference,Source/Reference/Procedures/Receivers.uv,false,true,false,false,true
def.15.ReceiverAst,HelloUltraviolet::Reference::Procedures,runProceduresReceiversReference,Source/Reference/Procedures/Receivers.uv,false,true,false,false,true
def.15.RecordFieldsMethodsAndSelf,HelloUltraviolet::Reference::Procedures,runProceduresReceiversReference,Source/Reference/Procedures/Receivers.uv,false,true,false,false,true
def.15.RecvType,HelloUltraviolet::Reference::Procedures,runProceduresReceiversReference,Source/Reference/Procedures/Receivers.uv,false,true,false,false,true
def.15.RecvMode,HelloUltraviolet::Reference::Procedures,runProceduresReceiversReference,Source/Reference/Procedures/Receivers.uv,false,true,false,false,true
def.15.RecvPerm,HelloUltraviolet::Reference::Procedures,runProceduresReceiversReference,Source/Reference/Procedures/Receivers.uv,false,true,false,false,true
def.15.MethodSignaturesAndParams,HelloUltraviolet::Reference::Procedures,runProceduresReceiversReference,Source/Reference/Procedures/Receivers.uv,false,true,false,false,true
rule.15.Recv-Explicit,HelloUltraviolet::Reference::Procedures,runProceduresReceiversReference,Source/Reference/Procedures/Receivers.uv,false,true,false,false,true
rule.15.Recv-Const,HelloUltraviolet::Reference::Procedures,runProceduresReceiversReference,Source/Reference/Procedures/Receivers.uv,false,true,false,false,true
rule.15.Recv-Unique,HelloUltraviolet::Reference::Procedures,runProceduresReceiversReference,Source/Reference/Procedures/Receivers.uv,false,true,false,false,true
rule.15.Recv-Shared,HelloUltraviolet::Reference::Procedures,runProceduresReceiversReference,Source/Reference/Procedures/Receivers.uv,false,true,false,false,true
rule.15.WF-Record-Methods,HelloUltraviolet::Reference::Procedures,runProceduresReceiversReference,Source/Reference/Procedures/Receivers.uv,false,true,false,false,true
def.15.ArgsOkJudg,HelloUltraviolet::Reference::Procedures,runProceduresReceiversReference,Source/Reference/Procedures/Receivers.uv,false,true,false,false,true
def.15.RecvBaseType,HelloUltraviolet::Reference::Procedures,runProceduresReceiversReference,Source/Reference/Procedures/Receivers.uv,false,true,false,false,true
rule.15.Args-Empty,HelloUltraviolet::Reference::Procedures,runProceduresReceiversReference,Source/Reference/Procedures/Receivers.uv,false,true,false,false,true
rule.15.Args-Cons,HelloUltraviolet::Reference::Procedures,runProceduresReceiversReference,Source/Reference/Procedures/Receivers.uv,false,true,false,false,true
rule.15.Args-Cons-Ref,HelloUltraviolet::Reference::Procedures,runProceduresReceiversReference,Source/Reference/Procedures/Receivers.uv,false,true,false,false,true
def.15.RecvArgOk,HelloUltraviolet::Reference::Procedures,runProceduresReceiversReference,Source/Reference/Procedures/Receivers.uv,false,true,false,false,true
req.15.OwnerSpecificReceiverRestrictionsReuseCommonForms,HelloUltraviolet::Reference::Procedures,runProceduresReceiversReference,Source/Reference/Procedures/Receivers.uv,false,true,false,false,true
def.15.RecvArgMode,HelloUltraviolet::Reference::Procedures,runProceduresReceiversReference,Source/Reference/Procedures/Receivers.uv,false,true,false,false,true
def.15.MethodOf,HelloUltraviolet::Reference::Procedures,runProceduresReceiversReference,Source/Reference/Procedures/Receivers.uv,false,true,false,false,true
def.15.RecvBase,HelloUltraviolet::Reference::Procedures,runProceduresReceiversReference,Source/Reference/Procedures/Receivers.uv,false,true,false,false,true
def.15.RecvParams,HelloUltraviolet::Reference::Procedures,runProceduresReceiversReference,Source/Reference/Procedures/Receivers.uv,false,true,false,false,true
rule.15.EvalRecvSigma-Move,HelloUltraviolet::Reference::Procedures,runProceduresReceiversReference,Source/Reference/Procedures/Receivers.uv,false,true,false,false,true
rule.15.EvalRecvSigma-Ref-Dyn,HelloUltraviolet::Reference::Procedures,runProceduresReceiversReference,Source/Reference/Procedures/Receivers.uv,false,true,false,false,true
rule.15.EvalRecvSigma-Ref,HelloUltraviolet::Reference::Procedures,runProceduresReceiversReference,Source/Reference/Procedures/Receivers.uv,false,true,false,false,true
rule.15.EvalRecvSigma-Ctrl-Move,HelloUltraviolet::Reference::Procedures,runProceduresReceiversReference,Source/Reference/Procedures/Receivers.uv,false,true,false,false,true
rule.15.EvalRecvSigma-Ctrl-Ref,HelloUltraviolet::Reference::Procedures,runProceduresReceiversReference,Source/Reference/Procedures/Receivers.uv,false,true,false,false,true
def.15.BindMethodParams,HelloUltraviolet::Reference::Procedures,runProceduresReceiversReference,Source/Reference/Procedures/Receivers.uv,false,true,false,false,true
rule.15.ApplyMethodSigma-Prim,HelloUltraviolet::Reference::Procedures,runProceduresReceiversReference,Source/Reference/Procedures/Receivers.uv,false,true,false,false,true
rule.15.ApplyMethodSigma,HelloUltraviolet::Reference::Procedures,runProceduresReceiversReference,Source/Reference/Procedures/Receivers.uv,false,true,false,false,true
req.15.MethodsLowerAsProceduresWithReceiverFirst,HelloUltraviolet::Audit,artifactProjectEmitLlExercise,Source/Audit/ArtifactProjectExecution.uv,false,true,false,false,true
rule.15.Mangle-Record-Method,HelloUltraviolet::Reference::Procedures,runProceduresReceiversReference,Source/Reference/Procedures/Receivers.uv,false,true,false,false,true
rule.15.Mangle-Class-Method,HelloUltraviolet::Reference::Procedures,runProceduresReceiversReference,Source/Reference/Procedures/Receivers.uv,false,true,false,false,true
rule.15.Mangle-State-Method,HelloUltraviolet::Reference::Procedures,runProceduresReceiversReference,Source/Reference/Procedures/Receivers.uv,false,true,false,false,true
req.15.OverloadingNoAdditionalSyntax,HelloUltraviolet::Reference::Procedures,runProceduresOverloadingReference,Source/Reference/Procedures/Overloading.uv,false,true,false,false,true
req.15.OverloadResolutionNotParserConcern,HelloUltraviolet::Reference::Procedures,runProceduresOverloadingReference,Source/Reference/Procedures/Overloading.uv,false,true,false,false,true
req.15.NoRuntimeOverloadSearch,HelloUltraviolet::Audit,artifactProjectEmitLlExercise,Source/Audit/ArtifactProjectExecution.uv,false,true,false,false,true
grammar.15.ContractClauses,HelloUltraviolet::Reference::Procedures,runProceduresContractsReference,Source/Reference/Procedures/Contracts.uv,false,true,false,false,true
req.15.ForeignContractStartDisambiguatesContracts,HelloUltraviolet::Reference::Procedures,runProceduresContractsReference,Source/Reference/Procedures/Contracts.uv,false,true,false,false,true
rule.15.Parse-ContractClauseOpt-None,HelloUltraviolet::Reference::Procedures,runProceduresContractsReference,Source/Reference/Procedures/Contracts.uv,false,true,false,false,true
rule.15.Parse-ContractClauseOpt-Yes,HelloUltraviolet::Reference::Procedures,runProceduresContractsReference,Source/Reference/Procedures/Contracts.uv,false,true,false,false,true
rule.15.Parse-ContractBody-PostOnly,HelloUltraviolet::Reference::Procedures,runProceduresContractsReference,Source/Reference/Procedures/Contracts.uv,false,true,false,false,true
rule.15.Parse-ContractBody-PrePost,HelloUltraviolet::Reference::Procedures,runProceduresContractsReference,Source/Reference/Procedures/Contracts.uv,false,true,false,false,true
rule.15.Parse-ContractBody-PreOnly,HelloUltraviolet::Reference::Procedures,runProceduresContractsReference,Source/Reference/Procedures/Contracts.uv,false,true,false,false,true
def.15.ContractClauseAst,HelloUltraviolet::Reference::Procedures,runProceduresContractsReference,Source/Reference/Procedures/Contracts.uv,false,true,false,false,true
def.15.ContractOpt,HelloUltraviolet::Reference::Procedures,runProceduresContractsReference,Source/Reference/Procedures/Contracts.uv,false,true,false,false,true
def.15.ContractPurityJudgementIntro,HelloUltraviolet::Reference::Procedures,runProceduresContractsReference,Source/Reference/Procedures/Contracts.uv,false,true,false,false,true
rule.15.Pure-Literal,HelloUltraviolet::Reference::Procedures,runProceduresContractsReference,Source/Reference/Procedures/Contracts.uv,false,true,false,false,true
rule.15.Pure-Ident,HelloUltraviolet::Reference::Procedures,runProceduresContractsReference,Source/Reference/Procedures/Contracts.uv,false,true,false,false,true
rule.15.Pure-Field,HelloUltraviolet::Reference::Procedures,runProceduresContractsReference,Source/Reference/Procedures/Contracts.uv,false,true,false,false,true
rule.15.Pure-Tuple-Access,HelloUltraviolet::Reference::Procedures,runProceduresContractsReference,Source/Reference/Procedures/Contracts.uv,false,true,false,false,true
rule.15.Pure-Index,HelloUltraviolet::Reference::Procedures,runProceduresContractsReference,Source/Reference/Procedures/Contracts.uv,false,true,false,false,true
rule.15.Pure-Unary,HelloUltraviolet::Reference::Procedures,runProceduresContractsReference,Source/Reference/Procedures/Contracts.uv,false,true,false,false,true
rule.15.Pure-Binary,HelloUltraviolet::Reference::Procedures,runProceduresContractsReference,Source/Reference/Procedures/Contracts.uv,false,true,false,false,true
def.15.PureOps,HelloUltraviolet::Reference::Procedures,runProceduresContractsReference,Source/Reference/Procedures/Contracts.uv,false,true,false,false,true
rule.15.Pure-Cast,HelloUltraviolet::Reference::Procedures,runProceduresContractsReference,Source/Reference/Procedures/Contracts.uv,false,true,false,false,true
rule.15.Pure-If,HelloUltraviolet::Reference::Procedures,runProceduresContractsReference,Source/Reference/Procedures/Contracts.uv,false,true,false,false,true
rule.15.Pure-If-Is,HelloUltraviolet::Reference::Procedures,runProceduresContractsReference,Source/Reference/Procedures/Contracts.uv,false,true,false,false,true
rule.15.Pure-If-Is-No-Else,HelloUltraviolet::Reference::Procedures,runProceduresContractsReference,Source/Reference/Procedures/Contracts.uv,false,true,false,false,true
rule.15.Pure-If-Case,HelloUltraviolet::Reference::Procedures,runProceduresContractsReference,Source/Reference/Procedures/Contracts.uv,false,true,false,false,true
rule.15.Pure-If-Case-No-Else,HelloUltraviolet::Reference::Procedures,runProceduresContractsReference,Source/Reference/Procedures/Contracts.uv,false,true,false,false,true
rule.15.Pure-Block,HelloUltraviolet::Reference::Procedures,runProceduresContractsReference,Source/Reference/Procedures/Contracts.uv,false,true,false,false,true
rule.15.Pure-Tuple,HelloUltraviolet::Reference::Procedures,runProceduresContractsReference,Source/Reference/Procedures/Contracts.uv,false,true,false,false,true
rule.15.Pure-Array,HelloUltraviolet::Reference::Procedures,runProceduresContractsReference,Source/Reference/Procedures/Contracts.uv,false,true,false,false,true
rule.15.Pure-Record,HelloUltraviolet::Reference::Procedures,runProceduresContractsReference,Source/Reference/Procedures/Contracts.uv,false,true,false,false,true
rule.15.Pure-Call-Builtin,HelloUltraviolet::Reference::Procedures,runProceduresContractsReference,Source/Reference/Procedures/Contracts.uv,false,true,false,false,true
rule.15.Pure-Call-Procedure,HelloUltraviolet::Reference::Procedures,runProceduresContractsReference,Source/Reference/Procedures/Contracts.uv,false,true,false,false,true
rule.15.Pure-Method-Const,HelloUltraviolet::Reference::Procedures,runProceduresContractsReference,Source/Reference/Procedures/Contracts.uv,false,true,false,false,true
rule.15.Pure-Comptime,HelloUltraviolet::Reference::Procedures,runProceduresContractsReference,Source/Reference/Procedures/Contracts.uv,false,true,false,false,true
def.15.ContractPurityHelperPredicates,HelloUltraviolet::Reference::Procedures,runProceduresContractsReference,Source/Reference/Procedures/Contracts.uv,false,true,false,false,true
def.15.PreconditionEvaluationContext,HelloUltraviolet::Reference::Procedures,runProceduresContractsReference,Source/Reference/Procedures/Contracts.uv,false,true,false,false,true
def.15.PostconditionEvaluationContext,HelloUltraviolet::Reference::Procedures,runProceduresContractsReference,Source/Reference/Procedures/Contracts.uv,false,true,false,false,true
req.15.ContractClausesNoIndependentRuntimeEffect,HelloUltraviolet::Audit,proceduresContractClauseRuntimeConformanceMatches,Source/Audit/Catalog/ProceduresAndContracts/CompilerConformanceExecution.uv,false,true,false,false,true
req.15.ContractClauseLoweringViaVerificationResults,HelloUltraviolet::Audit,proceduresContractClauseRuntimeConformanceMatches,Source/Audit/Catalog/ProceduresAndContracts/CompilerConformanceExecution.uv,false,true,false,false,true
req.15.PreconditionSyntaxDefinition,HelloUltraviolet::Reference::Procedures,runProceduresPreconditionsReference,Source/Reference/Procedures/Preconditions.uv,false,true,false,false,true
req.15.PreconditionsParsedByContractBody,HelloUltraviolet::Reference::Procedures,runProceduresPreconditionsReference,Source/Reference/Procedures/Preconditions.uv,false,true,false,false,true
def.15.PreconditionOf,HelloUltraviolet::Reference::Procedures,runProceduresPreconditionsReference,Source/Reference/Procedures/Preconditions.uv,false,true,false,false,true
def.15.PreconditionProofContext,HelloUltraviolet::Reference::Procedures,runProceduresPreconditionsReference,Source/Reference/Procedures/Preconditions.uv,false,true,false,false,true
rule.15.Pre-Satisfied,HelloUltraviolet::Reference::Procedures,runProceduresPreconditionsReference,Source/Reference/Procedures/Preconditions.uv,false,true,false,false,true
def.15.PreconditionElisionRules,HelloUltraviolet::Reference::Procedures,runProceduresPreconditionsReference,Source/Reference/Procedures/Preconditions.uv,false,true,false,false,true
req.15.PreconditionRuntimeEvaluationOrder,HelloUltraviolet::Audit,artifactProjectEmitLlExercise,Source/Audit/ArtifactProjectExecution.uv,false,true,false,false,true
grammar.15.Postconditions,HelloUltraviolet::Reference::Procedures,runProceduresPostconditionsReference,Source/Reference/Procedures/Postconditions.uv,false,true,false,false,true
rule.15.Parse-Contract-Result,HelloUltraviolet::Reference::Procedures,runProceduresPostconditionsReference,Source/Reference/Procedures/Postconditions.uv,false,true,false,false,true
rule.15.Parse-Contract-Entry,HelloUltraviolet::Reference::Procedures,runProceduresPostconditionsReference,Source/Reference/Procedures/Postconditions.uv,false,true,false,false,true
def.15.ContractIntrinsicAst,HelloUltraviolet::Reference::Procedures,runProceduresPostconditionsReference,Source/Reference/Procedures/Postconditions.uv,false,true,false,false,true
def.15.PostconditionOf,HelloUltraviolet::Reference::Procedures,runProceduresPostconditionsReference,Source/Reference/Procedures/Postconditions.uv,false,true,false,false,true
def.15.PostconditionProofContext,HelloUltraviolet::Reference::Procedures,runProceduresPostconditionsReference,Source/Reference/Procedures/Postconditions.uv,false,true,false,false,true
rule.15.Post-Valid,HelloUltraviolet::Reference::Procedures,runProceduresPostconditionsReference,Source/Reference/Procedures/Postconditions.uv,false,true,false,false,true
def.15.PostconditionElisionRules,HelloUltraviolet::Reference::Procedures,runProceduresPostconditionsReference,Source/Reference/Procedures/Postconditions.uv,false,true,false,false,true
rule.15.Result-Union-Type,HelloUltraviolet::Reference::Procedures,runProceduresPostconditionsReference,Source/Reference/Procedures/Postconditions.uv,false,true,false,false,true
rule.15.Result-Is-Predicate,HelloUltraviolet::Reference::Procedures,runProceduresPostconditionsReference,Source/Reference/Procedures/Postconditions.uv,false,true,false,false,true
rule.15.Result-Narrowing,HelloUltraviolet::Reference::Procedures,runProceduresPostconditionsReference,Source/Reference/Procedures/Postconditions.uv,false,true,false,false,true
rule.15.Propagate-Postcondition,HelloUltraviolet::Reference::Procedures,runProceduresPostconditionsReference,Source/Reference/Procedures/Postconditions.uv,false,true,false,false,true
rule.15.Result-Modal,HelloUltraviolet::Reference::Procedures,runProceduresPostconditionsReference,Source/Reference/Procedures/Postconditions.uv,false,true,false,false,true
rule.15.Result-Generic,HelloUltraviolet::Reference::Procedures,runProceduresPostconditionsReference,Source/Reference/Procedures/Postconditions.uv,false,true,false,false,true
req.15.PostconditionResultRuntimeBinding,HelloUltraviolet::Audit,artifactProjectEmitLlExercise,Source/Audit/ArtifactProjectExecution.uv,false,true,false,false,true
req.15.ContractEntryRuntimeCapture,HelloUltraviolet::Audit,artifactProjectEmitLlExercise,Source/Audit/ArtifactProjectExecution.uv,false,true,false,false,true
def.15.EntryCaptureTiming,HelloUltraviolet::Reference::Procedures,runProceduresPostconditionsReference,Source/Reference/Procedures/Postconditions.uv,false,true,false,false,true
rule.15.EntryCapturePhase,HelloUltraviolet::Reference::Procedures,runProceduresPostconditionsReference,Source/Reference/Procedures/Postconditions.uv,false,true,false,false,true
def.15.EntryCaptureValue,HelloUltraviolet::Reference::Procedures,runProceduresPostconditionsReference,Source/Reference/Procedures/Postconditions.uv,false,true,false,false,true
req.15.PostconditionLoweringRepresentation,HelloUltraviolet::Audit,artifactProjectEmitLlExercise,Source/Audit/ArtifactProjectExecution.uv,false,true,false,false,true
grammar.15.Invariants,HelloUltraviolet::Reference::Procedures,runProceduresInvariantsReference,Source/Reference/Procedures/Invariants.uv,false,true,false,false,true
rule.15.Parse-InvariantOpt-None,HelloUltraviolet::Reference::Procedures,runProceduresInvariantsReference,Source/Reference/Procedures/Invariants.uv,false,true,false,false,true
rule.15.Parse-InvariantOpt-Yes,HelloUltraviolet::Reference::Procedures,runProceduresInvariantsReference,Source/Reference/Procedures/Invariants.uv,false,true,false,false,true
rule.15.ParseLoopInvariantOpt,HelloUltraviolet::Reference::Procedures,runProceduresInvariantsReference,Source/Reference/Procedures/Invariants.uv,false,true,false,false,true
def.15.InvariantAst,HelloUltraviolet::Reference::Procedures,runProceduresInvariantsReference,Source/Reference/Procedures/Invariants.uv,false,true,false,false,true
def.15.TypeInvariantAstExtensions,HelloUltraviolet::Reference::Procedures,runProceduresInvariantsReference,Source/Reference/Procedures/Invariants.uv,false,true,false,false,true
def.15.LoopInvariantAstPreservation,HelloUltraviolet::Reference::Procedures,runProceduresInvariantsReference,Source/Reference/Procedures/Invariants.uv,false,true,false,false,true
def.15.TypeInvariantContext,HelloUltraviolet::Reference::Procedures,runProceduresInvariantsReference,Source/Reference/Procedures/Invariants.uv,false,true,false,false,true
def.15.TypeInvariantEnforcementPoints,HelloUltraviolet::Reference::Procedures,runProceduresInvariantsReference,Source/Reference/Procedures/Invariants.uv,false,true,false,false,true
req.15.PrivateProceduresExemptFromTypeInvariantPreCall,HelloUltraviolet::Reference::Procedures,runProceduresInvariantsReference,Source/Reference/Procedures/Invariants.uv,false,true,false,false,true
def.15.LoopInvariantEnforcementPoints,HelloUltraviolet::Audit,artifactProjectEmitLlExercise,Source/Audit/ArtifactProjectExecution.uv,false,true,false,false,true
req.15.LoopInvariantExitFact,HelloUltraviolet::Reference::Procedures,runProceduresInvariantsReference,Source/Reference/Procedures/Invariants.uv,false,true,false,false,true
req.15.InvariantVerificationModeRules,HelloUltraviolet::Audit,artifactProjectEmitLlExercise,Source/Audit/ArtifactProjectExecution.uv,false,true,false,false,true
req.15.InvariantRuntimeChecks,HelloUltraviolet::Audit,artifactProjectEmitLlExercise,Source/Audit/ArtifactProjectExecution.uv,false,true,false,false,true
req.15.InvariantLoweringViaVerificationLogic,HelloUltraviolet::Audit,artifactProjectEmitLlExercise,Source/Audit/ArtifactProjectExecution.uv,false,true,false,false,true
req.15.VerificationLogicNoSurfaceSyntax,HelloUltraviolet::Reference::Procedures,runProceduresVerificationReference,Source/Reference/Procedures/Verification.uv,false,true,false,false,true
req.15.VerificationLogicNotParserOwned,HelloUltraviolet::Reference::Procedures,runProceduresVerificationReference,Source/Reference/Procedures/Verification.uv,false,true,false,false,true
def.15.ContractKind,HelloUltraviolet::Reference::Procedures,runProceduresVerificationReference,Source/Reference/Procedures/Verification.uv,false,true,false,false,true
def.15.VerificationFact,HelloUltraviolet::Reference::Procedures,runProceduresVerificationReference,Source/Reference/Procedures/Verification.uv,false,true,false,false,true
def.15.CheckState,HelloUltraviolet::Reference::Procedures,runProceduresVerificationReference,Source/Reference/Procedures/Verification.uv,false,true,false,false,true
def.15.ContractCheck,HelloUltraviolet::Reference::Procedures,runProceduresVerificationReference,Source/Reference/Procedures/Verification.uv,false,true,false,false,true
def.15.DynamicScopeAndContext,HelloUltraviolet::Reference::Procedures,runProceduresVerificationReference,Source/Reference/Procedures/Verification.uv,false,true,false,false,true
rule.15.Contract-Static-OK,HelloUltraviolet::Reference::Procedures,runProceduresVerificationReference,Source/Reference/Procedures/Verification.uv,false,true,false,false,true
rule.15.Contract-Dynamic-Elide,HelloUltraviolet::Reference::Procedures,runProceduresVerificationReference,Source/Reference/Procedures/Verification.uv,false,true,false,false,true
req.15.MandatoryProofTechniques,HelloUltraviolet::Reference::Procedures,runProceduresVerificationReference,Source/Reference/Procedures/Verification.uv,false,true,false,false,true
def.15.ProofContextAt,HelloUltraviolet::Reference::Procedures,runProceduresVerificationReference,Source/Reference/Procedures/Verification.uv,false,true,false,false,true
def.15.DecidablePredicates,HelloUltraviolet::Reference::Procedures,runProceduresVerificationReference,Source/Reference/Procedures/Verification.uv,false,true,false,false,true
rule.15.Ent-True,HelloUltraviolet::Reference::Procedures,runProceduresVerificationReference,Source/Reference/Procedures/Verification.uv,false,true,false,false,true
rule.15.Ent-Fact,HelloUltraviolet::Reference::Procedures,runProceduresVerificationReference,Source/Reference/Procedures/Verification.uv,false,true,false,false,true
rule.15.Ent-And,HelloUltraviolet::Reference::Procedures,runProceduresVerificationReference,Source/Reference/Procedures/Verification.uv,false,true,false,false,true
rule.15.Ent-Or-L,HelloUltraviolet::Reference::Procedures,runProceduresVerificationReference,Source/Reference/Procedures/Verification.uv,false,true,false,false,true
rule.15.Ent-Or-R,HelloUltraviolet::Reference::Procedures,runProceduresVerificationReference,Source/Reference/Procedures/Verification.uv,false,true,false,false,true
rule.15.Ent-Linear,HelloUltraviolet::Reference::Procedures,runProceduresVerificationReference,Source/Reference/Procedures/Verification.uv,false,true,false,false,true
def.15.LinearIntegerEntailment,HelloUltraviolet::Reference::Procedures,runProceduresVerificationReference,Source/Reference/Procedures/Verification.uv,false,true,false,false,true
req.15.LinearEntailmentSoundAndComplete,HelloUltraviolet::Reference::Procedures,runProceduresVerificationReference,Source/Reference/Procedures/Verification.uv,false,true,false,false,true
def.15.StaticProofAt,HelloUltraviolet::Reference::Procedures,runProceduresVerificationReference,Source/Reference/Procedures/Verification.uv,false,true,false,false,true
def.15.NegFact,HelloUltraviolet::Reference::Procedures,runProceduresVerificationReference,Source/Reference/Procedures/Verification.uv,false,true,false,false,true
req.15.FactGeneration,HelloUltraviolet::Reference::Procedures,runProceduresVerificationReference,Source/Reference/Procedures/Verification.uv,false,true,false,false,true
req.15.TypeNarrowingFromFacts,HelloUltraviolet::Reference::Procedures,runProceduresVerificationReference,Source/Reference/Procedures/Verification.uv,false,true,false,false,true
def.15.ContractEnvironments,HelloUltraviolet::Audit,artifactProjectEmitLlExercise,Source/Audit/ArtifactProjectExecution.uv,false,true,false,false,true
rule.15.Check-True,HelloUltraviolet::Reference::Procedures,runProceduresVerificationReference,Source/Reference/Procedures/Verification.uv,false,true,false,false,true
rule.15.Check-Panic,HelloUltraviolet::Audit,artifactProjectEmitLlExercise,Source/Audit/ArtifactProjectExecution.uv,false,true,false,false,true
rule.15.Check-Ok,HelloUltraviolet::Reference::Procedures,runProceduresVerificationReference,Source/Reference/Procedures/Verification.uv,false,true,false,false,true
req.15.DynamicChecksInjectFacts,HelloUltraviolet::Reference::Procedures,runProceduresVerificationReference,Source/Reference/Procedures/Verification.uv,false,true,false,false,true
def.15.RuntimeCheckInsertionPointsIntro,HelloUltraviolet::Audit,artifactProjectEmitLlExercise,Source/Audit/ArtifactProjectExecution.uv,false,true,false,false,true
req.15.BehavioralSubtypingNoSurfaceSyntax,HelloUltraviolet::Reference::Procedures,runProceduresBehavioralSubtypingReference,Source/Reference/Procedures/BehavioralSubtyping.uv,false,true,false,false,true
req.15.BehavioralSubtypingNotParserOwned,HelloUltraviolet::Reference::Procedures,runProceduresBehavioralSubtypingReference,Source/Reference/Procedures/BehavioralSubtyping.uv,false,true,false,false,true
def.15.BehavioralSubtypingRelationship,HelloUltraviolet::Reference::Procedures,runProceduresBehavioralSubtypingReference,Source/Reference/Procedures/BehavioralSubtyping.uv,false,true,false,false,true
req.15.BehavioralSubtypingVerificationStrategy,HelloUltraviolet::Reference::Procedures,runProceduresBehavioralSubtypingReference,Source/Reference/Procedures/BehavioralSubtyping.uv,false,true,false,false,true
req.15.BehavioralSubtypingNoRuntimeChecks,HelloUltraviolet::Audit,artifactProjectFlowProofRuntimeErasureExercise,Source/Audit/ArtifactProjectExecution.uv,false,true,false,false,true
req.15.BehavioralSubtypingNoAdditionalRuntimeSemantics,HelloUltraviolet::Audit,artifactProjectFlowProofRuntimeErasureExercise,Source/Audit/ArtifactProjectExecution.uv,false,true,false,false,true
req.15.BehavioralSubtypingLoweringNoExtraChecks,HelloUltraviolet::Audit,artifactProjectFlowProofRuntimeErasureExercise,Source/Audit/ArtifactProjectExecution.uv,false,true,false,false,true
grammar.16.LiteralAndNameExpressions,HelloUltraviolet::Reference::Expressions,runExpressionsLiteralsAndNamesReference,Source/Reference/Expressions/LiteralsAndNames.uv,false,true,false,false,true
req.16.QualifiedApplicationOwnership,HelloUltraviolet::Reference::Expressions,runExpressionsLiteralsAndNamesReference,Source/Reference/Expressions/LiteralsAndNames.uv,false,true,false,false,true
rule.16.Parse-Literal-Expr,HelloUltraviolet::Reference::Expressions,runExpressionsLiteralsAndNamesReference,Source/Reference/Expressions/LiteralsAndNames.uv,false,true,false,false,true
rule.16.Parse-Null-Ptr,HelloUltraviolet::Reference::Expressions,runExpressionsLiteralsAndNamesReference,Source/Reference/Expressions/LiteralsAndNames.uv,false,true,false,false,true
rule.16.Parse-Identifier-Expr,HelloUltraviolet::Reference::Expressions,runExpressionsLiteralsAndNamesReference,Source/Reference/Expressions/LiteralsAndNames.uv,false,true,false,false,true
rule.16.Parse-Qualified-Name,HelloUltraviolet::Reference::Expressions,runExpressionsLiteralsAndNamesReference,Source/Reference/Expressions/LiteralsAndNames.uv,false,true,false,false,true
def.16.LiteralKindAndToken,HelloUltraviolet::Reference::Expressions,runExpressionsLiteralsAndNamesReference,Source/Reference/Expressions/LiteralsAndNames.uv,false,true,false,false,true
def.16.LiteralNameExprAst,HelloUltraviolet::Reference::Expressions,runExpressionsLiteralsAndNamesReference,Source/Reference/Expressions/LiteralsAndNames.uv,false,true,false,false,true
def.16.ValuePathType,HelloUltraviolet::Reference::Expressions,runExpressionsLiteralsAndNamesReference,Source/Reference/Expressions/LiteralsAndNames.uv,false,true,false,false,true
def.16.NumericLiteralTypeSets,HelloUltraviolet::Reference::Expressions,runExpressionsLiteralsAndNamesReference,Source/Reference/Expressions/LiteralsAndNames.uv,false,true,false,false,true
def.16.NumericLiteralParsingHelpers,HelloUltraviolet::Reference::Expressions,runExpressionsLiteralsAndNamesReference,Source/Reference/Expressions/LiteralsAndNames.uv,false,true,false,false,true
rule.16.T-Int-Literal-Suffix,HelloUltraviolet::Reference::Expressions,runExpressionsLiteralsAndNamesReference,Source/Reference/Expressions/LiteralsAndNames.uv,false,true,false,false,true
rule.16.T-Int-Literal-Default,HelloUltraviolet::Reference::Expressions,runExpressionsLiteralsAndNamesReference,Source/Reference/Expressions/LiteralsAndNames.uv,false,true,false,false,true
rule.16.T-Float-Literal-Explicit,HelloUltraviolet::Reference::Expressions,runExpressionsLiteralsAndNamesReference,Source/Reference/Expressions/LiteralsAndNames.uv,false,true,false,false,true
rule.16.T-Float-Literal-Infer,HelloUltraviolet::Reference::Expressions,runExpressionsLiteralsAndNamesReference,Source/Reference/Expressions/LiteralsAndNames.uv,false,true,false,false,true
rule.16.T-Bool-Literal,HelloUltraviolet::Reference::Expressions,runExpressionsLiteralsAndNamesReference,Source/Reference/Expressions/LiteralsAndNames.uv,false,true,false,false,true
rule.16.T-Char-Literal,HelloUltraviolet::Reference::Expressions,runExpressionsLiteralsAndNamesReference,Source/Reference/Expressions/LiteralsAndNames.uv,false,true,false,false,true
rule.16.T-String-Literal,HelloUltraviolet::Reference::Expressions,runExpressionsLiteralsAndNamesReference,Source/Reference/Expressions/LiteralsAndNames.uv,false,true,false,false,true
rule.16.Syn-Literal,HelloUltraviolet::Reference::Expressions,runExpressionsLiteralsAndNamesReference,Source/Reference/Expressions/LiteralsAndNames.uv,false,true,false,false,true
rule.16.Chk-Float-Literal-Infer,HelloUltraviolet::Reference::Expressions,runExpressionsLiteralsAndNamesReference,Source/Reference/Expressions/LiteralsAndNames.uv,false,true,false,false,true
rule.16.Chk-Null-Literal,HelloUltraviolet::Reference::Expressions,runExpressionsLiteralsAndNamesReference,Source/Reference/Expressions/LiteralsAndNames.uv,false,true,false,false,true
rule.16.T-Ident,HelloUltraviolet::Reference::Expressions,runExpressionsLiteralsAndNamesReference,Source/Reference/Expressions/LiteralsAndNames.uv,false,true,false,false,true
rule.16.T-Path-Value,HelloUltraviolet::Reference::Expressions,runExpressionsLiteralsAndNamesReference,Source/Reference/Expressions/LiteralsAndNames.uv,false,true,false,false,true
def.16.EvaluationJudgements,HelloUltraviolet::Reference::Expressions,evaluationJudgementsReference,Source/Reference/Expressions/LiteralsAndNames.uv,false,true,false,false,true
def.16.LiteralRuntimeValues,HelloUltraviolet::Reference::Expressions,literalRuntimeValuesReference,Source/Reference/Expressions/LiteralsAndNames.uv,false,true,false,false,true
rule.16.EvalSigma-Literal,HelloUltraviolet::Reference::Expressions,evalSigmaLiteralReference,Source/Reference/Expressions/LiteralsAndNames.uv,false,true,false,false,true
rule.16.EvalSigma-PtrNull,HelloUltraviolet::Reference::Expressions,evalSigmaPtrNullReference,Source/Reference/Expressions/LiteralsAndNames.uv,false,true,false,false,true
rule.16.EvalSigma-Ident,HelloUltraviolet::Reference::Expressions,evalSigmaIdentReference,Source/Reference/Expressions/LiteralsAndNames.uv,false,true,false,false,true
rule.16.EvalSigma-Path,HelloUltraviolet::Reference::Expressions,evalSigmaPathReference,Source/Reference/Expressions/LiteralsAndNames.uv,false,true,false,false,true
rule.16.EvalSigma-ErrorExpr,HelloUltraviolet::Reference::Expressions,evalSigmaErrorExprReference,Source/Reference/Expressions/LiteralsAndNames.uv,false,true,false,false,true
req.16.NamePathEvaluationMayPanicForPoisonedModules,HelloUltraviolet::Reference::Expressions,namePathPoisonedModuleEvaluationReference,Source/Reference/Expressions/LiteralsAndNames.uv,false,true,false,false,true
rule.16.Lower-Expr-Error,HelloUltraviolet::Reference::Expressions,lowerExprErrorReference,Source/Reference/Expressions/LiteralsAndNames.uv,false,true,false,false,true
grammar.16.AccessAndPlaceExpressions,HelloUltraviolet::Reference::Expressions,runExpressionsAccessAndPlacesReference,Source/Reference/Expressions/AccessAndPlaces.uv,false,true,false,false,true
req.16.AccessPostfixOwnership,HelloUltraviolet::Reference::Expressions,runExpressionsAccessAndPlacesReference,Source/Reference/Expressions/AccessAndPlaces.uv,false,true,false,false,true
rule.16.Postfix-Field,HelloUltraviolet::Reference::Expressions,runExpressionsAccessAndPlacesReference,Source/Reference/Expressions/AccessAndPlaces.uv,false,true,false,false,true
rule.16.Postfix-TupleIndex,HelloUltraviolet::Reference::Expressions,runExpressionsAccessAndPlacesReference,Source/Reference/Expressions/AccessAndPlaces.uv,false,true,false,false,true
rule.16.Postfix-Index,HelloUltraviolet::Reference::Expressions,runExpressionsAccessAndPlacesReference,Source/Reference/Expressions/AccessAndPlaces.uv,false,true,false,false,true
def.16.IsPlace,HelloUltraviolet::Reference::Expressions,runExpressionsAccessAndPlacesReference,Source/Reference/Expressions/AccessAndPlaces.uv,false,true,false,false,true
rule.16.Parse-Place-Deref,HelloUltraviolet::Reference::Expressions,runExpressionsAccessAndPlacesReference,Source/Reference/Expressions/AccessAndPlaces.uv,false,true,false,false,true
rule.16.Parse-Place-Postfix,HelloUltraviolet::Reference::Expressions,runExpressionsAccessAndPlacesReference,Source/Reference/Expressions/AccessAndPlaces.uv,false,true,false,false,true
def.16.AccessPlaceAst,HelloUltraviolet::Reference::Expressions,runExpressionsAccessAndPlacesReference,Source/Reference/Expressions/AccessAndPlaces.uv,false,true,false,false,true
def.16.PlaceForms0,HelloUltraviolet::Reference::Expressions,runExpressionsAccessAndPlacesReference,Source/Reference/Expressions/AccessAndPlaces.uv,false,true,false,false,true
rule.16.T-Field-Record,HelloUltraviolet::Reference::Expressions,runExpressionsAccessAndPlacesReference,Source/Reference/Expressions/AccessAndPlaces.uv,false,true,false,false,true
rule.16.T-Field-Record-Perm,HelloUltraviolet::Reference::Expressions,runExpressionsAccessAndPlacesReference,Source/Reference/Expressions/AccessAndPlaces.uv,false,true,false,false,true
rule.16.P-Field-Record,HelloUltraviolet::Reference::Expressions,runExpressionsAccessAndPlacesReference,Source/Reference/Expressions/AccessAndPlaces.uv,false,true,false,false,true
rule.16.P-Field-Record-Perm,HelloUltraviolet::Reference::Expressions,runExpressionsAccessAndPlacesReference,Source/Reference/Expressions/AccessAndPlaces.uv,false,true,false,false,true
rule.16.T-Tuple-Index,HelloUltraviolet::Reference::Expressions,runExpressionsAccessAndPlacesReference,Source/Reference/Expressions/AccessAndPlaces.uv,false,true,false,false,true
rule.16.T-Tuple-Index-Perm,HelloUltraviolet::Reference::Expressions,runExpressionsAccessAndPlacesReference,Source/Reference/Expressions/AccessAndPlaces.uv,false,true,false,false,true
rule.16.P-Tuple-Index,HelloUltraviolet::Reference::Expressions,runExpressionsAccessAndPlacesReference,Source/Reference/Expressions/AccessAndPlaces.uv,false,true,false,false,true
rule.16.P-Tuple-Index-Perm,HelloUltraviolet::Reference::Expressions,runExpressionsAccessAndPlacesReference,Source/Reference/Expressions/AccessAndPlaces.uv,false,true,false,false,true
rule.16.T-Index-Array,HelloUltraviolet::Reference::Expressions,runExpressionsAccessAndPlacesReference,Source/Reference/Expressions/AccessAndPlaces.uv,false,true,false,false,true
rule.16.T-Index-Array-Dynamic,HelloUltraviolet::Reference::Expressions,runExpressionsAccessAndPlacesReference,Source/Reference/Expressions/AccessAndPlaces.uv,false,true,false,false,true
rule.16.T-Index-Array-Perm,HelloUltraviolet::Reference::Expressions,runExpressionsAccessAndPlacesReference,Source/Reference/Expressions/AccessAndPlaces.uv,false,true,false,false,true
rule.16.T-Index-Array-Perm-Dynamic,HelloUltraviolet::Reference::Expressions,runExpressionsAccessAndPlacesReference,Source/Reference/Expressions/AccessAndPlaces.uv,false,true,false,false,true
rule.16.T-Index-Slice,HelloUltraviolet::Reference::Expressions,runExpressionsAccessAndPlacesReference,Source/Reference/Expressions/AccessAndPlaces.uv,false,true,false,false,true
rule.16.T-Index-Slice-Perm,HelloUltraviolet::Reference::Expressions,runExpressionsAccessAndPlacesReference,Source/Reference/Expressions/AccessAndPlaces.uv,false,true,false,false,true
rule.16.T-Slice-From-Array,HelloUltraviolet::Reference::Expressions,runExpressionsAccessAndPlacesReference,Source/Reference/Expressions/AccessAndPlaces.uv,false,true,false,false,true
rule.16.T-Slice-From-Array-Perm,HelloUltraviolet::Reference::Expressions,runExpressionsAccessAndPlacesReference,Source/Reference/Expressions/AccessAndPlaces.uv,false,true,false,false,true
rule.16.T-Slice-From-Slice,HelloUltraviolet::Reference::Expressions,runExpressionsAccessAndPlacesReference,Source/Reference/Expressions/AccessAndPlaces.uv,false,true,false,false,true
rule.16.T-Slice-From-Slice-Perm,HelloUltraviolet::Reference::Expressions,runExpressionsAccessAndPlacesReference,Source/Reference/Expressions/AccessAndPlaces.uv,false,true,false,false,true
rule.16.PlaceIndexAndSliceCounterparts,HelloUltraviolet::Reference::Expressions,runExpressionsAccessAndPlacesReference,Source/Reference/Expressions/AccessAndPlaces.uv,false,true,false,false,true
rule.16.Coerce-Array-Slice,HelloUltraviolet::Reference::Expressions,runExpressionsAccessAndPlacesReference,Source/Reference/Expressions/AccessAndPlaces.uv,false,true,false,false,true
rule.16.EvalSigma-FieldAccess,HelloUltraviolet::Reference::Expressions,evalSigmaFieldAccessReference,Source/Reference/Expressions/AccessAndPlaces.uv,false,true,false,false,true
rule.16.EvalSigma-TupleAccess,HelloUltraviolet::Reference::Expressions,evalSigmaTupleAccessReference,Source/Reference/Expressions/AccessAndPlaces.uv,false,true,false,false,true
rule.16.EvalSigma-Index,HelloUltraviolet::Reference::Expressions,evalSigmaIndexReference,Source/Reference/Expressions/AccessAndPlaces.uv,false,true,false,false,true
rule.16.EvalSigma-Index-Range,HelloUltraviolet::Reference::Expressions,evalSigmaIndexRangeReference,Source/Reference/Expressions/AccessAndPlaces.uv,false,true,false,false,true
req.16.IndexAccessRuntimeFailuresAndControlPropagation,HelloUltraviolet::Audit,expressionsWorkstreamIndexDiagnosticsAndRuntimePanicExercise,Source/Audit/ExpressionsWorkstreamArtifactExecution.uv,false,true,false,false,true
rule.16.Lower-Expr-FieldAccess,HelloUltraviolet::Audit,expressionsWorkstreamLoweringConformanceExercise,Source/Audit/ExpressionsWorkstreamArtifactExecution.uv,false,true,false,false,true
rule.16.Lower-Expr-TupleAccess,HelloUltraviolet::Audit,expressionsWorkstreamLoweringConformanceExercise,Source/Audit/ExpressionsWorkstreamArtifactExecution.uv,false,true,false,false,true
rule.16.Lower-Expr-IndexFamily,HelloUltraviolet::Audit,expressionsWorkstreamLoweringConformanceExercise,Source/Audit/ExpressionsWorkstreamArtifactExecution.uv,false,true,false,false,true
rule.16.Lower-Place-Ident,HelloUltraviolet::Audit,expressionsWorkstreamLoweringConformanceExercise,Source/Audit/ExpressionsWorkstreamArtifactExecution.uv,false,true,false,false,true
rule.16.Lower-Place-Field,HelloUltraviolet::Audit,expressionsWorkstreamLoweringConformanceExercise,Source/Audit/ExpressionsWorkstreamArtifactExecution.uv,false,true,false,false,true
rule.16.Lower-Place-Tuple,HelloUltraviolet::Audit,expressionsWorkstreamLoweringConformanceExercise,Source/Audit/ExpressionsWorkstreamArtifactExecution.uv,false,true,false,false,true
rule.16.Lower-Place-Index,HelloUltraviolet::Audit,expressionsWorkstreamLoweringConformanceExercise,Source/Audit/ExpressionsWorkstreamArtifactExecution.uv,false,true,false,false,true
rule.16.Lower-Place-Deref,HelloUltraviolet::Audit,expressionsWorkstreamLoweringConformanceExercise,Source/Audit/ExpressionsWorkstreamArtifactExecution.uv,false,true,false,false,true
req.16.PlaceReadWriteLoweringPreservesAccessBehavior,HelloUltraviolet::Audit,expressionsWorkstreamLoweringConformanceExercise,Source/Audit/ExpressionsWorkstreamArtifactExecution.uv,false,true,false,false,true
grammar.16.CallExpressions,HelloUltraviolet::Reference::Expressions,runExpressionsCallsReference,Source/Reference/Expressions/Calls.uv,false,true,false,false,true
req.16.QualifiedApplyParenPreResolution,HelloUltraviolet::Reference::Expressions,runExpressionsCallsReference,Source/Reference/Expressions/Calls.uv,false,true,false,false,true
rule.16.Postfix-Call,HelloUltraviolet::Reference::Expressions,runExpressionsCallsReference,Source/Reference/Expressions/Calls.uv,false,true,false,false,true
rule.16.Postfix-Call-TypeArgs,HelloUltraviolet::Reference::Expressions,runExpressionsCallsReference,Source/Reference/Expressions/Calls.uv,false,true,false,false,true
rule.16.Postfix-MethodCall,HelloUltraviolet::Reference::Expressions,runExpressionsCallsReference,Source/Reference/Expressions/Calls.uv,false,true,false,false,true
rule.16.Parse-Qualified-Apply-Paren,HelloUltraviolet::Reference::Expressions,runExpressionsCallsReference,Source/Reference/Expressions/Calls.uv,false,true,false,false,true
rule.16.ArgumentListParsingFamily,HelloUltraviolet::Reference::Expressions,runExpressionsCallsReference,Source/Reference/Expressions/Calls.uv,false,true,false,false,true
def.16.ArgAst,HelloUltraviolet::Reference::Expressions,runExpressionsCallsReference,Source/Reference/Expressions/Calls.uv,false,true,false,false,true
def.16.CallExprAst,HelloUltraviolet::Reference::Expressions,runExpressionsCallsReference,Source/Reference/Expressions/Calls.uv,false,true,false,false,true
def.16.ArgAccessors,HelloUltraviolet::Reference::Expressions,runExpressionsCallsReference,Source/Reference/Expressions/Calls.uv,false,true,false,false,true
def.16.ArgumentPassExpressions,HelloUltraviolet::Reference::Expressions,runExpressionsCallsReference,Source/Reference/Expressions/Calls.uv,false,true,false,false,true
req.16.QualifiedParenthesizedApplicationResolution,HelloUltraviolet::Reference::Expressions,runExpressionsCallsReference,Source/Reference/Expressions/Calls.uv,false,true,false,false,true
rule.16.ArgsT-Empty,HelloUltraviolet::Reference::Expressions,runExpressionsCallsReference,Source/Reference/Expressions/Calls.uv,false,true,false,false,true
rule.16.ArgsT-Cons,HelloUltraviolet::Reference::Expressions,runExpressionsCallsReference,Source/Reference/Expressions/Calls.uv,false,true,false,false,true
rule.16.T-Call-Generic-Infer,HelloUltraviolet::Reference::Expressions,runExpressionsCallsReference,Source/Reference/Expressions/Calls.uv,false,true,false,false,true
rule.16.T-Call,HelloUltraviolet::Reference::Expressions,runExpressionsCallsReference,Source/Reference/Expressions/Calls.uv,false,true,false,false,true
rule.16.Chk-Call-Generic-Infer,HelloUltraviolet::Reference::Expressions,runExpressionsCallsReference,Source/Reference/Expressions/Calls.uv,false,true,false,false,true
req.16.CallTypeArgsStaticOwnership,HelloUltraviolet::Reference::Expressions,runExpressionsCallsReference,Source/Reference/Expressions/Calls.uv,false,true,false,false,true
req.16.MethodRecordClosureCallStaticOwnership,HelloUltraviolet::Reference::Expressions,runExpressionsCallsReference,Source/Reference/Expressions/Calls.uv,false,true,false,false,true
rule.16.EvalSigma-Call-Closure,HelloUltraviolet::Reference::Expressions,evalSigmaCallClosureReference,Source/Reference/Expressions/Calls.uv,false,true,false,false,true
rule.16.EvalSigma-Call-RegionProc,HelloUltraviolet::Reference::Expressions,evalSigmaCallRegionProcReference,Source/Reference/Expressions/Calls.uv,false,true,false,false,true
rule.16.EvalSigma-Call-RegionProc-Ctrl-Args,HelloUltraviolet::Reference::Expressions,evalSigmaCallRegionProcCtrlArgsReference,Source/Reference/Expressions/Calls.uv,false,true,false,false,true
rule.16.EvalSigma-Call-CancelProc,HelloUltraviolet::Reference::Expressions,evalSigmaCallCancelProcReference,Source/Reference/Expressions/Calls.uv,false,true,false,false,true
rule.16.EvalSigma-Call-CancelProc-Ctrl-Args,HelloUltraviolet::Reference::Expressions,evalSigmaCallCancelProcCtrlArgsReference,Source/Reference/Expressions/Calls.uv,false,true,false,false,true
rule.16.EvalSigma-Call-Proc,HelloUltraviolet::Reference::Expressions,evalSigmaCallProcReference,Source/Reference/Expressions/Calls.uv,false,true,false,false,true
rule.16.EvalSigma-Call-Record,HelloUltraviolet::Reference::Expressions,evalSigmaCallRecordReference,Source/Reference/Expressions/Calls.uv,false,true,false,false,true
rule.16.EvalSigma-MethodCall,HelloUltraviolet::Reference::Expressions,evalSigmaMethodCallReference,Source/Reference/Expressions/Calls.uv,false,true,false,false,true
req.16.CallControlPropagation,HelloUltraviolet::Reference::Expressions,runExpressionsCallsReference,Source/Reference/Expressions/Calls.uv,false,true,false,false,true
req.16.MethodCallControlPropagation,HelloUltraviolet::Reference::Expressions,runExpressionsCallsReference,Source/Reference/Expressions/Calls.uv,false,true,false,false,true
req.16.CallTypeArgsEvaluationElaboration,HelloUltraviolet::Reference::Expressions,runExpressionsCallsReference,Source/Reference/Expressions/Calls.uv,false,true,false,false,true
rule.16.Lower-Args-Empty,HelloUltraviolet::Audit,acceptedProjectFixturesBuildAndExerciseArtifactObligations,Source/Audit/AcceptedProjectExecution.uv,false,true,false,false,true
rule.16.Lower-Expr-Call-Closure,HelloUltraviolet::Audit,acceptedProjectFixturesBuildAndExerciseArtifactObligations,Source/Audit/AcceptedProjectExecution.uv,false,true,false,false,true
rule.16.Lower-MethodCallFamily,HelloUltraviolet::Audit,acceptedProjectFixturesBuildAndExerciseArtifactObligations,Source/Audit/AcceptedProjectExecution.uv,false,true,false,false,true
req.16.CallTypeArgsLoweringElaboration,HelloUltraviolet::Audit,acceptedProjectFixturesBuildAndExerciseArtifactObligations,Source/Audit/AcceptedProjectExecution.uv,false,true,false,false,true
grammar.16.OperatorExpressions,HelloUltraviolet::Reference::Expressions,runExpressionsOperatorsReference,Source/Reference/Expressions/Operators.uv,false,true,false,false,true
req.16.OperatorPrefixSyntaxOwnership,HelloUltraviolet::Reference::Expressions,runExpressionsOperatorsReference,Source/Reference/Expressions/Operators.uv,false,true,false,false,true
rule.16.ParseRangeFamily,HelloUltraviolet::Reference::Expressions,runExpressionsOperatorsReference,Source/Reference/Expressions/Operators.uv,false,true,false,false,true
rule.16.ParseLeftChainFamily,HelloUltraviolet::Reference::Expressions,runExpressionsOperatorsReference,Source/Reference/Expressions/Operators.uv,false,true,false,false,true
rule.16.ParsePowerFamily,HelloUltraviolet::Reference::Expressions,runExpressionsOperatorsReference,Source/Reference/Expressions/Operators.uv,false,true,false,false,true
rule.16.Parse-Unary-Prefix,HelloUltraviolet::Reference::Expressions,runExpressionsOperatorsReference,Source/Reference/Expressions/Operators.uv,false,true,false,false,true
def.16.RangeAndOperatorExprAst,HelloUltraviolet::Reference::Expressions,runExpressionsOperatorsReference,Source/Reference/Expressions/Operators.uv,false,true,false,false,true
def.16.OperatorSets,HelloUltraviolet::Reference::Expressions,runExpressionsOperatorsReference,Source/Reference/Expressions/Operators.uv,false,true,false,false,true
def.16.OperatorRuntimeJudgementsAndValuePredicates,HelloUltraviolet::Reference::Expressions,operatorRuntimeJudgementsAndValuePredicatesReference,Source/Reference/Expressions/Operators.uv,false,true,false,false,true
def.16.OperatorComparisonRuntime,HelloUltraviolet::Reference::Expressions,operatorComparisonRuntimeReference,Source/Reference/Expressions/Operators.uv,false,true,false,false,true
def.16.OperatorBitShiftArithmeticRuntime,HelloUltraviolet::Reference::Expressions,operatorBitShiftArithmeticRuntimeReference,Source/Reference/Expressions/Operators.uv,false,true,false,false,true
def.16.UnaryOperatorRuntime,HelloUltraviolet::Reference::Expressions,unaryOperatorRuntimeReference,Source/Reference/Expressions/Operators.uv,false,true,false,false,true
req.16.FloatUnaryNegationTotality,HelloUltraviolet::Reference::Expressions,floatUnaryNegationTotalityReference,Source/Reference/Expressions/Operators.uv,false,true,false,false,true
def.16.BinaryOperatorRuntime,HelloUltraviolet::Reference::Expressions,binaryOperatorRuntimeReference,Source/Reference/Expressions/Operators.uv,false,true,false,false,true
rule.16.EvalSigma-Range,HelloUltraviolet::Reference::Expressions,evalSigmaRangeReference,Source/Reference/Expressions/Operators.uv,false,true,false,false,true
rule.16.EvalSigma-Unary,HelloUltraviolet::Reference::Expressions,evalSigmaUnaryReference,Source/Reference/Expressions/Operators.uv,false,true,false,false,true
rule.16.EvalSigma-Bin-And-False,HelloUltraviolet::Reference::Expressions,evalSigmaBinAndFalseReference,Source/Reference/Expressions/Operators.uv,false,true,false,false,true
rule.16.EvalSigma-Bin-And-True,HelloUltraviolet::Reference::Expressions,evalSigmaBinAndTrueReference,Source/Reference/Expressions/Operators.uv,false,true,false,false,true
rule.16.EvalSigma-Bin-Or-True,HelloUltraviolet::Reference::Expressions,evalSigmaBinOrTrueReference,Source/Reference/Expressions/Operators.uv,false,true,false,false,true
rule.16.EvalSigma-Bin-Or-False,HelloUltraviolet::Reference::Expressions,evalSigmaBinOrFalseReference,Source/Reference/Expressions/Operators.uv,false,true,false,false,true
rule.16.EvalSigma-Binary,HelloUltraviolet::Reference::Expressions,evalSigmaBinaryReference,Source/Reference/Expressions/Operators.uv,false,true,false,false,true
rule.16.Lower-Expr-Unary,HelloUltraviolet::Audit,expressionsWorkstreamLoweringConformanceExercise,Source/Audit/ExpressionsWorkstreamArtifactExecution.uv,false,true,false,false,true
rule.16.Lower-Expr-Bin-And,HelloUltraviolet::Audit,expressionsWorkstreamLoweringConformanceExercise,Source/Audit/ExpressionsWorkstreamArtifactExecution.uv,false,true,false,false,true
rule.16.Lower-Expr-Bin-Or,HelloUltraviolet::Audit,expressionsWorkstreamLoweringConformanceExercise,Source/Audit/ExpressionsWorkstreamArtifactExecution.uv,false,true,false,false,true
rule.16.Lower-Expr-Binary,HelloUltraviolet::Audit,expressionsWorkstreamLoweringConformanceExercise,Source/Audit/ExpressionsWorkstreamArtifactExecution.uv,false,true,false,false,true
rule.16.Lower-Expr-Range,HelloUltraviolet::Audit,expressionsWorkstreamLoweringConformanceExercise,Source/Audit/ExpressionsWorkstreamArtifactExecution.uv,false,true,false,false,true
def.16.UnaryOperatorLoweringPanicCheck,HelloUltraviolet::Audit,acceptedProjectFixturesBuildAndExerciseArtifactObligations,Source/Audit/AcceptedProjectExecution.uv,false,true,false,false,true
rule.16.Lower-UnOp-Ok,HelloUltraviolet::Audit,acceptedProjectFixturesBuildAndExerciseArtifactObligations,Source/Audit/AcceptedProjectExecution.uv,false,true,false,false,true
rule.16.Lower-UnOp-Panic,HelloUltraviolet::Audit,acceptedProjectFixturesBuildAndExerciseArtifactObligations,Source/Audit/AcceptedProjectExecution.uv,false,true,false,false,true
req.16.UnaryNegationLoweringOverflowChecks,HelloUltraviolet::Audit,acceptedProjectFixturesBuildAndExerciseArtifactObligations,Source/Audit/AcceptedProjectExecution.uv,false,true,false,false,true
rule.16.LowerBinaryAndRangeRemainderFamily,HelloUltraviolet::Audit,acceptedProjectFixturesBuildAndExerciseArtifactObligations,Source/Audit/AcceptedProjectExecution.uv,false,true,false,false,true
grammar.16.CastAndTransmuteExpressions,HelloUltraviolet::Reference::Expressions,runExpressionsCastsAndTransmutesReference,Source/Reference/Expressions/CastsAndTransmutes.uv,false,true,false,false,true
req.16.WidenPrefixOwnershipForCastTransmute,HelloUltraviolet::Reference::Expressions,runExpressionsCastsAndTransmutesReference,Source/Reference/Expressions/CastsAndTransmutes.uv,false,true,false,false,true
rule.16.Parse-Cast,HelloUltraviolet::Reference::Expressions,runExpressionsCastsAndTransmutesReference,Source/Reference/Expressions/CastsAndTransmutes.uv,false,true,false,false,true
rule.16.Parse-CastTail-None,HelloUltraviolet::Reference::Expressions,runExpressionsCastsAndTransmutesReference,Source/Reference/Expressions/CastsAndTransmutes.uv,false,true,false,false,true
rule.16.Parse-CastTail-As,HelloUltraviolet::Reference::Expressions,runExpressionsCastsAndTransmutesReference,Source/Reference/Expressions/CastsAndTransmutes.uv,false,true,false,false,true
rule.16.ParseTransmuteExprFamily,HelloUltraviolet::Reference::Expressions,runExpressionsCastsAndTransmutesReference,Source/Reference/Expressions/CastsAndTransmutes.uv,false,true,false,false,true
req.16.WidenParsingOwnershipForCastTransmute,HelloUltraviolet::Reference::Expressions,runExpressionsCastsAndTransmutesReference,Source/Reference/Expressions/CastsAndTransmutes.uv,false,true,false,false,true
def.16.CastTransmuteExprAst,HelloUltraviolet::Reference::Expressions,runExpressionsCastsAndTransmutesReference,Source/Reference/Expressions/CastsAndTransmutes.uv,false,true,false,false,true
req.16.WidenAstOwnershipForCastTransmute,HelloUltraviolet::Reference::Expressions,runExpressionsCastsAndTransmutesReference,Source/Reference/Expressions/CastsAndTransmutes.uv,false,true,false,false,true
rule.16.T-Cast,HelloUltraviolet::Reference::Expressions,runExpressionsCastsAndTransmutesReference,Source/Reference/Expressions/CastsAndTransmutes.uv,false,true,false,false,true
rule.16.T-Transmute,HelloUltraviolet::Reference::Expressions,runExpressionsCastsAndTransmutesReference,Source/Reference/Expressions/CastsAndTransmutes.uv,false,true,false,false,true
def.16.CastDynamicContext,HelloUltraviolet::Reference::Expressions,runExpressionsCastsAndTransmutesReference,Source/Reference/Expressions/CastsAndTransmutes.uv,false,true,false,false,true
def.16.CastRuntimeConversionHelpers,HelloUltraviolet::Reference::Expressions,castRuntimeConversionHelpersReference,Source/Reference/Expressions/CastsAndTransmutes.uv,false,true,false,false,true
rule.16.CastVal-Id,HelloUltraviolet::Reference::Expressions,runExpressionsCastsAndTransmutesReference,Source/Reference/Expressions/CastsAndTransmutes.uv,false,true,false,false,true
rule.16.CastVal-Int-Int-Signed,HelloUltraviolet::Reference::Expressions,runExpressionsCastsAndTransmutesReference,Source/Reference/Expressions/CastsAndTransmutes.uv,false,true,false,false,true
rule.16.CastVal-Int-Int-Unsigned,HelloUltraviolet::Reference::Expressions,runExpressionsCastsAndTransmutesReference,Source/Reference/Expressions/CastsAndTransmutes.uv,false,true,false,false,true
rule.16.CastVal-Int-Float,HelloUltraviolet::Reference::Expressions,runExpressionsCastsAndTransmutesReference,Source/Reference/Expressions/CastsAndTransmutes.uv,false,true,false,false,true
req.16.IntToFloatLoweringPreservesSignedness,HelloUltraviolet::Audit,acceptedProjectFixturesBuildAndExerciseArtifactObligations,Source/Audit/AcceptedProjectExecution.uv,false,true,false,false,true
rule.16.CastVal-Float-Float,HelloUltraviolet::Reference::Expressions,runExpressionsCastsAndTransmutesReference,Source/Reference/Expressions/CastsAndTransmutes.uv,false,true,false,false,true
rule.16.CastVal-Float-Int,HelloUltraviolet::Reference::Expressions,runExpressionsCastsAndTransmutesReference,Source/Reference/Expressions/CastsAndTransmutes.uv,false,true,false,false,true
rule.16.CastVal-Bool-Int,HelloUltraviolet::Reference::Expressions,runExpressionsCastsAndTransmutesReference,Source/Reference/Expressions/CastsAndTransmutes.uv,false,true,false,false,true
rule.16.CastVal-Int-Bool,HelloUltraviolet::Reference::Expressions,runExpressionsCastsAndTransmutesReference,Source/Reference/Expressions/CastsAndTransmutes.uv,false,true,false,false,true
rule.16.CastVal-Char-U32,HelloUltraviolet::Reference::Expressions,runExpressionsCastsAndTransmutesReference,Source/Reference/Expressions/CastsAndTransmutes.uv,false,true,false,false,true
rule.16.CastVal-U32-Char,HelloUltraviolet::Reference::Expressions,runExpressionsCastsAndTransmutesReference,Source/Reference/Expressions/CastsAndTransmutes.uv,false,true,false,false,true
rule.16.EvalSigma-Cast,HelloUltraviolet::Reference::Expressions,evalSigmaCastReference,Source/Reference/Expressions/CastsAndTransmutes.uv,false,true,false,false,true
def.16.TransmuteVal,HelloUltraviolet::Reference::Expressions,runExpressionsCastsAndTransmutesReference,Source/Reference/Expressions/CastsAndTransmutes.uv,false,true,false,false,true
rule.16.EvalSigma-Transmute,HelloUltraviolet::Reference::Expressions,evalSigmaTransmuteReference,Source/Reference/Expressions/CastsAndTransmutes.uv,false,true,false,false,true
rule.16.EvalSigma-Transmute-Ctrl,HelloUltraviolet::Reference::Expressions,evalSigmaTransmuteCtrlReference,Source/Reference/Expressions/CastsAndTransmutes.uv,false,true,false,false,true
req.16.WidenDynamicOwnershipForCastTransmute,HelloUltraviolet::Reference::Expressions,runExpressionsCastsAndTransmutesReference,Source/Reference/Expressions/CastsAndTransmutes.uv,false,true,false,false,true
rule.16.Lower-Expr-Cast,HelloUltraviolet::Audit,acceptedProjectFixturesBuildAndExerciseArtifactObligations,Source/Audit/AcceptedProjectExecution.uv,false,true,false,false,true
rule.16.Lower-Expr-Transmute,HelloUltraviolet::Audit,acceptedProjectFixturesBuildAndExerciseArtifactObligations,Source/Audit/AcceptedProjectExecution.uv,false,true,false,false,true
rule.16.LowerCastTransmuteFamily,HelloUltraviolet::Audit,acceptedProjectFixturesBuildAndExerciseArtifactObligations,Source/Audit/AcceptedProjectExecution.uv,false,true,false,false,true
grammar.16.ConstructionExpressions,HelloUltraviolet::Reference::Expressions,runExpressionsConstructionReference,Source/Reference/Expressions/Construction.uv,false,true,false,false,true
req.16.EnumConstructorAndRecordDefaultSyntaxResolution,HelloUltraviolet::Reference::Expressions,runExpressionsConstructionReference,Source/Reference/Expressions/Construction.uv,false,true,false,false,true
rule.16.Parse-Tuple-Literal,HelloUltraviolet::Reference::Expressions,runExpressionsConstructionReference,Source/Reference/Expressions/Construction.uv,false,true,false,false,true
rule.16.Parse-Array-Segment-Elem,HelloUltraviolet::Reference::Expressions,runExpressionsConstructionReference,Source/Reference/Expressions/Construction.uv,false,true,false,false,true
rule.16.Parse-Array-Segment-Repeat,HelloUltraviolet::Reference::Expressions,runExpressionsConstructionReference,Source/Reference/Expressions/Construction.uv,false,true,false,false,true
rule.16.Parse-Array-Segment-List-Empty,HelloUltraviolet::Reference::Expressions,runExpressionsConstructionReference,Source/Reference/Expressions/Construction.uv,false,true,false,false,true
rule.16.Parse-Array-Segment-List-Single,HelloUltraviolet::Reference::Expressions,runExpressionsConstructionReference,Source/Reference/Expressions/Construction.uv,false,true,false,false,true
rule.16.Parse-Array-Segment-List-Comma,HelloUltraviolet::Reference::Expressions,runExpressionsConstructionReference,Source/Reference/Expressions/Construction.uv,false,true,false,false,true
rule.16.Parse-Array-Literal,HelloUltraviolet::Reference::Expressions,runExpressionsConstructionReference,Source/Reference/Expressions/Construction.uv,false,true,false,false,true
rule.16.Parse-Record-Literal-ModalState,HelloUltraviolet::Reference::Expressions,runExpressionsConstructionReference,Source/Reference/Expressions/Construction.uv,false,true,false,false,true
rule.16.Parse-Record-Literal,HelloUltraviolet::Reference::Expressions,runExpressionsConstructionReference,Source/Reference/Expressions/Construction.uv,false,true,false,false,true
rule.16.Parse-Qualified-Apply-Brace,HelloUltraviolet::Reference::Expressions,runExpressionsConstructionReference,Source/Reference/Expressions/Construction.uv,false,true,false,false,true
rule.16.ConstructionListAndShorthandParsingFamily,HelloUltraviolet::Reference::Expressions,runExpressionsConstructionReference,Source/Reference/Expressions/Construction.uv,false,true,false,false,true
def.16.FieldInitAst,HelloUltraviolet::Reference::Expressions,runExpressionsConstructionReference,Source/Reference/Expressions/Construction.uv,false,true,false,false,true
def.16.ConstructionExprAst,HelloUltraviolet::Reference::Expressions,runExpressionsConstructionReference,Source/Reference/Expressions/Construction.uv,false,true,false,false,true
req.16.QualifiedBraceApplicationResolution,HelloUltraviolet::Reference::Expressions,runExpressionsConstructionReference,Source/Reference/Expressions/Construction.uv,false,true,false,false,true
req.16.QualifiedParenApplicationConstructionResolution,HelloUltraviolet::Reference::Expressions,runExpressionsConstructionReference,Source/Reference/Expressions/Construction.uv,false,true,false,false,true
rule.16.T-Unit-Literal,HelloUltraviolet::Reference::Expressions,runExpressionsConstructionReference,Source/Reference/Expressions/Construction.uv,false,true,false,false,true
rule.16.T-Tuple-Literal,HelloUltraviolet::Reference::Expressions,runExpressionsConstructionReference,Source/Reference/Expressions/Construction.uv,false,true,false,false,true
def.16.ArraySegmentLength,HelloUltraviolet::Reference::Expressions,runExpressionsConstructionReference,Source/Reference/Expressions/Construction.uv,false,true,false,false,true
rule.16.T-Array-Literal-Segments,HelloUltraviolet::Reference::Expressions,runExpressionsConstructionReference,Source/Reference/Expressions/Construction.uv,false,true,false,false,true
rule.16.EnumLiteralTypingFamily,HelloUltraviolet::Reference::Expressions,runExpressionsConstructionReference,Source/Reference/Expressions/Construction.uv,false,true,false,false,true
rule.16.T-Record-Default,HelloUltraviolet::Reference::Expressions,runExpressionsConstructionReference,Source/Reference/Expressions/Construction.uv,false,true,false,false,true
rule.16.EvalSigmaTupleConstructionFamily,HelloUltraviolet::Reference::Expressions,evalSigmaTupleConstructionFamilyReference,Source/Reference/Expressions/Construction.uv,false,true,false,false,true
rule.16.EvalSigmaArrayConstructionFamily,HelloUltraviolet::Reference::Expressions,evalSigmaArrayConstructionFamilyReference,Source/Reference/Expressions/Construction.uv,false,true,false,false,true
rule.16.EvalSigmaRecordConstructionFamily,HelloUltraviolet::Reference::Expressions,evalSigmaRecordConstructionFamilyReference,Source/Reference/Expressions/Construction.uv,false,true,false,false,true
rule.16.EvalSigmaEnumConstructionFamily,HelloUltraviolet::Reference::Expressions,evalSigmaEnumConstructionFamilyReference,Source/Reference/Expressions/Construction.uv,false,true,false,false,true
req.16.RecordDefaultConstructionRuntimeUsesCallRecord,HelloUltraviolet::Reference::Expressions,recordDefaultConstructionRuntimeUsesCallRecordReference,Source/Reference/Expressions/Construction.uv,false,true,false,false,true
grammar.16.ControlExpressions,HelloUltraviolet::Reference::Expressions,runExpressionsControlSurfaceReference,Source/Reference/Expressions/Control.uv,false,true,false,false,true
req.16.ControlExpressionOwnership,HelloUltraviolet::Reference::Expressions,runExpressionsControlSurfaceReference,Source/Reference/Expressions/Control.uv,false,true,false,false,true
rule.16.Parse-If-Expr,HelloUltraviolet::Reference::Expressions,runExpressionsIfControlReference,Source/Reference/Expressions/Control.uv,false,true,false,false,true
rule.16.Parse-If-Is-Single,HelloUltraviolet::Reference::Expressions,runExpressionsControlReference,Source/Reference/Expressions/Control.uv,false,true,false,false,true
rule.16.Parse-If-Is-TypeTest,HelloUltraviolet::Reference::Expressions,runExpressionsControlReference,Source/Reference/Expressions/Control.uv,false,true,false,false,true
rule.16.Parse-If-Is-CaseList,HelloUltraviolet::Reference::Expressions,runExpressionsControlReference,Source/Reference/Expressions/Control.uv,false,true,false,false,true
rule.16.Parse-Loop-Expr,HelloUltraviolet::Reference::Expressions,runExpressionsLoopControlReference,Source/Reference/Expressions/Control.uv,false,true,false,false,true
rule.16.Parse-Block-Expr,HelloUltraviolet::Reference::Expressions,runExpressionsBlockControlReference,Source/Reference/Expressions/Control.uv,false,true,false,false,true
rule.16.ControlExpressionParsingRemainderFamily,HelloUltraviolet::Reference::Expressions,runExpressionsControlSurfaceReference,Source/Reference/Expressions/Control.uv,false,true,false,false,true
def.16.ControlExprAst,HelloUltraviolet::Reference::Expressions,runExpressionsControlSurfaceReference,Source/Reference/Expressions/Control.uv,false,true,false,false,true
def.16.ControlAstHelpers,HelloUltraviolet::Reference::Expressions,runExpressionsControlSurfaceReference,Source/Reference/Expressions/Control.uv,false,true,false,false,true
def.16.LoopTypeInference,HelloUltraviolet::Reference::Expressions,runExpressionsLoopControlReference,Source/Reference/Expressions/Control.uv,false,true,false,false,true
req.16.BlockTypingOwnershipForControlExpressions,HelloUltraviolet::Reference::Expressions,runExpressionsBlockControlReference,Source/Reference/Expressions/Control.uv,false,true,false,false,true
rule.16.T-If,HelloUltraviolet::Reference::Expressions,runExpressionsControlReference,Source/Reference/Expressions/Control.uv,false,true,false,false,true
rule.16.T-If-No-Else,HelloUltraviolet::Reference::Expressions,runExpressionsIfControlReference,Source/Reference/Expressions/Control.uv,false,true,false,false,true
rule.16.CheckIfFamily,HelloUltraviolet::Reference::Expressions,runExpressionsIfControlReference,Source/Reference/Expressions/Control.uv,false,true,false,false,true
req.16.PatternTypingOwnershipForControlExpressions,HelloUltraviolet::Reference::Expressions,runExpressionsIfCaseControlReference,Source/Reference/Expressions/Control.uv,false,true,false,false,true
rule.16.T-If-Is,HelloUltraviolet::Reference::Expressions,runExpressionsControlReference,Source/Reference/Expressions/Control.uv,false,true,false,false,true
rule.16.T-If-Is-No-Else,HelloUltraviolet::Reference::Expressions,runExpressionsIfIsControlReference,Source/Reference/Expressions/Control.uv,false,true,false,false,true
rule.16.IfCaseTypingFamily,HelloUltraviolet::Reference::Expressions,runExpressionsIfCaseControlReference,Source/Reference/Expressions/Control.uv,false,true,false,false,true
rule.16.CheckIfIsAndIfCaseFamily,HelloUltraviolet::Reference::Expressions,runExpressionsIfCaseControlReference,Source/Reference/Expressions/Control.uv,false,true,false,false,true
req.16.LoopInvariantTypingOwnership,HelloUltraviolet::Reference::Expressions,runExpressionsLoopControlReference,Source/Reference/Expressions/Control.uv,false,true,false,false,true
rule.16.T-Loop-Infinite,HelloUltraviolet::Reference::Expressions,runExpressionsLoopControlReference,Source/Reference/Expressions/Control.uv,false,true,false,false,true
rule.16.T-Loop-Conditional,HelloUltraviolet::Reference::Expressions,runExpressionsControlReference,Source/Reference/Expressions/Control.uv,false,true,false,false,true
rule.16.T-Loop-Iter,HelloUltraviolet::Reference::Expressions,runExpressionsIteratorLoopControlReference,Source/Reference/Expressions/Control.uv,false,true,false,false,true
rule.16.EvalSigma-If-True,HelloUltraviolet::Reference::Expressions,runExpressionsEvalSigmaIfTrueReference,Source/Reference/Expressions/Control.uv,false,true,false,false,true
rule.16.EvalSigma-If-False-None,HelloUltraviolet::Reference::Expressions,runExpressionsIfControlReference,Source/Reference/Expressions/Control.uv,false,true,false,false,true
rule.16.EvalSigma-If-False-Some,HelloUltraviolet::Reference::Expressions,runExpressionsIfControlReference,Source/Reference/Expressions/Control.uv,false,true,false,false,true
rule.16.EvalSigma-If-Ctrl,HelloUltraviolet::Reference::Expressions,runExpressionsIfControlReference,Source/Reference/Expressions/Control.uv,false,true,false,false,true
rule.16.EvalSigma-If-Is,HelloUltraviolet::Reference::Expressions,runExpressionsEvalSigmaIfIsReference,Source/Reference/Expressions/Control.uv,false,true,false,false,true
rule.16.EvalSigma-If-Is-Ctrl,HelloUltraviolet::Reference::Expressions,runExpressionsIfIsControlReference,Source/Reference/Expressions/Control.uv,false,true,false,false,true
rule.16.EvalSigma-If-Cases,HelloUltraviolet::Reference::Expressions,runExpressionsEvalSigmaIfCasesReference,Source/Reference/Expressions/Control.uv,false,true,false,false,true
rule.16.EvalSigma-If-Cases-Ctrl,HelloUltraviolet::Reference::Expressions,runExpressionsIfCaseControlReference,Source/Reference/Expressions/Control.uv,false,true,false,false,true
rule.16.EvalIfCasesFamily,HelloUltraviolet::Reference::Expressions,runExpressionsIfCaseControlReference,Source/Reference/Expressions/Control.uv,false,true,false,false,true
rule.16.EvalSigma-Block,HelloUltraviolet::Reference::Expressions,runExpressionsBlockControlReference,Source/Reference/Expressions/Control.uv,false,true,false,false,true
def.16.LoopIterableTypePredicates,HelloUltraviolet::Reference::Expressions,runExpressionsIteratorLoopControlReference,Source/Reference/Expressions/Control.uv,false,true,false,false,true
def.16.LoopIteratorRuntime,HelloUltraviolet::Reference::Expressions,runExpressionsIteratorLoopControlReference,Source/Reference/Expressions/Control.uv,false,true,false,false,true
def.16.LoopIterJudgement,HelloUltraviolet::Reference::Expressions,runExpressionsIteratorLoopControlReference,Source/Reference/Expressions/Control.uv,false,true,false,false,true
rule.16.EvalSigma-Loop-Infinite-Step,HelloUltraviolet::Reference::Expressions,runExpressionsLoopControlReference,Source/Reference/Expressions/Control.uv,false,true,false,false,true
rule.16.EvalSigma-Loop-Infinite-Continue,HelloUltraviolet::Reference::Expressions,runExpressionsLoopControlReference,Source/Reference/Expressions/Control.uv,false,true,false,false,true
rule.16.EvalSigma-Loop-Infinite-Break,HelloUltraviolet::Reference::Expressions,runExpressionsLoopControlReference,Source/Reference/Expressions/Control.uv,false,true,false,false,true
rule.16.EvalSigma-Loop-Infinite-Ctrl,HelloUltraviolet::Reference::Expressions,runExpressionsLoopControlReference,Source/Reference/Expressions/Control.uv,false,true,false,false,true
rule.16.EvalSigma-Loop-Cond-False,HelloUltraviolet::Reference::Expressions,runExpressionsLoopControlReference,Source/Reference/Expressions/Control.uv,false,true,false,false,true
rule.16.EvalSigma-Loop-Cond-True-Step,HelloUltraviolet::Reference::Expressions,runExpressionsLoopControlReference,Source/Reference/Expressions/Control.uv,false,true,false,false,true
rule.16.EvalSigma-Loop-Cond-Continue,HelloUltraviolet::Reference::Expressions,runExpressionsLoopControlReference,Source/Reference/Expressions/Control.uv,false,true,false,false,true
rule.16.EvalSigma-Loop-Cond-Break,HelloUltraviolet::Reference::Expressions,runExpressionsEvalSigmaLoopCondBreakReference,Source/Reference/Expressions/Control.uv,false,true,false,false,true
rule.16.EvalSigma-Loop-Cond-Ctrl,HelloUltraviolet::Reference::Expressions,runExpressionsLoopControlReference,Source/Reference/Expressions/Control.uv,false,true,false,false,true
rule.16.EvalSigma-Loop-Cond-Body-Ctrl,HelloUltraviolet::Reference::Expressions,runExpressionsLoopControlReference,Source/Reference/Expressions/Control.uv,false,true,false,false,true
rule.16.EvalSigma-Loop-Iter,HelloUltraviolet::Reference::Expressions,runExpressionsIteratorLoopControlReference,Source/Reference/Expressions/Control.uv,false,true,false,false,true
rule.16.EvalSigma-Loop-Iter-Ctrl,HelloUltraviolet::Reference::Expressions,runExpressionsIteratorLoopControlReference,Source/Reference/Expressions/Control.uv,false,true,false,false,true
rule.16.LoopIter-Done,HelloUltraviolet::Reference::Expressions,runExpressionsIteratorLoopControlReference,Source/Reference/Expressions/Control.uv,false,true,false,false,true
rule.16.LoopIter-Step-Val,HelloUltraviolet::Reference::Expressions,runExpressionsIteratorLoopControlReference,Source/Reference/Expressions/Control.uv,false,true,false,false,true
rule.16.LoopIter-Step-Continue,HelloUltraviolet::Reference::Expressions,runExpressionsIteratorLoopControlReference,Source/Reference/Expressions/Control.uv,false,true,false,false,true
rule.16.LoopIter-Step-Break,HelloUltraviolet::Reference::Expressions,runExpressionsIteratorLoopControlReference,Source/Reference/Expressions/Control.uv,false,true,false,false,true
rule.16.LoopIter-Step-Ctrl,HelloUltraviolet::Reference::Expressions,runExpressionsIteratorLoopControlReference,Source/Reference/Expressions/Control.uv,false,true,false,false,true
rule.16.Lower-Expr-If,HelloUltraviolet::Audit,acceptedProjectFixturesBuildAndExerciseArtifactObligations,Source/Audit/AcceptedProjectExecution.uv,false,true,false,false,true
rule.16.Lower-Expr-If-Is,HelloUltraviolet::Audit,acceptedProjectFixturesBuildAndExerciseArtifactObligations,Source/Audit/AcceptedProjectExecution.uv,false,true,false,false,true
rule.16.Lower-Expr-If-Cases,HelloUltraviolet::Audit,acceptedProjectFixturesBuildAndExerciseArtifactObligations,Source/Audit/AcceptedProjectExecution.uv,false,true,false,false,true
rule.16.LowerLoopExpressionFamily,HelloUltraviolet::Reference::Expressions,runExpressionsLoopControlReference,Source/Reference/Expressions/Control.uv,false,true,false,false,true
rule.16.Lower-Expr-Block,HelloUltraviolet::Reference::Expressions,runExpressionsBlockControlReference,Source/Reference/Expressions/Control.uv,false,true,false,false,true
req.16.ControlExpressionLoweringOwnership,HelloUltraviolet::Reference::Expressions,runExpressionsControlSurfaceReference,Source/Reference/Expressions/Control.uv,false,true,false,false,true
rule.16.Parse-Unary-Copy,HelloUltraviolet::Reference::Expressions,runExpressionsEffectfulCoreReference,Source/Reference/Expressions/EffectfulCore.uv,false,true,false,false,true
rule.16.T-Copy,HelloUltraviolet::Reference::Expressions,runExpressionsEffectfulCoreReference,Source/Reference/Expressions/EffectfulCore.uv,false,true,false,false,true
rule.16.EvalSigma-UnsafeBlock,HelloUltraviolet::Reference::Expressions,evalSigmaUnsafeBlockReference,Source/Reference/Expressions/EffectfulCore.uv,false,true,false,false,true
rule.16.EvalSigma-AddressOf,HelloUltraviolet::Reference::Expressions,evalSigmaAddressOfReference,Source/Reference/Expressions/EffectfulCore.uv,false,true,false,false,true
rule.16.EvalSigma-Deref,HelloUltraviolet::Reference::Expressions,evalSigmaDerefReference,Source/Reference/Expressions/EffectfulCore.uv,false,true,false,false,true
rule.16.EvalSigma-Move,HelloUltraviolet::Reference::Expressions,evalSigmaMoveReference,Source/Reference/Expressions/EffectfulCore.uv,false,true,false,false,true
rule.16.EvalSigma-Copy,HelloUltraviolet::Reference::Expressions,evalSigmaCopyReference,Source/Reference/Expressions/EffectfulCore.uv,false,true,false,false,true
rule.16.EvalSigma-Alloc-Implicit,HelloUltraviolet::Reference::Expressions,evalSigmaAllocImplicitReference,Source/Reference/Expressions/EffectfulCore.uv,false,true,false,false,true
rule.16.EvalSigma-Alloc-Implicit-Ctrl,HelloUltraviolet::Reference::Expressions,evalSigmaAllocImplicitCtrlReference,Source/Reference/Expressions/EffectfulCore.uv,false,true,false,false,true
rule.16.EvalSigma-Alloc-Explicit,HelloUltraviolet::Reference::Expressions,evalSigmaAllocExplicitReference,Source/Reference/Expressions/EffectfulCore.uv,false,true,false,false,true
rule.16.EvalSigma-Alloc-Explicit-Ctrl,HelloUltraviolet::Reference::Expressions,evalSigmaAllocExplicitCtrlReference,Source/Reference/Expressions/EffectfulCore.uv,false,true,false,false,true
rule.16.EvalSigma-Propagate-Success,HelloUltraviolet::Reference::Expressions,evalSigmaPropagateSuccessReference,Source/Reference/Expressions/EffectfulCore.uv,false,true,false,false,true
rule.16.EvalSigma-Propagate-Success-Async,HelloUltraviolet::Reference::Expressions,evalSigmaPropagateSuccessAsyncReference,Source/Reference/Expressions/EffectfulCore.uv,false,true,false,false,true
rule.16.EvalSigma-Propagate-Error,HelloUltraviolet::Reference::Expressions,evalSigmaPropagateErrorReference,Source/Reference/Expressions/EffectfulCore.uv,false,true,false,false,true
rule.16.EvalSigma-Propagate-Error-Async,HelloUltraviolet::Reference::Expressions,evalSigmaPropagateErrorAsyncReference,Source/Reference/Expressions/EffectfulCore.uv,false,true,false,false,true
rule.16.EvalSigma-Propagate-Ctrl,HelloUltraviolet::Reference::Expressions,evalSigmaPropagateCtrlReference,Source/Reference/Expressions/EffectfulCore.uv,false,true,false,false,true
def.16.ExprStateAndTerminalExpr,HelloUltraviolet::Reference::Expressions,exprStateAndTerminalExprReference,Source/Reference/Expressions/EffectfulCore.uv,false,true,false,false,true
rule.16.StepSigma-Pure,HelloUltraviolet::Reference::Expressions,stepSigmaPureReference,Source/Reference/Expressions/EffectfulCore.uv,false,true,false,false,true
rule.16.StepSigma-Alloc-Implicit,HelloUltraviolet::Reference::Expressions,stepSigmaAllocImplicitReference,Source/Reference/Expressions/EffectfulCore.uv,false,true,false,false,true
rule.16.StepSigma-Alloc-Implicit-Ctrl,HelloUltraviolet::Reference::Expressions,stepSigmaAllocImplicitCtrlReference,Source/Reference/Expressions/EffectfulCore.uv,false,true,false,false,true
rule.16.StepSigma-Alloc-Explicit,HelloUltraviolet::Reference::Expressions,stepSigmaAllocExplicitReference,Source/Reference/Expressions/EffectfulCore.uv,false,true,false,false,true
rule.16.StepSigma-Alloc-Explicit-Ctrl,HelloUltraviolet::Reference::Expressions,stepSigmaAllocExplicitCtrlReference,Source/Reference/Expressions/EffectfulCore.uv,false,true,false,false,true
rule.16.StepSigma-Block,HelloUltraviolet::Reference::Expressions,stepSigmaBlockReference,Source/Reference/Expressions/EffectfulCore.uv,false,true,false,false,true
rule.16.StepSigma-UnsafeBlock,HelloUltraviolet::Reference::Expressions,stepSigmaUnsafeBlockReference,Source/Reference/Expressions/EffectfulCore.uv,false,true,false,false,true
rule.16.StepSigma-Loop,HelloUltraviolet::Reference::Expressions,stepSigmaLoopReference,Source/Reference/Expressions/EffectfulCore.uv,false,true,false,false,true
rule.16.StepSigma-Stateful-Other,HelloUltraviolet::Reference::Expressions,stepSigmaStatefulOtherReference,Source/Reference/Expressions/EffectfulCore.uv,false,true,false,false,true
rule.16.Lower-Expr-Copy,HelloUltraviolet::Reference::Expressions,runExpressionsEffectfulCoreReference,Source/Reference/Expressions/EffectfulCore.uv,false,true,false,false,true
grammar.16.ClosureAndPipelineExpressions,HelloUltraviolet::Reference::Expressions,runExpressionsClosuresAndPipelinesReference,Source/Reference/Expressions/ClosuresAndPipelines.uv,false,true,false,false,true
req.16.ClosureParamTrailingComma,HelloUltraviolet::Reference::Expressions,runExpressionsClosuresAndPipelinesReference,Source/Reference/Expressions/ClosuresAndPipelines.uv,false,true,false,false,true
req.16.ClosureUnionParamParentheses,HelloUltraviolet::Reference::Expressions,runExpressionsClosuresAndPipelinesReference,Source/Reference/Expressions/ClosuresAndPipelines.uv,false,true,false,false,true
req.16.ClosureInvocationOrdinaryCallSyntax,HelloUltraviolet::Reference::Expressions,runExpressionsClosuresAndPipelinesReference,Source/Reference/Expressions/ClosuresAndPipelines.uv,false,true,false,false,true
rule.16.Parse-Pipeline,HelloUltraviolet::Reference::Expressions,runExpressionsClosuresAndPipelinesReference,Source/Reference/Expressions/ClosuresAndPipelines.uv,false,true,false,false,true
rule.16.Parse-PipelineTail-Stop,HelloUltraviolet::Reference::Expressions,runExpressionsClosuresAndPipelinesReference,Source/Reference/Expressions/ClosuresAndPipelines.uv,false,true,false,false,true
rule.16.Parse-PipelineTail-Cons,HelloUltraviolet::Reference::Expressions,runExpressionsClosuresAndPipelinesReference,Source/Reference/Expressions/ClosuresAndPipelines.uv,false,true,false,false,true
rule.16.Parse-Closure-Expr,HelloUltraviolet::Reference::Expressions,runExpressionsClosuresAndPipelinesReference,Source/Reference/Expressions/ClosuresAndPipelines.uv,false,true,false,false,true
rule.16.Parse-Closure-Expr-Empty,HelloUltraviolet::Reference::Expressions,runExpressionsClosuresAndPipelinesReference,Source/Reference/Expressions/ClosuresAndPipelines.uv,false,true,false,false,true
rule.16.Parse-ClosureParams-Single,HelloUltraviolet::Reference::Expressions,runExpressionsClosuresAndPipelinesReference,Source/Reference/Expressions/ClosuresAndPipelines.uv,false,true,false,false,true
rule.16.Parse-ClosureParams-Cons,HelloUltraviolet::Reference::Expressions,runExpressionsClosuresAndPipelinesReference,Source/Reference/Expressions/ClosuresAndPipelines.uv,false,true,false,false,true
rule.16.Parse-ClosureParamType-Grouped,HelloUltraviolet::Reference::Expressions,runExpressionsClosuresAndPipelinesReference,Source/Reference/Expressions/ClosuresAndPipelines.uv,false,true,false,false,true
rule.16.Parse-ClosureParamType-Plain,HelloUltraviolet::Reference::Expressions,runExpressionsClosuresAndPipelinesReference,Source/Reference/Expressions/ClosuresAndPipelines.uv,false,true,false,false,true
rule.16.Parse-ClosureParam-MoveTyped,HelloUltraviolet::Reference::Expressions,runExpressionsClosuresAndPipelinesReference,Source/Reference/Expressions/ClosuresAndPipelines.uv,false,true,false,false,true
rule.16.Parse-ClosureParam-MoveUntyped,HelloUltraviolet::Reference::Expressions,runExpressionsClosuresAndPipelinesReference,Source/Reference/Expressions/ClosuresAndPipelines.uv,false,true,false,false,true
rule.16.Parse-ClosureParam-Typed,HelloUltraviolet::Reference::Expressions,runExpressionsClosuresAndPipelinesReference,Source/Reference/Expressions/ClosuresAndPipelines.uv,false,true,false,false,true
rule.16.Parse-ClosureParam-Untyped,HelloUltraviolet::Reference::Expressions,runExpressionsClosuresAndPipelinesReference,Source/Reference/Expressions/ClosuresAndPipelines.uv,false,true,false,false,true
rule.16.Parse-ClosureRetOpt-Some,HelloUltraviolet::Reference::Expressions,runExpressionsClosuresAndPipelinesReference,Source/Reference/Expressions/ClosuresAndPipelines.uv,false,true,false,false,true
rule.16.Parse-ClosureRetOpt-None,HelloUltraviolet::Reference::Expressions,runExpressionsClosuresAndPipelinesReference,Source/Reference/Expressions/ClosuresAndPipelines.uv,false,true,false,false,true
rule.16.Parse-ClosureBody-Block,HelloUltraviolet::Reference::Expressions,runExpressionsClosuresAndPipelinesReference,Source/Reference/Expressions/ClosuresAndPipelines.uv,false,true,false,false,true
rule.16.Parse-ClosureBody-Expr,HelloUltraviolet::Reference::Expressions,runExpressionsClosuresAndPipelinesReference,Source/Reference/Expressions/ClosuresAndPipelines.uv,false,true,false,false,true
def.16.ClosurePipelineAstForms,HelloUltraviolet::Reference::Expressions,runExpressionsClosuresAndPipelinesReference,Source/Reference/Expressions/ClosuresAndPipelines.uv,false,true,false,false,true
def.16.ClosureCaptureSets,HelloUltraviolet::Reference::Expressions,runExpressionsClosuresAndPipelinesReference,Source/Reference/Expressions/ClosuresAndPipelines.uv,false,true,false,false,true
def.16.ClosureEscapeClassification,HelloUltraviolet::Reference::Expressions,runExpressionsClosuresAndPipelinesReference,Source/Reference/Expressions/ClosuresAndPipelines.uv,false,true,false,false,true
def.16.ClosureParameterAccessors,HelloUltraviolet::Reference::Expressions,runExpressionsClosuresAndPipelinesReference,Source/Reference/Expressions/ClosuresAndPipelines.uv,false,true,false,false,true
rule.16.T-Closure-NonCapturing,HelloUltraviolet::Reference::Expressions,runExpressionsClosuresAndPipelinesReference,Source/Reference/Expressions/ClosuresAndPipelines.uv,false,true,false,false,true
rule.16.T-Closure-Capturing,HelloUltraviolet::Reference::Expressions,runExpressionsClosuresAndPipelinesReference,Source/Reference/Expressions/ClosuresAndPipelines.uv,false,true,false,false,true
rule.16.T-Closure-Escaping,HelloUltraviolet::Reference::Expressions,runExpressionsClosuresAndPipelinesReference,Source/Reference/Expressions/ClosuresAndPipelines.uv,false,true,false,false,true
rule.16.K-Closure-Escape-Type,HelloUltraviolet::Reference::Expressions,runExpressionsClosuresAndPipelinesReference,Source/Reference/Expressions/ClosuresAndPipelines.uv,false,true,false,false,true
rule.16.Capture-Const,HelloUltraviolet::Reference::Expressions,runExpressionsClosuresAndPipelinesReference,Source/Reference/Expressions/ClosuresAndPipelines.uv,false,true,false,false,true
rule.16.Capture-Shared,HelloUltraviolet::Reference::Expressions,runExpressionsClosuresAndPipelinesReference,Source/Reference/Expressions/ClosuresAndPipelines.uv,false,true,false,false,true
rule.16.T-ClosureCall,HelloUltraviolet::Reference::Expressions,runExpressionsClosuresAndPipelinesReference,Source/Reference/Expressions/ClosuresAndPipelines.uv,false,true,false,false,true
rule.16.Infer-Closure-Params,HelloUltraviolet::Reference::Expressions,runExpressionsClosuresAndPipelinesReference,Source/Reference/Expressions/ClosuresAndPipelines.uv,false,true,false,false,true
rule.16.Infer-Closure-Return,HelloUltraviolet::Reference::Expressions,runExpressionsClosuresAndPipelinesReference,Source/Reference/Expressions/ClosuresAndPipelines.uv,false,true,false,false,true
req.16.ClosureSharedDependencyInference,HelloUltraviolet::Reference::Expressions,runExpressionsClosuresAndPipelinesReference,Source/Reference/Expressions/ClosuresAndPipelines.uv,false,true,false,false,true
def.16.ClosureCaptureBindingAccessors,HelloUltraviolet::Reference::Expressions,runExpressionsClosuresAndPipelinesReference,Source/Reference/Expressions/ClosuresAndPipelines.uv,false,true,false,false,true
rule.16.B-Closure-NonCapturing,HelloUltraviolet::Reference::Expressions,runExpressionsClosuresAndPipelinesReference,Source/Reference/Expressions/ClosuresAndPipelines.uv,false,true,false,false,true
rule.16.B-Closure-Capturing,HelloUltraviolet::Reference::Expressions,runExpressionsClosuresAndPipelinesReference,Source/Reference/Expressions/ClosuresAndPipelines.uv,false,true,false,false,true
rule.16.T-Pipeline,HelloUltraviolet::Reference::Expressions,runExpressionsClosuresAndPipelinesReference,Source/Reference/Expressions/ClosuresAndPipelines.uv,false,true,false,false,true
rule.16.B-Pipeline,HelloUltraviolet::Reference::Expressions,runExpressionsClosuresAndPipelinesReference,Source/Reference/Expressions/ClosuresAndPipelines.uv,false,true,false,false,true
req.16.ClosureSharedDependencyInferenceRestated,HelloUltraviolet::Reference::Expressions,runExpressionsClosuresAndPipelinesReference,Source/Reference/Expressions/ClosuresAndPipelines.uv,false,true,false,false,true
def.16.ClosureEnvironmentRuntimeModel,HelloUltraviolet::Audit,artifactProjectEmitLlExercise,Fixtures/ArtifactProjects/EmitLlLibrary/Source/Library.uv,false,true,false,false,true
rule.16.EvalSigma-Closure-NonCapturing,HelloUltraviolet::Audit,artifactProjectExecutableExercise,Fixtures/ArtifactProjects/ExecutableOutput/Source/Main.uv,false,true,false,false,true
rule.16.EvalSigma-Closure-Capturing,HelloUltraviolet::Audit,artifactProjectExecutableExercise,Fixtures/ArtifactProjects/ExecutableOutput/Source/Main.uv,false,true,false,false,true
def.16.MarkMoved,HelloUltraviolet::Reference::Expressions,runExpressionsClosuresAndPipelinesReference,Source/Reference/Expressions/ClosuresAndPipelines.uv,false,true,false,false,true
rule.16.EvalSigma-ClosureCall,HelloUltraviolet::Audit,artifactProjectExecutableExercise,Fixtures/ArtifactProjects/ExecutableOutput/Source/Main.uv,false,true,false,false,true
def.16.ClosureCallRuntimeHelpers,HelloUltraviolet::Audit,artifactProjectExecutableExercise,Fixtures/ArtifactProjects/ExecutableOutput/Source/Main.uv,false,true,false,false,true
rule.16.EvalSigma-ClosureCall-Ctrl,HelloUltraviolet::Audit,artifactProjectExecutableExercise,Fixtures/ArtifactProjects/ExecutableOutput/Source/Main.uv,false,true,false,false,true
rule.16.EvalSigma-ClosureCall-Ctrl-Args,HelloUltraviolet::Audit,artifactProjectExecutableExercise,Fixtures/ArtifactProjects/ExecutableOutput/Source/Main.uv,false,true,false,false,true
req.16.ClosureCallResolvedInternalFormRuntime,HelloUltraviolet::Audit,artifactProjectExecutableExercise,Fixtures/ArtifactProjects/ExecutableOutput/Source/Main.uv,false,true,false,false,true
req.16.PipelineDesugaring,HelloUltraviolet::Reference::Expressions,runExpressionsClosuresAndPipelinesReference,Source/Reference/Expressions/ClosuresAndPipelines.uv,false,true,false,false,true
rule.16.EvalSigma-Pipeline-Func,HelloUltraviolet::Audit,artifactProjectExecutableExercise,Fixtures/ArtifactProjects/ExecutableOutput/Source/Main.uv,false,true,false,false,true
rule.16.EvalSigma-Pipeline-Closure,HelloUltraviolet::Audit,artifactProjectExecutableExercise,Fixtures/ArtifactProjects/ExecutableOutput/Source/Main.uv,false,true,false,false,true
rule.16.EvalSigma-Pipeline-Ctrl-Left,HelloUltraviolet::Audit,artifactProjectExecutableExercise,Fixtures/ArtifactProjects/ExecutableOutput/Source/Main.uv,false,true,false,false,true
rule.16.EvalSigma-Pipeline-Ctrl-Right,HelloUltraviolet::Audit,artifactProjectExecutableExercise,Fixtures/ArtifactProjects/ExecutableOutput/Source/Main.uv,false,true,false,false,true
def.16.ClosureLoweringCaptureTypes,HelloUltraviolet::Audit,artifactProjectEmitLlExercise,Fixtures/ArtifactProjects/EmitLlLibrary/Source/Library.uv,false,true,false,false,true
rule.16.Layout-ClosureEnv,HelloUltraviolet::Audit,artifactProjectEmitLlExercise,Fixtures/ArtifactProjects/EmitLlLibrary/Source/Library.uv,false,true,false,false,true
rule.16.Layout-ClosureEnv-Empty,HelloUltraviolet::Audit,artifactProjectEmitLlExercise,Fixtures/ArtifactProjects/EmitLlLibrary/Source/Library.uv,false,true,false,false,true
rule.16.Lower-Expr-Closure-NonCapturing,HelloUltraviolet::Audit,artifactProjectEmitLlExercise,Fixtures/ArtifactProjects/EmitLlLibrary/Source/Library.uv,false,true,false,false,true
rule.16.Lower-Expr-Closure-Capturing,HelloUltraviolet::Audit,artifactProjectEmitLlExercise,Fixtures/ArtifactProjects/EmitLlLibrary/Source/Library.uv,false,true,false,false,true
def.16.LowerCaptureEnv,HelloUltraviolet::Audit,artifactProjectEmitLlExercise,Fixtures/ArtifactProjects/EmitLlLibrary/Source/Library.uv,false,true,false,false,true
def.16.CapturedIdentifierLoweringHelpers,HelloUltraviolet::Audit,artifactProjectEmitLlExercise,Fixtures/ArtifactProjects/EmitLlLibrary/Source/Library.uv,false,true,false,false,true
rule.16.Lower-CapturedIdent-Ref,HelloUltraviolet::Audit,artifactProjectEmitLlExercise,Fixtures/ArtifactProjects/EmitLlLibrary/Source/Library.uv,false,true,false,false,true
req.16.LowerCapturedIdentRefTemporaries,HelloUltraviolet::Audit,artifactProjectEmitLlExercise,Fixtures/ArtifactProjects/EmitLlLibrary/Source/Library.uv,false,true,false,false,true
rule.16.Lower-CapturedIdent-Move,HelloUltraviolet::Audit,artifactProjectEmitLlExercise,Fixtures/ArtifactProjects/EmitLlLibrary/Source/Library.uv,false,true,false,false,true
def.16.ClosureEnvParam,HelloUltraviolet::Audit,artifactProjectEmitLlExercise,Fixtures/ArtifactProjects/EmitLlLibrary/Source/Library.uv,false,true,false,false,true
def.16.ClosureCodeSig,HelloUltraviolet::Audit,artifactProjectEmitLlExercise,Fixtures/ArtifactProjects/EmitLlLibrary/Source/Library.uv,false,true,false,false,true
rule.16.Lower-Closure-Call,HelloUltraviolet::Audit,artifactProjectEmitLlExercise,Fixtures/ArtifactProjects/EmitLlLibrary/Source/Library.uv,false,true,false,false,true
req.16.LowerClosureCallResolvedInternalForm,HelloUltraviolet::Audit,artifactProjectEmitLlExercise,Fixtures/ArtifactProjects/EmitLlLibrary/Source/Library.uv,false,true,false,false,true
rule.16.Lower-Expr-Pipeline,HelloUltraviolet::Audit,artifactProjectEmitLlExercise,Fixtures/ArtifactProjects/EmitLlLibrary/Source/Library.uv,false,true,false,false,true
def.16.LowerPipelineCallablePredicates,HelloUltraviolet::Audit,artifactProjectEmitLlExercise,Fixtures/ArtifactProjects/EmitLlLibrary/Source/Library.uv,false,true,false,false,true
grammar.17.BasicPatterns,HelloUltraviolet::Reference::Patterns,runPatternsBasicPatternsReference,Source/Reference/Patterns/BasicPatterns.uv,false,true,false,false,true
rule.17.Parse-Pattern-Literal,HelloUltraviolet::Reference::Patterns,runPatternsBasicPatternsReference,Source/Reference/Patterns/BasicPatterns.uv,false,true,false,false,true
rule.17.Parse-Pattern-Wildcard,HelloUltraviolet::Reference::Patterns,runPatternsBasicPatternsReference,Source/Reference/Patterns/BasicPatterns.uv,false,true,false,false,true
rule.17.Parse-Pattern-Identifier,HelloUltraviolet::Reference::Patterns,runPatternsBasicPatternsReference,Source/Reference/Patterns/BasicPatterns.uv,false,true,false,false,true
rule.17.Parse-Pattern-Typed,HelloUltraviolet::Reference::Patterns,runPatternsBasicPatternsReference,Source/Reference/Patterns/BasicPatterns.uv,false,true,false,false,true
def.17.PatternAstForms,HelloUltraviolet::Reference::Patterns,runPatternsBasicPatternsReference,Source/Reference/Patterns/BasicPatterns.uv,false,true,false,false,true
def.17.PatternJudgements,HelloUltraviolet::Reference::Patterns,runPatternsBasicPatternsReference,Source/Reference/Patterns/BasicPatterns.uv,false,true,false,false,true
def.17.PermWrap,HelloUltraviolet::Reference::Patterns,runPatternsBasicPatternsReference,Source/Reference/Patterns/BasicPatterns.uv,false,true,false,false,true
rule.17.Pat-StripPerm,HelloUltraviolet::Reference::Patterns,runPatternsBasicPatternsReference,Source/Reference/Patterns/BasicPatterns.uv,false,true,false,false,true
def.17.PatternNameExtractionJudgement,HelloUltraviolet::Reference::Patterns,runPatternsBasicPatternsReference,Source/Reference/Patterns/BasicPatterns.uv,false,true,false,false,true
rule.17.Pat-Ident-Names,HelloUltraviolet::Reference::Patterns,runPatternsBasicPatternsReference,Source/Reference/Patterns/BasicPatterns.uv,false,true,false,false,true
rule.17.Pat-Wild,HelloUltraviolet::Reference::Patterns,runPatternsBasicPatternsReference,Source/Reference/Patterns/BasicPatterns.uv,false,true,false,false,true
rule.17.Pat-Lit,HelloUltraviolet::Reference::Patterns,runPatternsBasicPatternsReference,Source/Reference/Patterns/BasicPatterns.uv,false,true,false,false,true
rule.17.Pat-Typed-Discard,HelloUltraviolet::Reference::Patterns,runPatternsBasicPatternsReference,Source/Reference/Patterns/BasicPatterns.uv,false,true,false,false,true
rule.17.Pat-Typed-Ident,HelloUltraviolet::Reference::Patterns,runPatternsBasicPatternsReference,Source/Reference/Patterns/BasicPatterns.uv,false,true,false,false,true
rule.17.Pat-Wildcard-R,HelloUltraviolet::Reference::Patterns,runPatternsBasicPatternsReference,Source/Reference/Patterns/BasicPatterns.uv,false,true,false,false,true
rule.17.Pat-Ident-R,HelloUltraviolet::Reference::Patterns,runPatternsBasicPatternsReference,Source/Reference/Patterns/BasicPatterns.uv,false,true,false,false,true
rule.17.Pat-Literal-R,HelloUltraviolet::Reference::Patterns,runPatternsBasicPatternsReference,Source/Reference/Patterns/BasicPatterns.uv,false,true,false,false,true
rule.17.Pat-Typed-Exact-R,HelloUltraviolet::Reference::Patterns,runPatternsBasicPatternsReference,Source/Reference/Patterns/BasicPatterns.uv,false,true,false,false,true
rule.17.Pat-Typed-Union-R,HelloUltraviolet::Reference::Patterns,runPatternsBasicPatternsReference,Source/Reference/Patterns/BasicPatterns.uv,false,true,false,false,true
def.17.PatternBindingEnvironment,HelloUltraviolet::Audit,patternBindingEnvironmentConformanceMatches,Source/Audit/PatternLoweringConformanceExecution.uv,false,true,false,false,true
def.17.PatternMatchingJudgementAndLiteralTypes,HelloUltraviolet::Reference::Patterns,runPatternsBasicPatternsReference,Source/Reference/Patterns/BasicPatterns.uv,false,true,false,false,true
rule.17.Match-Wildcard,HelloUltraviolet::Reference::Patterns,runPatternsBasicPatternsReference,Source/Reference/Patterns/BasicPatterns.uv,false,true,false,false,true
rule.17.Match-Ident,HelloUltraviolet::Reference::Patterns,runPatternsBasicPatternsReference,Source/Reference/Patterns/BasicPatterns.uv,false,true,false,false,true
rule.17.Match-Literal,HelloUltraviolet::Reference::Patterns,runPatternsBasicPatternsReference,Source/Reference/Patterns/BasicPatterns.uv,false,true,false,false,true
rule.17.Match-Typed-Discard,HelloUltraviolet::Reference::Patterns,runPatternsBasicPatternsReference,Source/Reference/Patterns/BasicPatterns.uv,false,true,false,false,true
rule.17.Match-Typed-Ident,HelloUltraviolet::Reference::Patterns,runPatternsBasicPatternsReference,Source/Reference/Patterns/BasicPatterns.uv,false,true,false,false,true
req.17.BasicPatternLoweringShared,HelloUltraviolet::Audit,patternBasicPatternLoweringSharedConformanceMatches,Source/Audit/PatternLoweringConformanceExecution.uv,false,true,false,false,true
grammar.17.TupleRecordPatterns,HelloUltraviolet::Reference::Patterns,runPatternsTupleRecordPatternsReference,Source/Reference/Patterns/TupleRecordPatterns.uv,false,true,false,false,true
req.17.TuplePatternSingleElementSemicolon,HelloUltraviolet::Reference::Patterns,runPatternsTupleRecordPatternsReference,Source/Reference/Patterns/TupleRecordPatterns.uv,false,true,false,false,true
rule.17.Parse-Pattern-Tuple,HelloUltraviolet::Reference::Patterns,runPatternsTupleRecordPatternsReference,Source/Reference/Patterns/TupleRecordPatterns.uv,false,true,false,false,true
rule.17.Parse-Pattern-Record,HelloUltraviolet::Reference::Patterns,runPatternsTupleRecordPatternsReference,Source/Reference/Patterns/TupleRecordPatterns.uv,false,true,false,false,true
rule.17.Parse-TuplePatternElems-Empty,HelloUltraviolet::Reference::Patterns,runPatternsTupleRecordPatternsReference,Source/Reference/Patterns/TupleRecordPatterns.uv,false,true,false,false,true
rule.17.Parse-TuplePatternElems-Single,HelloUltraviolet::Reference::Patterns,runPatternsTupleRecordPatternsReference,Source/Reference/Patterns/TupleRecordPatterns.uv,false,true,false,false,true
rule.17.Parse-TuplePatternElems-Many,HelloUltraviolet::Reference::Patterns,runPatternsTupleRecordPatternsReference,Source/Reference/Patterns/TupleRecordPatterns.uv,false,true,false,false,true
rule.17.Parse-FieldPatternList-Empty,HelloUltraviolet::Reference::Patterns,runPatternsTupleRecordPatternsReference,Source/Reference/Patterns/TupleRecordPatterns.uv,false,true,false,false,true
rule.17.Parse-FieldPatternList-Cons,HelloUltraviolet::Reference::Patterns,runPatternsTupleRecordPatternsReference,Source/Reference/Patterns/TupleRecordPatterns.uv,false,true,false,false,true
rule.17.Parse-FieldPattern,HelloUltraviolet::Reference::Patterns,runPatternsTupleRecordPatternsReference,Source/Reference/Patterns/TupleRecordPatterns.uv,false,true,false,false,true
rule.17.Parse-FieldPatternTailOpt-None,HelloUltraviolet::Reference::Patterns,runPatternsTupleRecordPatternsReference,Source/Reference/Patterns/TupleRecordPatterns.uv,false,true,false,false,true
rule.17.Parse-FieldPatternTailOpt-Yes,HelloUltraviolet::Reference::Patterns,runPatternsTupleRecordPatternsReference,Source/Reference/Patterns/TupleRecordPatterns.uv,false,true,false,false,true
rule.17.Parse-FieldPatternTail-End,HelloUltraviolet::Reference::Patterns,runPatternsTupleRecordPatternsReference,Source/Reference/Patterns/TupleRecordPatterns.uv,false,true,false,false,true
rule.17.Parse-FieldPatternTail-TrailingComma,HelloUltraviolet::Reference::Patterns,runPatternsTupleRecordPatternsReference,Source/Reference/Patterns/TupleRecordPatterns.uv,false,true,false,false,true
rule.17.Parse-FieldPatternTail-Comma,HelloUltraviolet::Reference::Patterns,runPatternsTupleRecordPatternsReference,Source/Reference/Patterns/TupleRecordPatterns.uv,false,true,false,false,true
def.17.FieldPatternAstAndAccessors,HelloUltraviolet::Reference::Patterns,runPatternsTupleRecordPatternsReference,Source/Reference/Patterns/TupleRecordPatterns.uv,false,true,false,false,true
rule.17.PatNames-TuplePattern,HelloUltraviolet::Reference::Patterns,runPatternsTupleRecordPatternsReference,Source/Reference/Patterns/TupleRecordPatterns.uv,false,true,false,false,true
rule.17.Pat-Record-Field-Explicit,HelloUltraviolet::Reference::Patterns,runPatternsTupleRecordPatternsReference,Source/Reference/Patterns/TupleRecordPatterns.uv,false,true,false,false,true
rule.17.Pat-Record-Field-Implicit,HelloUltraviolet::Reference::Patterns,runPatternsTupleRecordPatternsReference,Source/Reference/Patterns/TupleRecordPatterns.uv,false,true,false,false,true
rule.17.PatNames-RecordPattern,HelloUltraviolet::Reference::Patterns,runPatternsTupleRecordPatternsReference,Source/Reference/Patterns/TupleRecordPatterns.uv,false,true,false,false,true
rule.17.Pat-Tuple-R,HelloUltraviolet::Reference::Patterns,runPatternsTupleRecordPatternsReference,Source/Reference/Patterns/TupleRecordPatterns.uv,false,true,false,false,true
rule.17.Pat-Record-R,HelloUltraviolet::Reference::Patterns,runPatternsTupleRecordPatternsReference,Source/Reference/Patterns/TupleRecordPatterns.uv,false,true,false,false,true
def.17.MatchRecordJudgement,HelloUltraviolet::Reference::Patterns,runPatternsTupleRecordPatternsReference,Source/Reference/Patterns/TupleRecordPatterns.uv,false,true,false,false,true
rule.17.MatchRecord-Empty,HelloUltraviolet::Reference::Patterns,runPatternsTupleRecordPatternsReference,Source/Reference/Patterns/TupleRecordPatterns.uv,false,true,false,false,true
rule.17.MatchRecord-Cons-Implicit,HelloUltraviolet::Reference::Patterns,runPatternsTupleRecordPatternsReference,Source/Reference/Patterns/TupleRecordPatterns.uv,false,true,false,false,true
rule.17.MatchRecord-Cons-Explicit,HelloUltraviolet::Reference::Patterns,runPatternsTupleRecordPatternsReference,Source/Reference/Patterns/TupleRecordPatterns.uv,false,true,false,false,true
rule.17.Match-Tuple,HelloUltraviolet::Reference::Patterns,runPatternsTupleRecordPatternsReference,Source/Reference/Patterns/TupleRecordPatterns.uv,false,true,false,false,true
rule.17.Match-Record,HelloUltraviolet::Reference::Patterns,runPatternsTupleRecordPatternsReference,Source/Reference/Patterns/TupleRecordPatterns.uv,false,true,false,false,true
req.17.TupleRecordPatternLoweringShared,HelloUltraviolet::Audit,patternTupleRecordPatternLoweringSharedConformanceMatches,Source/Audit/PatternLoweringConformanceExecution.uv,false,true,false,false,true
grammar.17.EnumModalPatterns,HelloUltraviolet::Reference::Patterns,runPatternsEnumModalPatternsReference,Source/Reference/Patterns/EnumModalPatterns.uv,false,true,false,false,true
req.17.EnumPayloadSingleElementTuple,HelloUltraviolet::Reference::Patterns,runPatternsEnumModalPatternsReference,Source/Reference/Patterns/EnumModalPatterns.uv,false,true,false,false,true
rule.17.Parse-Pattern-Enum,HelloUltraviolet::Reference::Patterns,runPatternsEnumModalPatternsReference,Source/Reference/Patterns/EnumModalPatterns.uv,false,true,false,false,true
rule.17.Parse-Pattern-Modal,HelloUltraviolet::Reference::Patterns,runPatternsEnumModalPatternsReference,Source/Reference/Patterns/EnumModalPatterns.uv,false,true,false,false,true
rule.17.Parse-EnumPatternPayloadOpt-None,HelloUltraviolet::Reference::Patterns,runPatternsEnumModalPatternsReference,Source/Reference/Patterns/EnumModalPatterns.uv,false,true,false,false,true
rule.17.Parse-EnumPayloadPatternElems-Empty,HelloUltraviolet::Reference::Patterns,runPatternsEnumModalPatternsReference,Source/Reference/Patterns/EnumModalPatterns.uv,false,true,false,false,true
rule.17.Parse-EnumPayloadPatternElems-One,HelloUltraviolet::Reference::Patterns,runPatternsEnumModalPatternsReference,Source/Reference/Patterns/EnumModalPatterns.uv,false,true,false,false,true
rule.17.Parse-EnumPayloadPatternElems-TrailingComma,HelloUltraviolet::Reference::Patterns,runPatternsEnumModalPatternsReference,Source/Reference/Patterns/EnumModalPatterns.uv,false,true,false,false,true
rule.17.Parse-EnumPayloadPatternElems-Many,HelloUltraviolet::Reference::Patterns,runPatternsEnumModalPatternsReference,Source/Reference/Patterns/EnumModalPatterns.uv,false,true,false,false,true
rule.17.Parse-EnumPatternPayloadOpt-Tuple,HelloUltraviolet::Reference::Patterns,runPatternsEnumModalPatternsReference,Source/Reference/Patterns/EnumModalPatterns.uv,false,true,false,false,true
rule.17.Parse-EnumPatternPayloadOpt-Record,HelloUltraviolet::Reference::Patterns,runPatternsEnumModalPatternsReference,Source/Reference/Patterns/EnumModalPatterns.uv,false,true,false,false,true
rule.17.Parse-ModalPatternPayloadOpt-None,HelloUltraviolet::Reference::Patterns,runPatternsEnumModalPatternsReference,Source/Reference/Patterns/EnumModalPatterns.uv,false,true,false,false,true
rule.17.Parse-ModalPatternPayloadOpt-Record,HelloUltraviolet::Reference::Patterns,runPatternsEnumModalPatternsReference,Source/Reference/Patterns/EnumModalPatterns.uv,false,true,false,false,true
def.17.EnumModalPayloadPatterns,HelloUltraviolet::Reference::Patterns,runPatternsEnumModalPatternsReference,Source/Reference/Patterns/EnumModalPatterns.uv,false,true,false,false,true
rule.17.Pat-Enum-None,HelloUltraviolet::Reference::Patterns,runPatternsEnumModalPatternsReference,Source/Reference/Patterns/EnumModalPatterns.uv,false,true,false,false,true
rule.17.Pat-Enum-Tuple,HelloUltraviolet::Reference::Patterns,runPatternsEnumModalPatternsReference,Source/Reference/Patterns/EnumModalPatterns.uv,false,true,false,false,true
rule.17.Pat-Enum-Record,HelloUltraviolet::Reference::Patterns,runPatternsEnumModalPatternsReference,Source/Reference/Patterns/EnumModalPatterns.uv,false,true,false,false,true
rule.17.Pat-Modal-None,HelloUltraviolet::Reference::Patterns,runPatternsEnumModalPatternsReference,Source/Reference/Patterns/EnumModalPatterns.uv,false,true,false,false,true
rule.17.Pat-Modal-Record,HelloUltraviolet::Reference::Patterns,runPatternsEnumModalPatternsReference,Source/Reference/Patterns/EnumModalPatterns.uv,false,true,false,false,true
rule.17.Pat-Enum-Unit-R,HelloUltraviolet::Reference::Patterns,runPatternsEnumModalPatternsReference,Source/Reference/Patterns/EnumModalPatterns.uv,false,true,false,false,true
rule.17.Pat-Enum-Tuple-R,HelloUltraviolet::Reference::Patterns,runPatternsEnumModalPatternsReference,Source/Reference/Patterns/EnumModalPatterns.uv,false,true,false,false,true
rule.17.Pat-Enum-Record-R,HelloUltraviolet::Reference::Patterns,runPatternsEnumModalPatternsReference,Source/Reference/Patterns/EnumModalPatterns.uv,false,true,false,false,true
rule.17.Pat-Modal-R,HelloUltraviolet::Reference::Patterns,runPatternsEnumModalPatternsReference,Source/Reference/Patterns/EnumModalPatterns.uv,false,true,false,false,true
rule.17.Pat-Modal-State-R,HelloUltraviolet::Reference::Patterns,runPatternsEnumModalPatternsReference,Source/Reference/Patterns/EnumModalPatterns.uv,false,true,false,false,true
def.17.MatchModalJudgement,HelloUltraviolet::Reference::Patterns,runPatternsEnumModalPatternsReference,Source/Reference/Patterns/EnumModalPatterns.uv,false,true,false,false,true
rule.17.Match-Modal-Empty,HelloUltraviolet::Reference::Patterns,runPatternsEnumModalPatternsReference,Source/Reference/Patterns/EnumModalPatterns.uv,false,true,false,false,true
rule.17.Match-Modal-Record,HelloUltraviolet::Reference::Patterns,runPatternsEnumModalPatternsReference,Source/Reference/Patterns/EnumModalPatterns.uv,false,true,false,false,true
rule.17.Match-Enum-Unit,HelloUltraviolet::Reference::Patterns,runPatternsEnumModalPatternsReference,Source/Reference/Patterns/EnumModalPatterns.uv,false,true,false,false,true
rule.17.Match-Enum-Tuple,HelloUltraviolet::Reference::Patterns,runPatternsEnumModalPatternsReference,Source/Reference/Patterns/EnumModalPatterns.uv,false,true,false,false,true
rule.17.Match-Enum-Record,HelloUltraviolet::Reference::Patterns,runPatternsEnumModalPatternsReference,Source/Reference/Patterns/EnumModalPatterns.uv,false,true,false,false,true
rule.17.Match-Modal-General,HelloUltraviolet::Reference::Patterns,runPatternsEnumModalPatternsReference,Source/Reference/Patterns/EnumModalPatterns.uv,false,true,false,false,true
rule.17.Match-Modal-State,HelloUltraviolet::Reference::Patterns,runPatternsEnumModalPatternsReference,Source/Reference/Patterns/EnumModalPatterns.uv,false,true,false,false,true
req.17.EnumModalPatternLoweringShared,HelloUltraviolet::Audit,patternEnumModalPatternLoweringSharedConformanceMatches,Source/Audit/PatternLoweringConformanceExecution.uv,false,true,false,false,true
grammar.17.RangePatterns,HelloUltraviolet::Reference::Patterns,runPatternsRangePatternsReference,Source/Reference/Patterns/RangePatterns.uv,false,true,false,false,true
rule.17.Parse-Pattern,HelloUltraviolet::Reference::Patterns,runPatternsRangePatternsReference,Source/Reference/Patterns/RangePatterns.uv,false,true,false,false,true
rule.17.Parse-Pattern-Range-None,HelloUltraviolet::Reference::Patterns,runPatternsRangePatternsReference,Source/Reference/Patterns/RangePatterns.uv,false,true,false,false,true
rule.17.Parse-Pattern-Range,HelloUltraviolet::Reference::Patterns,runPatternsRangePatternsReference,Source/Reference/Patterns/RangePatterns.uv,false,true,false,false,true
def.17.RangePatternAst,HelloUltraviolet::Reference::Patterns,runPatternsRangePatternsReference,Source/Reference/Patterns/RangePatterns.uv,false,true,false,false,true
rule.17.Pat-Range-R,HelloUltraviolet::Reference::Patterns,runPatternsRangePatternsReference,Source/Reference/Patterns/RangePatterns.uv,false,true,false,false,true
def.17.ConstPat,HelloUltraviolet::Reference::Patterns,runPatternsRangePatternsReference,Source/Reference/Patterns/RangePatterns.uv,false,true,false,false,true
rule.17.Match-Range-Inclusive,HelloUltraviolet::Reference::Patterns,runPatternsRangePatternsReference,Source/Reference/Patterns/RangePatterns.uv,false,true,false,false,true
rule.17.Match-Range-Exclusive,HelloUltraviolet::Reference::Patterns,runPatternsRangePatternsReference,Source/Reference/Patterns/RangePatterns.uv,false,true,false,false,true
req.17.RangePatternLoweringShared,HelloUltraviolet::Audit,patternRangePatternLoweringSharedConformanceMatches,Source/Audit/PatternLoweringConformanceExecution.uv,false,true,false,false,true
grammar.17.CaseClauses,HelloUltraviolet::Reference::Patterns,runPatternsCaseClausesReference,Source/Reference/Patterns/CaseClauses.uv,false,true,false,false,true
def.17.CaseClauseParsingGroup,HelloUltraviolet::Reference::Patterns,runPatternsCaseClausesReference,Source/Reference/Patterns/CaseClauses.uv,false,true,false,false,true
rule.17.Parse-IfCases-Cons,HelloUltraviolet::Reference::Patterns,runPatternsCaseClausesReference,Source/Reference/Patterns/CaseClauses.uv,false,true,false,false,true
rule.17.Parse-IfCase,HelloUltraviolet::Reference::Patterns,runPatternsCaseClausesReference,Source/Reference/Patterns/CaseClauses.uv,false,true,false,false,true
rule.17.Parse-IfCase-Pattern,HelloUltraviolet::Reference::Patterns,runPatternsCaseClausesReference,Source/Reference/Patterns/CaseClauses.uv,false,true,false,false,true
rule.17.Parse-IfCasesTail-End,HelloUltraviolet::Reference::Patterns,runPatternsCaseClausesReference,Source/Reference/Patterns/CaseClauses.uv,false,true,false,false,true
rule.17.Parse-IfCasesTail-Else,HelloUltraviolet::Reference::Patterns,runPatternsCaseClausesReference,Source/Reference/Patterns/CaseClauses.uv,false,true,false,false,true
rule.17.Parse-IfCasesTail-Cons,HelloUltraviolet::Reference::Patterns,runPatternsCaseClausesReference,Source/Reference/Patterns/CaseClauses.uv,false,true,false,false,true
def.17.IfCaseAst,HelloUltraviolet::Reference::Patterns,runPatternsCaseClausesReference,Source/Reference/Patterns/CaseClauses.uv,false,true,false,false,true
def.17.BindOrder,HelloUltraviolet::Reference::Patterns,runPatternsCaseClausesReference,Source/Reference/Patterns/CaseClauses.uv,false,true,false,false,true
def.17.CaseScopeJudgements,HelloUltraviolet::Reference::Patterns,runPatternsCaseClausesReference,Source/Reference/Patterns/CaseClauses.uv,false,true,false,false,true
def.17.ScrutineeBindingAndRefinement,HelloUltraviolet::Reference::Patterns,runPatternsCaseClausesReference,Source/Reference/Patterns/CaseClauses.uv,false,true,false,false,true
def.17.UnionOrSingle,HelloUltraviolet::Reference::Patterns,runPatternsCaseClausesReference,Source/Reference/Patterns/CaseClauses.uv,false,true,false,false,true
rule.17.PatternNarrow-Perm,HelloUltraviolet::Reference::Patterns,runPatternsCaseClausesReference,Source/Reference/Patterns/CaseClauses.uv,false,true,false,false,true
rule.17.PatternNarrow-ModalRef,HelloUltraviolet::Reference::Patterns,runPatternsCaseClausesReference,Source/Reference/Patterns/CaseClauses.uv,false,true,false,false,true
rule.17.PatternNarrow-ModalState,HelloUltraviolet::Reference::Patterns,runPatternsCaseClausesReference,Source/Reference/Patterns/CaseClauses.uv,false,true,false,false,true
rule.17.PatternNarrow-Union,HelloUltraviolet::Reference::Patterns,runPatternsCaseClausesReference,Source/Reference/Patterns/CaseClauses.uv,false,true,false,false,true
rule.17.PatternNarrow-Typed,HelloUltraviolet::Reference::Patterns,runPatternsCaseClausesReference,Source/Reference/Patterns/CaseClauses.uv,false,true,false,false,true
rule.17.CaseScope-Narrow,HelloUltraviolet::Reference::Patterns,runPatternsCaseClausesReference,Source/Reference/Patterns/CaseClauses.uv,false,true,false,false,true
rule.17.ElseScope-Narrow,HelloUltraviolet::Reference::Patterns,runPatternsCaseClausesReference,Source/Reference/Patterns/CaseClauses.uv,false,true,false,false,true
rule.17.ElseScope-Original,HelloUltraviolet::Reference::Patterns,runPatternsCaseClausesReference,Source/Reference/Patterns/CaseClauses.uv,false,true,false,false,true
rule.17.CasesElseScope-Empty,HelloUltraviolet::Reference::Patterns,runPatternsCaseClausesReference,Source/Reference/Patterns/CaseClauses.uv,false,true,false,false,true
rule.17.CasesElseScope-Cons-Narrow,HelloUltraviolet::Reference::Patterns,runPatternsCaseClausesReference,Source/Reference/Patterns/CaseClauses.uv,false,true,false,false,true
rule.17.CasesElseScope-Cons-Original,HelloUltraviolet::Reference::Patterns,runPatternsCaseClausesReference,Source/Reference/Patterns/CaseClauses.uv,false,true,false,false,true
rule.17.CaseScope-PatternOnly,HelloUltraviolet::Reference::Patterns,runPatternsCaseClausesReference,Source/Reference/Patterns/CaseClauses.uv,false,true,false,false,true
def.17.IfCaseEvaluationJudgements,HelloUltraviolet::Reference::Patterns,runPatternsCaseClausesReference,Source/Reference/Patterns/CaseClauses.uv,false,true,false,false,true
rule.17.EvalIfCase-Fail,HelloUltraviolet::Reference::Patterns,runPatternsCaseClausesReference,Source/Reference/Patterns/CaseClauses.uv,false,true,false,false,true
rule.17.EvalIfCase-Hit,HelloUltraviolet::Reference::Patterns,runPatternsCaseClausesReference,Source/Reference/Patterns/CaseClauses.uv,false,true,false,false,true
rule.17.EvalIfCases-Head,HelloUltraviolet::Reference::Patterns,runPatternsCaseClausesReference,Source/Reference/Patterns/CaseClauses.uv,false,true,false,false,true
rule.17.EvalIfCases-Tail,HelloUltraviolet::Reference::Patterns,runPatternsCaseClausesReference,Source/Reference/Patterns/CaseClauses.uv,false,true,false,false,true
rule.17.EvalIfCases-Else,HelloUltraviolet::Reference::Patterns,runPatternsCaseClausesReference,Source/Reference/Patterns/CaseClauses.uv,false,true,false,false,true
rule.17.EvalIfCases-None,HelloUltraviolet::Reference::Patterns,runPatternsCaseClausesReference,Source/Reference/Patterns/CaseClauses.uv,false,true,false,false,true
def.17.PatternLoweringJudgements,HelloUltraviolet::Audit,patternPatternLoweringJudgementsConformanceMatches,Source/Audit/PatternLoweringConformanceExecution.uv,false,true,false,false,true
rule.17.Lower-Pat-Correctness,HelloUltraviolet::Audit,patternLowerPatCorrectnessConformanceMatches,Source/Audit/PatternLoweringConformanceExecution.uv,false,true,false,false,true
def.17.IfCaseValueCorrect,HelloUltraviolet::Reference::Patterns,runPatternsCaseClausesReference,Source/Reference/Patterns/CaseClauses.uv,false,true,false,false,true
rule.17.Lower-IfCases-Correctness,HelloUltraviolet::Audit,patternLowerIfCasesCorrectnessConformanceMatches,Source/Audit/PatternLoweringConformanceExecution.uv,false,true,false,false,true
def.17.PatternTagHelpers,HelloUltraviolet::Reference::Patterns,runPatternsCaseClausesReference,Source/Reference/Patterns/CaseClauses.uv,false,true,false,false,true
rule.17.TagOf-Enum,HelloUltraviolet::Reference::Patterns,runPatternsCaseClausesReference,Source/Reference/Patterns/CaseClauses.uv,false,true,false,false,true
rule.17.TagOf-Modal,HelloUltraviolet::Reference::Patterns,runPatternsCaseClausesReference,Source/Reference/Patterns/CaseClauses.uv,false,true,false,false,true
rule.17.Lower-BindList-Empty,HelloUltraviolet::Audit,patternLowerBindListEmptyConformanceMatches,Source/Audit/PatternLoweringConformanceExecution.uv,false,true,false,false,true
rule.17.Lower-BindList-Cons,HelloUltraviolet::Audit,patternLowerBindListConsConformanceMatches,Source/Audit/PatternLoweringConformanceExecution.uv,false,true,false,false,true
rule.17.Lower-Pat-General,HelloUltraviolet::Audit,patternLowerPatGeneralConformanceMatches,Source/Audit/PatternLoweringConformanceExecution.uv,false,true,false,false,true
rule.17.Lower-Pat-Err,HelloUltraviolet::Reference::Patterns,patternLowerBindFailureReference,Source/Reference/Patterns/CaseClauses.uv,false,true,false,false,true
rule.17.Lower-IfCases,HelloUltraviolet::Audit,patternLowerIfCasesConformanceMatches,Source/Audit/PatternLoweringConformanceExecution.uv,false,true,false,false,true
req.17.ExhaustivenessNoSyntax,HelloUltraviolet::Reference::Patterns,runPatternsExhaustivenessReference,Source/Reference/Patterns/Exhaustiveness.uv,false,true,false,false,true
req.17.ExhaustivenessNotParserOwned,HelloUltraviolet::Reference::Patterns,runPatternsExhaustivenessReference,Source/Reference/Patterns/Exhaustiveness.uv,false,true,false,false,true
def.17.ExhaustivenessIrrefutabilityHelpers,HelloUltraviolet::Audit,patternExhaustivenessIrrefutabilityHelpersConformanceMatches,Source/Audit/PatternLoweringConformanceExecution.uv,false,true,false,false,true
def.17.EnumCaseCoverageHelpers,HelloUltraviolet::Reference::Patterns,runPatternsExhaustivenessReference,Source/Reference/Patterns/Exhaustiveness.uv,false,true,false,false,true
def.17.ModalCaseCoverageHelpers,HelloUltraviolet::Reference::Patterns,runPatternsExhaustivenessReference,Source/Reference/Patterns/Exhaustiveness.uv,false,true,false,false,true
def.17.UnionCaseCoverageHelpers,HelloUltraviolet::Reference::Patterns,runPatternsExhaustivenessReference,Source/Reference/Patterns/Exhaustiveness.uv,false,true,false,false,true
def.17.EnumCaseAnalysisGroup,HelloUltraviolet::Reference::Patterns,runPatternsExhaustivenessReference,Source/Reference/Patterns/Exhaustiveness.uv,false,true,false,false,true
rule.17.T-IfCase-Enum,HelloUltraviolet::Reference::Patterns,runPatternsExhaustivenessReference,Source/Reference/Patterns/Exhaustiveness.uv,false,true,false,false,true
def.17.ModalCaseAnalysisGroup,HelloUltraviolet::Reference::Patterns,runPatternsExhaustivenessReference,Source/Reference/Patterns/Exhaustiveness.uv,false,true,false,false,true
rule.17.T-IfCase-Modal,HelloUltraviolet::Reference::Patterns,runPatternsExhaustivenessReference,Source/Reference/Patterns/Exhaustiveness.uv,false,true,false,false,true
def.17.UnionCaseAnalysisGroup,HelloUltraviolet::Reference::Patterns,runPatternsExhaustivenessReference,Source/Reference/Patterns/Exhaustiveness.uv,false,true,false,false,true
rule.17.T-IfCase-Union,HelloUltraviolet::Reference::Patterns,runPatternsExhaustivenessReference,Source/Reference/Patterns/Exhaustiveness.uv,false,true,false,false,true
rule.17.Chk-IfCase-Union,HelloUltraviolet::Reference::Patterns,runPatternsExhaustivenessReference,Source/Reference/Patterns/Exhaustiveness.uv,false,true,false,false,true
def.17.OtherCaseAnalysisGroup,HelloUltraviolet::Reference::Patterns,runPatternsExhaustivenessReference,Source/Reference/Patterns/Exhaustiveness.uv,false,true,false,false,true
rule.17.T-IfCase-Other,HelloUltraviolet::Reference::Patterns,runPatternsExhaustivenessReference,Source/Reference/Patterns/Exhaustiveness.uv,false,true,false,false,true
rule.17.Chk-IfCase-Enum,HelloUltraviolet::Reference::Patterns,runPatternsExhaustivenessReference,Source/Reference/Patterns/Exhaustiveness.uv,false,true,false,false,true
rule.17.Chk-IfCase-Modal,HelloUltraviolet::Reference::Patterns,runPatternsExhaustivenessReference,Source/Reference/Patterns/Exhaustiveness.uv,false,true,false,false,true
rule.17.Chk-IfCase-Other,HelloUltraviolet::Reference::Patterns,runPatternsExhaustivenessReference,Source/Reference/Patterns/Exhaustiveness.uv,false,true,false,false,true
rule.17.Chk-IfIs,HelloUltraviolet::Reference::Patterns,runPatternsExhaustivenessReference,Source/Reference/Patterns/Exhaustiveness.uv,false,true,false,false,true
rule.17.Chk-IfIs-No-Else,HelloUltraviolet::Reference::Patterns,runPatternsExhaustivenessReference,Source/Reference/Patterns/Exhaustiveness.uv,false,true,false,false,true
req.17.ExhaustivenessNoAdditionalDynamicSemantics,HelloUltraviolet::Reference::Patterns,runPatternsExhaustivenessReference,Source/Reference/Patterns/Exhaustiveness.uv,false,true,false,false,true
req.17.ExhaustivenessNoAdditionalLowering,HelloUltraviolet::Audit,patternExhaustivenessNoAdditionalLoweringConformanceMatches,Source/Audit/PatternLoweringConformanceExecution.uv,false,true,false,false,true
grammar.18.Blocks,HelloUltraviolet::Reference::Statements,runStatementsBlocksReference,Source/Reference/Statements/Blocks.uv,false,true,false,false,true
req.18.BlockStatementExternalDefinitions,HelloUltraviolet::Reference::Statements,runStatementsBlocksReference,Source/Reference/Statements/Blocks.uv,false,true,false,false,true
def.18.StatementTerminators,HelloUltraviolet::Reference::Statements,runStatementsBlocksReference,Source/Reference/Statements/Blocks.uv,false,true,false,false,true
def.18.AttachStmtAttrs,HelloUltraviolet::Reference::Statements,runStatementsBlocksReference,Source/Reference/Statements/Blocks.uv,false,true,false,false,true
rule.18.Parse-Statement,HelloUltraviolet::Reference::Statements,runStatementsBlocksReference,Source/Reference/Statements/Blocks.uv,false,true,false,false,true
rule.18.Parse-Block,HelloUltraviolet::Reference::Statements,runStatementsBlocksReference,Source/Reference/Statements/Blocks.uv,false,true,false,false,true
rule.18.ConsumeTerminatorOpt-Req-Yes,HelloUltraviolet::Reference::Statements,runStatementsBlocksReference,Source/Reference/Statements/Blocks.uv,false,true,false,false,true
rule.18.ConsumeTerminatorOpt-Opt-Yes,HelloUltraviolet::Reference::Statements,runStatementsBlocksReference,Source/Reference/Statements/Blocks.uv,false,true,false,false,true
rule.18.ConsumeTerminatorOpt-Opt-No,HelloUltraviolet::Reference::Statements,runStatementsBlocksReference,Source/Reference/Statements/Blocks.uv,false,true,false,false,true
def.18.SkipNL,HelloUltraviolet::Reference::Statements,runStatementsBlocksReference,Source/Reference/Statements/Blocks.uv,false,true,false,false,true
rule.18.ParseStmtSeq-End,HelloUltraviolet::Reference::Statements,runStatementsBlocksReference,Source/Reference/Statements/Blocks.uv,false,true,false,false,true
rule.18.ParseStmtSeq-TailExpr,HelloUltraviolet::Reference::Statements,runStatementsBlocksReference,Source/Reference/Statements/Blocks.uv,false,true,false,false,true
rule.18.ParseStmtSeq-Cons,HelloUltraviolet::Reference::Statements,runStatementsBlocksReference,Source/Reference/Statements/Blocks.uv,false,true,false,false,true
def.18.StatementAstForms,HelloUltraviolet::Reference::Statements,runStatementsBlocksReference,Source/Reference/Statements/Blocks.uv,false,true,false,false,true
def.18.LastStmtAndResultType,HelloUltraviolet::Reference::Statements,runStatementsBlocksReference,Source/Reference/Statements/Blocks.uv,false,true,false,false,true
def.18.BindingEnvironmentHelpers,HelloUltraviolet::Audit,acceptedProjectFixturesBuildAndExerciseArtifactObligations,Source/Audit/AcceptedProjectExecution.uv,false,true,false,false,true
def.18.StatementTypingJudgements,HelloUltraviolet::Reference::Statements,runStatementsBlocksReference,Source/Reference/Statements/Blocks.uv,false,true,false,false,true
def.18.LoopFlag,HelloUltraviolet::Reference::Statements,runStatementsBlocksReference,Source/Reference/Statements/Blocks.uv,false,true,false,false,true
def.18.ScopeStackTypeHelpers,HelloUltraviolet::Reference::Statements,runStatementsBlocksReference,Source/Reference/Statements/Blocks.uv,false,true,false,false,true
rule.18.BlockInfo-Res,HelloUltraviolet::Reference::Statements,runStatementsBlocksReference,Source/Reference/Statements/Blocks.uv,false,true,false,false,true
rule.18.BlockInfo-Tail,HelloUltraviolet::Reference::Statements,runStatementsBlocksReference,Source/Reference/Statements/Blocks.uv,false,true,false,false,true
rule.18.BlockInfo-ReturnTail,HelloUltraviolet::Reference::Statements,runStatementsBlocksReference,Source/Reference/Statements/Blocks.uv,false,true,false,false,true
rule.18.BlockInfo-Unit,HelloUltraviolet::Reference::Statements,runStatementsBlocksReference,Source/Reference/Statements/Blocks.uv,false,true,false,false,true
rule.18.T-Block,HelloUltraviolet::Reference::Statements,runStatementsBlocksReference,Source/Reference/Statements/Blocks.uv,false,true,false,false,true
req.18.BlockCheckingModeValidation,HelloUltraviolet::Reference::Statements,runStatementsBlocksReference,Source/Reference/Statements/Blocks.uv,false,true,false,false,true
req.18.BlockExprExpressionFormOwnership,HelloUltraviolet::Reference::Statements,runStatementsBlocksReference,Source/Reference/Statements/Blocks.uv,false,true,false,false,true
def.18.StatementExecutionJudgements,HelloUltraviolet::Reference::Statements,runStatementsBlocksReference,Source/Reference/Statements/Blocks.uv,false,true,false,false,true
def.18.ControlAndStatementOutcomes,HelloUltraviolet::Reference::Statements,runStatementsBlocksReference,Source/Reference/Statements/Blocks.uv,false,true,false,false,true
def.18.BlockExitOutcome,HelloUltraviolet::Reference::Statements,runStatementsBlocksReference,Source/Reference/Statements/Blocks.uv,false,true,false,false,true
def.18.BlockExit,HelloUltraviolet::Reference::Statements,runStatementsBlocksReference,Source/Reference/Statements/Blocks.uv,false,true,false,false,true
def.18.EvalBlockBodySigma,HelloUltraviolet::Reference::Statements,runStatementsBlocksReference,Source/Reference/Statements/Blocks.uv,false,true,false,false,true
def.18.EvalBlockSigma,HelloUltraviolet::Reference::Statements,runStatementsBlocksReference,Source/Reference/Statements/Blocks.uv,false,true,false,false,true
def.18.EvalBlockBindSigma,HelloUltraviolet::Reference::Statements,runStatementsBlocksReference,Source/Reference/Statements/Blocks.uv,false,true,false,false,true
def.18.EvalInScopeSigma,HelloUltraviolet::Reference::Statements,runStatementsBlocksReference,Source/Reference/Statements/Blocks.uv,false,true,false,false,true
def.18.PlaceEvaluationHelpersGroup,HelloUltraviolet::Reference::Statements,runStatementsBlocksReference,Source/Reference/Statements/Blocks.uv,false,true,false,false,true
def.18.PlaceJudgements,HelloUltraviolet::Reference::Statements,runStatementsBlocksReference,Source/Reference/Statements/Blocks.uv,false,true,false,false,true
rule.18.ExecSeq-Empty,HelloUltraviolet::Reference::Statements,runStatementsBlocksReference,Source/Reference/Statements/Blocks.uv,false,true,false,false,true
rule.18.ExecSeq-Cons-Ok,HelloUltraviolet::Reference::Statements,runStatementsBlocksReference,Source/Reference/Statements/Blocks.uv,false,true,false,false,true
rule.18.ExecSeq-Cons-Ctrl,HelloUltraviolet::Reference::Statements,runStatementsBlocksReference,Source/Reference/Statements/Blocks.uv,false,true,false,false,true
def.18.ExecState,HelloUltraviolet::Reference::Statements,runStatementsBlocksReference,Source/Reference/Statements/Blocks.uv,false,true,false,false,true
rule.18.Step-Exec-Other-Ok,HelloUltraviolet::Reference::Statements,runStatementsBlocksReference,Source/Reference/Statements/Blocks.uv,false,true,false,false,true
rule.18.Step-Exec-Other-Ctrl,HelloUltraviolet::Reference::Statements,runStatementsBlocksReference,Source/Reference/Statements/Blocks.uv,false,true,false,false,true
rule.18.Step-ExecSeq-Ok,HelloUltraviolet::Reference::Statements,runStatementsBlocksReference,Source/Reference/Statements/Blocks.uv,false,true,false,false,true
rule.18.Step-ExecSeq-Ctrl,HelloUltraviolet::Reference::Statements,runStatementsBlocksReference,Source/Reference/Statements/Blocks.uv,false,true,false,false,true
rule.18.Step-Exec-Defer,HelloUltraviolet::Reference::Statements,runStatementsBlocksReference,Source/Reference/Statements/Blocks.uv,false,true,false,false,true
req.18.BlockExprEvalDelegatesToBlock,HelloUltraviolet::Reference::Statements,runStatementsBlocksReference,Source/Reference/Statements/Blocks.uv,false,true,false,false,true
def.18.LowerStatementJudgements,HelloUltraviolet::Audit,acceptedProjectFixturesBuildAndExerciseArtifactObligations,Source/Audit/AcceptedProjectExecution.uv,false,true,false,false,true
rule.18.Lower-Stmt-Correctness,HelloUltraviolet::Audit,acceptedProjectFixturesBuildAndExerciseArtifactObligations,Source/Audit/AcceptedProjectExecution.uv,false,true,false,false,true
rule.18.Lower-Block-Correctness,HelloUltraviolet::Audit,acceptedProjectFixturesBuildAndExerciseArtifactObligations,Source/Audit/AcceptedProjectExecution.uv,false,true,false,false,true
def.18.StatementLoweringTotality,HelloUltraviolet::Audit,acceptedProjectFixturesBuildAndExerciseArtifactObligations,Source/Audit/AcceptedProjectExecution.uv,false,true,false,false,true
rule.18.Lower-StmtList-Empty,HelloUltraviolet::Audit,acceptedProjectFixturesBuildAndExerciseArtifactObligations,Source/Audit/AcceptedProjectExecution.uv,false,true,false,false,true
rule.18.Lower-StmtList-Cons,HelloUltraviolet::Audit,acceptedProjectFixturesBuildAndExerciseArtifactObligations,Source/Audit/AcceptedProjectExecution.uv,false,true,false,false,true
rule.18.Lower-Block-Tail,HelloUltraviolet::Audit,acceptedProjectFixturesBuildAndExerciseArtifactObligations,Source/Audit/AcceptedProjectExecution.uv,false,true,false,false,true
rule.18.Lower-Block-Unit,HelloUltraviolet::Audit,acceptedProjectFixturesBuildAndExerciseArtifactObligations,Source/Audit/AcceptedProjectExecution.uv,false,true,false,false,true
rule.18.Lower-Stmt-Error,HelloUltraviolet::Reference::Statements,lowerStmtErrorReference,Source/Reference/Statements/Errors.uv,false,true,false,false,true
req.18.TemporaryCleanupLowering,HelloUltraviolet::Audit,acceptedProjectFixturesBuildAndExerciseArtifactObligations,Source/Audit/AcceptedProjectExecution.uv,false,true,false,false,true
def.18.BlockLoopLoweringTotality,HelloUltraviolet::Audit,acceptedProjectFixturesBuildAndExerciseArtifactObligations,Source/Audit/AcceptedProjectExecution.uv,false,true,false,false,true
rule.18.Lower-Loop-Infinite,HelloUltraviolet::Audit,acceptedProjectFixturesBuildAndExerciseArtifactObligations,Source/Audit/AcceptedProjectExecution.uv,false,true,false,false,true
rule.18.Lower-Loop-Cond,HelloUltraviolet::Audit,acceptedProjectFixturesBuildAndExerciseArtifactObligations,Source/Audit/AcceptedProjectExecution.uv,false,true,false,false,true
rule.18.Lower-Loop-Iter,HelloUltraviolet::Audit,acceptedProjectFixturesBuildAndExerciseArtifactObligations,Source/Audit/AcceptedProjectExecution.uv,false,true,false,false,true
grammar.18.BindingStatements,HelloUltraviolet::Reference::Statements,runStatementsBindingsReference,Source/Reference/Statements/Bindings.uv,false,true,false,false,true
rule.18.Parse-Binding-Stmt,HelloUltraviolet::Reference::Statements,runStatementsBindingsReference,Source/Reference/Statements/Bindings.uv,false,true,false,false,true
rule.18.Parse-BindingAfterLetVar,HelloUltraviolet::Reference::Statements,runStatementsBindingsReference,Source/Reference/Statements/Bindings.uv,false,true,false,false,true
rule.18.LetOrVarStmt-Let,HelloUltraviolet::Reference::Statements,runStatementsBindingsReference,Source/Reference/Statements/Bindings.uv,false,true,false,false,true
rule.18.LetOrVarStmt-Var,HelloUltraviolet::Reference::Statements,runStatementsBindingsReference,Source/Reference/Statements/Bindings.uv,false,true,false,false,true
def.18.LetOrVarStmtAst,HelloUltraviolet::Reference::Statements,runStatementsBindingsReference,Source/Reference/Statements/Bindings.uv,false,true,false,false,true
def.18.BindingAstAndAccessors,HelloUltraviolet::Reference::Statements,runStatementsBindingsReference,Source/Reference/Statements/Bindings.uv,false,true,false,false,true
def.18.IntroEnt,HelloUltraviolet::Reference::Statements,runStatementsBindingsReference,Source/Reference/Statements/Bindings.uv,false,true,false,false,true
rule.18.IntroAll-Empty,HelloUltraviolet::Reference::Statements,runStatementsBindingsReference,Source/Reference/Statements/Bindings.uv,false,true,false,false,true
rule.18.IntroAll-Cons,HelloUltraviolet::Reference::Statements,runStatementsBindingsReference,Source/Reference/Statements/Bindings.uv,false,true,false,false,true
rule.18.IntroAllVar-Empty,HelloUltraviolet::Reference::Statements,runStatementsBindingsReference,Source/Reference/Statements/Bindings.uv,false,true,false,false,true
rule.18.IntroAllVar-Cons,HelloUltraviolet::Reference::Statements,runStatementsBindingsReference,Source/Reference/Statements/Bindings.uv,false,true,false,false,true
rule.18.T-LetStmt-Ann,HelloUltraviolet::Reference::Statements,runStatementsBindingsReference,Source/Reference/Statements/Bindings.uv,false,true,false,false,true
rule.18.T-LetStmt-Infer,HelloUltraviolet::Reference::Statements,runStatementsBindingsReference,Source/Reference/Statements/Bindings.uv,false,true,false,false,true
def.18.SuspendUniqueBind,HelloUltraviolet::Reference::Statements,runStatementsBindingsReference,Source/Reference/Statements/Bindings.uv,false,true,false,false,true
rule.18.B-LetVar,HelloUltraviolet::Reference::Statements,runStatementsBindingsReference,Source/Reference/Statements/Bindings.uv,false,true,false,false,true
rule.18.Prov-LetVar-Ordinary,HelloUltraviolet::Reference::Statements,runStatementsBindingsReference,Source/Reference/Statements/Bindings.uv,false,true,false,false,true
rule.18.Prov-LetVar-Region-Alias,HelloUltraviolet::Reference::Statements,runStatementsBindingsReference,Source/Reference/Statements/Bindings.uv,false,true,false,false,true
rule.18.Prov-LetVar-Region-Fresh,HelloUltraviolet::Reference::Statements,runStatementsBindingsReference,Source/Reference/Statements/Bindings.uv,false,true,false,false,true
def.18.BindVal,HelloUltraviolet::Reference::Statements,runStatementsBindingsReference,Source/Reference/Statements/Bindings.uv,false,true,false,false,true
def.18.BindPatternRuntimeHelpers,HelloUltraviolet::Audit,acceptedProjectFixturesBuildAndExerciseArtifactObligations,Source/Audit/AcceptedProjectExecution.uv,false,true,false,false,true
rule.18.BindList-Empty,HelloUltraviolet::Reference::Statements,runStatementsBindingsReference,Source/Reference/Statements/Bindings.uv,false,true,false,false,true
rule.18.BindList-Cons,HelloUltraviolet::Reference::Statements,runStatementsBindingsReference,Source/Reference/Statements/Bindings.uv,false,true,false,false,true
def.18.BindPattern,HelloUltraviolet::Reference::Statements,runStatementsBindingsReference,Source/Reference/Statements/Bindings.uv,false,true,false,false,true
rule.18.ExecSigma-Let,HelloUltraviolet::Reference::Statements,runStatementsBindingsReference,Source/Reference/Statements/Bindings.uv,false,true,false,false,true
rule.18.ExecSigma-Let-Ctrl,HelloUltraviolet::Reference::Statements,runStatementsBindingsReference,Source/Reference/Statements/Bindings.uv,false,true,false,false,true
req.18.VarExecutionMirrorsLet,HelloUltraviolet::Audit,acceptedProjectFixturesBuildAndExerciseArtifactObligations,Source/Audit/AcceptedProjectExecution.uv,false,true,false,false,true
rule.18.Lower-Stmt-Let,HelloUltraviolet::Audit,acceptedProjectFixturesBuildAndExerciseArtifactObligations,Source/Audit/AcceptedProjectExecution.uv,false,true,false,false,true
rule.18.Lower-Stmt-Var,HelloUltraviolet::Audit,acceptedProjectFixturesBuildAndExerciseArtifactObligations,Source/Audit/AcceptedProjectExecution.uv,false,true,false,false,true
grammar.18.LocalUsingStatements,HelloUltraviolet::Reference::Statements,runStatementsLocalUsingReference,Source/Reference/Statements/LocalUsing.uv,false,true,false,false,true
rule.18.Parse-UsingLocal-Stmt,HelloUltraviolet::Reference::Statements,runStatementsLocalUsingReference,Source/Reference/Statements/LocalUsing.uv,false,true,false,false,true
def.18.UsingLocalStmtAst,HelloUltraviolet::Reference::Statements,runStatementsLocalUsingReference,Source/Reference/Statements/LocalUsing.uv,false,true,false,false,true
req.18.UsingLocalUsesUsingAlias,HelloUltraviolet::Reference::Statements,runStatementsLocalUsingReference,Source/Reference/Statements/LocalUsing.uv,false,true,false,false,true
rule.18.T-UsingLocalStmt,HelloUltraviolet::Reference::Statements,runStatementsLocalUsingReference,Source/Reference/Statements/LocalUsing.uv,false,true,false,false,true
req.18.UsingLocalAliasIdentity,HelloUltraviolet::Reference::Statements,runStatementsLocalUsingReference,Source/Reference/Statements/LocalUsing.uv,false,true,false,false,true
rule.18.ExecSigma-UsingLocal,HelloUltraviolet::Reference::Statements,runStatementsLocalUsingReference,Source/Reference/Statements/LocalUsing.uv,false,true,false,false,true
req.18.UsingLocalNoRuntimeEffect,HelloUltraviolet::Audit,acceptedProjectFixturesBuildAndExerciseArtifactObligations,Source/Audit/AcceptedProjectExecution.uv,false,true,false,false,true
rule.18.Lower-Stmt-UsingLocal,HelloUltraviolet::Audit,acceptedProjectFixturesBuildAndExerciseArtifactObligations,Source/Audit/AcceptedProjectExecution.uv,false,true,false,false,true
req.18.UsingLocalNoRuntimeIR,HelloUltraviolet::Audit,acceptedProjectFixturesBuildAndExerciseArtifactObligations,Source/Audit/AcceptedProjectExecution.uv,false,true,false,false,true
grammar.18.AssignmentStatements,HelloUltraviolet::Reference::Statements,runStatementsAssignmentReference,Source/Reference/Statements/Assignment.uv,false,true,false,false,true
rule.18.Parse-Assign-Stmt,HelloUltraviolet::Reference::Statements,runStatementsAssignmentReference,Source/Reference/Statements/Assignment.uv,false,true,false,false,true
rule.18.AssignOrCompound-Assign,HelloUltraviolet::Reference::Statements,runStatementsAssignmentReference,Source/Reference/Statements/Assignment.uv,false,true,false,false,true
rule.18.AssignOrCompound-Compound,HelloUltraviolet::Reference::Statements,runStatementsAssignmentReference,Source/Reference/Statements/Assignment.uv,false,true,false,false,true
def.18.AssignmentAstForms,HelloUltraviolet::Reference::Statements,runStatementsAssignmentReference,Source/Reference/Statements/Assignment.uv,false,true,false,false,true
def.18.PlaceRoot,HelloUltraviolet::Reference::Statements,runStatementsAssignmentReference,Source/Reference/Statements/Assignment.uv,false,true,false,false,true
rule.18.T-Assign,HelloUltraviolet::Reference::Statements,runStatementsAssignmentReference,Source/Reference/Statements/Assignment.uv,false,true,false,false,true
rule.18.T-CompoundAssign,HelloUltraviolet::Reference::Statements,runStatementsAssignmentReference,Source/Reference/Statements/Assignment.uv,false,true,false,false,true
req.18.AssignmentBindingStateRules,HelloUltraviolet::Reference::Statements,runStatementsAssignmentReference,Source/Reference/Statements/Assignment.uv,false,true,false,false,true
req.18.AssignmentProvenanceRules,HelloUltraviolet::Reference::Statements,runStatementsAssignmentReference,Source/Reference/Statements/Assignment.uv,false,true,false,false,true
def.18.AssignmentRootBinding,HelloUltraviolet::Reference::Statements,runStatementsAssignmentReference,Source/Reference/Statements/Assignment.uv,false,true,false,false,true
def.18.DropOnAssign,HelloUltraviolet::Reference::Statements,runStatementsAssignmentReference,Source/Reference/Statements/Assignment.uv,false,true,false,false,true
def.18.DropSubvalueJudgement,HelloUltraviolet::Reference::Statements,runStatementsAssignmentReference,Source/Reference/Statements/Assignment.uv,false,true,false,false,true
rule.18.DropSubvalue-Do,HelloUltraviolet::Reference::Statements,runStatementsAssignmentReference,Source/Reference/Statements/Assignment.uv,false,true,false,false,true
rule.18.DropSubvalue-Skip,HelloUltraviolet::Reference::Statements,runStatementsAssignmentReference,Source/Reference/Statements/Assignment.uv,false,true,false,false,true
rule.18.ExecSigma-Assign,HelloUltraviolet::Reference::Statements,runStatementsAssignmentReference,Source/Reference/Statements/Assignment.uv,false,true,false,false,true
rule.18.ExecSigma-Assign-Ctrl,HelloUltraviolet::Reference::Statements,runStatementsAssignmentReference,Source/Reference/Statements/Assignment.uv,false,true,false,false,true
rule.18.ExecSigma-CompoundAssign,HelloUltraviolet::Reference::Statements,runStatementsAssignmentReference,Source/Reference/Statements/Assignment.uv,false,true,false,false,true
req.18.CompoundAssignControlPropagation,HelloUltraviolet::Reference::Statements,runStatementsAssignmentReference,Source/Reference/Statements/Assignment.uv,false,true,false,false,true
rule.18.Lower-Stmt-Assign,HelloUltraviolet::Audit,acceptedProjectFixturesBuildAndExerciseArtifactObligations,Source/Audit/AcceptedProjectExecution.uv,false,true,false,false,true
rule.18.Lower-Stmt-CompoundAssign,HelloUltraviolet::Audit,acceptedProjectFixturesBuildAndExerciseArtifactObligations,Source/Audit/AcceptedProjectExecution.uv,false,true,false,false,true
grammar.18.ExpressionStatements,HelloUltraviolet::Reference::Statements,runStatementsExpressionStatementsReference,Source/Reference/Statements/ExpressionStatements.uv,false,true,false,false,true
rule.18.Parse-Expr-Stmt,HelloUltraviolet::Reference::Statements,runStatementsExpressionStatementsReference,Source/Reference/Statements/ExpressionStatements.uv,false,true,false,false,true
def.18.ExprStmtAst,HelloUltraviolet::Reference::Statements,runStatementsExpressionStatementsReference,Source/Reference/Statements/ExpressionStatements.uv,false,true,false,false,true
rule.18.T-ExprStmt,HelloUltraviolet::Reference::Statements,runStatementsExpressionStatementsReference,Source/Reference/Statements/ExpressionStatements.uv,false,true,false,false,true
req.18.ExprStmtStateAndProvenanceRules,HelloUltraviolet::Reference::Statements,runStatementsExpressionStatementsReference,Source/Reference/Statements/ExpressionStatements.uv,false,true,false,false,true
rule.18.ExecSigma-ExprStmt,HelloUltraviolet::Reference::Statements,runStatementsExpressionStatementsReference,Source/Reference/Statements/ExpressionStatements.uv,false,true,false,false,true
rule.18.Lower-Stmt-Expr,HelloUltraviolet::Audit,acceptedProjectFixturesBuildAndExerciseArtifactObligations,Source/Audit/AcceptedProjectExecution.uv,false,true,false,false,true
grammar.18.Defer,HelloUltraviolet::Reference::Statements,runStatementsDeferReference,Source/Reference/Statements/Defer.uv,false,true,false,false,true
rule.18.Parse-Defer-Stmt,HelloUltraviolet::Reference::Statements,runStatementsDeferReference,Source/Reference/Statements/Defer.uv,false,true,false,false,true
def.18.DeferStmtAst,HelloUltraviolet::Reference::Statements,runStatementsDeferReference,Source/Reference/Statements/Defer.uv,false,true,false,false,true
rule.18.T-DeferStmt,HelloUltraviolet::Reference::Statements,runStatementsDeferReference,Source/Reference/Statements/Defer.uv,false,true,false,false,true
rule.18.HasNonLocalCtrl-Return,HelloUltraviolet::Reference::Statements,runStatementsDeferReference,Source/Reference/Statements/Defer.uv,false,true,false,false,true
rule.18.HasNonLocalCtrl-Break,HelloUltraviolet::Reference::Statements,runStatementsDeferReference,Source/Reference/Statements/Defer.uv,false,true,false,false,true
rule.18.HasNonLocalCtrl-Continue,HelloUltraviolet::Reference::Statements,runStatementsDeferReference,Source/Reference/Statements/Defer.uv,false,true,false,false,true
req.18.HasNonLocalCtrlPropagation,HelloUltraviolet::Reference::Statements,runStatementsDeferReference,Source/Reference/Statements/Defer.uv,false,true,false,false,true
def.18.DeferSafe,HelloUltraviolet::Reference::Statements,runStatementsDeferReference,Source/Reference/Statements/Defer.uv,false,true,false,false,true
req.18.DeferStateAndProvenancePreservation,HelloUltraviolet::Reference::Statements,runStatementsDeferReference,Source/Reference/Statements/Defer.uv,false,true,false,false,true
rule.18.ExecSigma-Defer,HelloUltraviolet::Reference::Statements,runStatementsDeferReference,Source/Reference/Statements/Defer.uv,false,true,false,false,true
req.18.DeferCleanupSmallStep,HelloUltraviolet::Audit,artifactProjectEmitLlExercise,Source/Audit/ArtifactProjectExecution.uv,false,true,false,false,true
req.18.DeferCleanupBigStep,HelloUltraviolet::Audit,artifactProjectEmitLlExercise,Source/Audit/ArtifactProjectExecution.uv,false,true,false,false,true
rule.18.Lower-Stmt-Defer,HelloUltraviolet::Audit,artifactProjectEmitLlExercise,Source/Audit/ArtifactProjectExecution.uv,false,true,false,false,true
grammar.18.Region,HelloUltraviolet::Reference::Statements,runStatementsRegionReference,Source/Reference/Statements/Region.uv,false,true,false,false,true
rule.18.Parse-Region-Opts-None,HelloUltraviolet::Reference::Statements,runStatementsRegionReference,Source/Reference/Statements/Region.uv,false,true,false,false,true
rule.18.Parse-Region-Opts-Some,HelloUltraviolet::Reference::Statements,runStatementsRegionReference,Source/Reference/Statements/Region.uv,false,true,false,false,true
rule.18.Parse-Region-Alias-None,HelloUltraviolet::Reference::Statements,runStatementsRegionReference,Source/Reference/Statements/Region.uv,false,true,false,false,true
rule.18.Parse-Region-Alias-Some,HelloUltraviolet::Reference::Statements,runStatementsRegionReference,Source/Reference/Statements/Region.uv,false,true,false,false,true
rule.18.Parse-Region-Stmt,HelloUltraviolet::Reference::Statements,runStatementsRegionReference,Source/Reference/Statements/Region.uv,false,true,false,false,true
def.18.RegionStmtAst,HelloUltraviolet::Reference::Statements,runStatementsRegionReference,Source/Reference/Statements/Region.uv,false,true,false,false,true
def.18.RegionTypeAndFreshNameHelpers,HelloUltraviolet::Reference::Statements,runStatementsRegionReference,Source/Reference/Statements/Region.uv,false,true,false,false,true
def.18.RegionOptsExpr,HelloUltraviolet::Reference::Statements,runStatementsRegionReference,Source/Reference/Statements/Region.uv,false,true,false,false,true
def.18.RegionBind,HelloUltraviolet::Reference::Statements,runStatementsRegionReference,Source/Reference/Statements/Region.uv,false,true,false,false,true
rule.18.T-RegionStmt,HelloUltraviolet::Reference::Statements,runStatementsRegionReference,Source/Reference/Statements/Region.uv,false,true,false,false,true
req.18.AnonymousRegionSyntheticBinding,HelloUltraviolet::Reference::Statements,runStatementsRegionReference,Source/Reference/Statements/Region.uv,false,true,false,false,true
req.18.RegionBindingState,HelloUltraviolet::Reference::Statements,runStatementsRegionReference,Source/Reference/Statements/Region.uv,false,true,false,false,true
req.18.RegionProvenance,HelloUltraviolet::Reference::Statements,runStatementsRegionReference,Source/Reference/Statements/Region.uv,false,true,false,false,true
def.18.BindRegionAlias,HelloUltraviolet::Reference::Statements,runStatementsRegionReference,Source/Reference/Statements/Region.uv,false,true,false,false,true
rule.18.ExecSigma-Region,HelloUltraviolet::Reference::Statements,runStatementsRegionReference,Source/Reference/Statements/Region.uv,false,true,false,false,true
rule.18.ExecSigma-Region-Ctrl,HelloUltraviolet::Reference::Statements,runStatementsRegionReference,Source/Reference/Statements/Region.uv,false,true,false,false,true
def.18.RegionRelease,HelloUltraviolet::Reference::Statements,runStatementsRegionReference,Source/Reference/Statements/Region.uv,false,true,false,false,true
rule.18.Step-Exec-Region-Enter,HelloUltraviolet::Reference::Statements,runStatementsRegionReference,Source/Reference/Statements/Region.uv,false,true,false,false,true
rule.18.Step-Exec-Region-Enter-Ctrl,HelloUltraviolet::Reference::Statements,runStatementsRegionReference,Source/Reference/Statements/Region.uv,false,true,false,false,true
rule.18.Step-Exec-Region-Body,HelloUltraviolet::Reference::Statements,runStatementsRegionReference,Source/Reference/Statements/Region.uv,false,true,false,false,true
rule.18.Step-Exec-Region-Exit-Ok,HelloUltraviolet::Reference::Statements,runStatementsRegionReference,Source/Reference/Statements/Region.uv,false,true,false,false,true
rule.18.Step-Exec-Region-Exit-Ctrl,HelloUltraviolet::Reference::Statements,runStatementsRegionReference,Source/Reference/Statements/Region.uv,false,true,false,false,true
rule.18.Lower-Stmt-Region,HelloUltraviolet::Audit,acceptedProjectFixturesBuildAndExerciseArtifactObligations,Source/Audit/AcceptedProjectExecution.uv,false,true,false,false,true
grammar.18.Frame,HelloUltraviolet::Reference::Statements,runStatementsFrameReference,Source/Reference/Statements/Frame.uv,false,true,false,false,true
rule.18.Parse-Frame-Stmt,HelloUltraviolet::Reference::Statements,runStatementsFrameReference,Source/Reference/Statements/Frame.uv,false,true,false,false,true
rule.18.Parse-Frame-Explicit,HelloUltraviolet::Reference::Statements,runStatementsFrameReference,Source/Reference/Statements/Frame.uv,false,true,false,false,true
def.18.FrameStmtAst,HelloUltraviolet::Reference::Statements,runStatementsFrameReference,Source/Reference/Statements/Frame.uv,false,true,false,false,true
def.18.InnermostActiveRegion,HelloUltraviolet::Reference::Statements,runStatementsFrameReference,Source/Reference/Statements/Frame.uv,false,true,false,false,true
def.18.FrameBind,HelloUltraviolet::Reference::Statements,runStatementsFrameReference,Source/Reference/Statements/Frame.uv,false,true,false,false,true
rule.18.T-FrameStmt-Implicit,HelloUltraviolet::Reference::Statements,runStatementsFrameReference,Source/Reference/Statements/Frame.uv,false,true,false,false,true
rule.18.T-FrameStmt-Explicit,HelloUltraviolet::Reference::Statements,runStatementsFrameReference,Source/Reference/Statements/Frame.uv,false,true,false,false,true
req.18.FrameSyntheticRegionBinding,HelloUltraviolet::Reference::Statements,runStatementsFrameReference,Source/Reference/Statements/Frame.uv,false,true,false,false,true
req.18.FrameBindingState,HelloUltraviolet::Reference::Statements,runStatementsFrameReference,Source/Reference/Statements/Frame.uv,false,true,false,false,true
req.18.FrameProvenance,HelloUltraviolet::Reference::Statements,runStatementsFrameReference,Source/Reference/Statements/Frame.uv,false,true,false,false,true
def.18.FrameTargetResolution,HelloUltraviolet::Reference::Statements,runStatementsFrameReference,Source/Reference/Statements/Frame.uv,false,true,false,false,true
def.18.FrameEnter,HelloUltraviolet::Reference::Statements,runStatementsFrameReference,Source/Reference/Statements/Frame.uv,false,true,false,false,true
rule.18.ExecSigma-Frame-Implicit,HelloUltraviolet::Reference::Statements,runStatementsFrameReference,Source/Reference/Statements/Frame.uv,false,true,false,false,true
rule.18.ExecSigma-Frame-Explicit,HelloUltraviolet::Reference::Statements,runStatementsFrameReference,Source/Reference/Statements/Frame.uv,false,true,false,false,true
def.18.FrameReset,HelloUltraviolet::Reference::Statements,runStatementsFrameReference,Source/Reference/Statements/Frame.uv,false,true,false,false,true
rule.18.Step-Exec-Frame-Enter-Implicit,HelloUltraviolet::Reference::Statements,runStatementsFrameReference,Source/Reference/Statements/Frame.uv,false,true,false,false,true
rule.18.Step-Exec-Frame-Enter-Explicit,HelloUltraviolet::Reference::Statements,runStatementsFrameReference,Source/Reference/Statements/Frame.uv,false,true,false,false,true
rule.18.Step-Exec-Frame-Body,HelloUltraviolet::Reference::Statements,runStatementsFrameReference,Source/Reference/Statements/Frame.uv,false,true,false,false,true
rule.18.Step-Exec-Frame-Exit-Ok,HelloUltraviolet::Reference::Statements,runStatementsFrameReference,Source/Reference/Statements/Frame.uv,false,true,false,false,true
rule.18.Step-Exec-Frame-Exit-Ctrl,HelloUltraviolet::Reference::Statements,runStatementsFrameReference,Source/Reference/Statements/Frame.uv,false,true,false,false,true
rule.18.Lower-Stmt-Frame-Implicit,HelloUltraviolet::Audit,acceptedProjectFixturesBuildAndExerciseArtifactObligations,Source/Audit/AcceptedProjectExecution.uv,false,true,false,false,true
rule.18.Lower-Stmt-Frame-Explicit,HelloUltraviolet::Audit,acceptedProjectFixturesBuildAndExerciseArtifactObligations,Source/Audit/AcceptedProjectExecution.uv,false,true,false,false,true
grammar.18.ControlTransferStatements,HelloUltraviolet::Reference::Statements,runStatementsControlTransferReference,Source/Reference/Statements/ControlTransfer.uv,false,true,false,false,true
rule.18.Parse-Return-Stmt,HelloUltraviolet::Reference::Statements,runStatementsControlTransferReference,Source/Reference/Statements/ControlTransfer.uv,false,true,false,false,true
rule.18.Parse-Break-Stmt,HelloUltraviolet::Reference::Statements,runStatementsControlTransferReference,Source/Reference/Statements/ControlTransfer.uv,false,true,false,false,true
rule.18.Parse-Continue-Stmt,HelloUltraviolet::Reference::Statements,runStatementsControlTransferReference,Source/Reference/Statements/ControlTransfer.uv,false,true,false,false,true
def.18.ControlTransferAstForms,HelloUltraviolet::Reference::Statements,runStatementsControlTransferReference,Source/Reference/Statements/ControlTransfer.uv,false,true,false,false,true
rule.18.T-Return-Unit,HelloUltraviolet::Reference::Statements,runStatementsControlTransferReference,Source/Reference/Statements/ControlTransfer.uv,false,true,false,false,true
rule.18.T-Break-Value,HelloUltraviolet::Reference::Statements,runStatementsControlTransferReference,Source/Reference/Statements/ControlTransfer.uv,false,true,false,false,true
rule.18.T-Break-Unit,HelloUltraviolet::Reference::Statements,runStatementsControlTransferReference,Source/Reference/Statements/ControlTransfer.uv,false,true,false,false,true
rule.18.T-Continue,HelloUltraviolet::Reference::Statements,runStatementsControlTransferReference,Source/Reference/Statements/ControlTransfer.uv,false,true,false,false,true
req.18.ControlTransferBindingState,HelloUltraviolet::Reference::Statements,runStatementsControlTransferReference,Source/Reference/Statements/ControlTransfer.uv,false,true,false,false,true
req.18.ControlTransferProvenance,HelloUltraviolet::Reference::Statements,runStatementsControlTransferReference,Source/Reference/Statements/ControlTransfer.uv,false,true,false,false,true
rule.18.ExecSigma-Return-Unit,HelloUltraviolet::Reference::Statements,runStatementsControlTransferReference,Source/Reference/Statements/ControlTransfer.uv,false,true,false,false,true
rule.18.ExecSigma-Return-Ctrl,HelloUltraviolet::Reference::Statements,runStatementsControlTransferReference,Source/Reference/Statements/ControlTransfer.uv,false,true,false,false,true
rule.18.ExecSigma-Break,HelloUltraviolet::Reference::Statements,runStatementsControlTransferReference,Source/Reference/Statements/ControlTransfer.uv,false,true,false,false,true
rule.18.ExecSigma-Break-Unit,HelloUltraviolet::Reference::Statements,runStatementsControlTransferReference,Source/Reference/Statements/ControlTransfer.uv,false,true,false,false,true
rule.18.ExecSigma-Break-Ctrl,HelloUltraviolet::Reference::Statements,runStatementsControlTransferReference,Source/Reference/Statements/ControlTransfer.uv,false,true,false,false,true
rule.18.ExecSigma-Continue,HelloUltraviolet::Reference::Statements,runStatementsControlTransferReference,Source/Reference/Statements/ControlTransfer.uv,false,true,false,false,true
rule.18.Lower-Stmt-Return-Unit,HelloUltraviolet::Audit,acceptedProjectFixturesBuildAndExerciseArtifactObligations,Source/Audit/AcceptedProjectExecution.uv,false,true,false,false,true
rule.18.Lower-Stmt-Break,HelloUltraviolet::Audit,acceptedProjectFixturesBuildAndExerciseArtifactObligations,Source/Audit/AcceptedProjectExecution.uv,false,true,false,false,true
rule.18.Lower-Stmt-Break-Unit,HelloUltraviolet::Audit,acceptedProjectFixturesBuildAndExerciseArtifactObligations,Source/Audit/AcceptedProjectExecution.uv,false,true,false,false,true
rule.18.Lower-Stmt-Continue,HelloUltraviolet::Audit,acceptedProjectFixturesBuildAndExerciseArtifactObligations,Source/Audit/AcceptedProjectExecution.uv,false,true,false,false,true
req.18.ControlTransferTemporaryCleanupLowering,HelloUltraviolet::Audit,acceptedProjectFixturesBuildAndExerciseArtifactObligations,Source/Audit/AcceptedProjectExecution.uv,false,true,false,false,true
grammar.18.UnsafeStatements,HelloUltraviolet::Reference::Statements,runStatementsUnsafeReference,Source/Reference/Statements/Unsafe.uv,false,true,false,false,true
rule.18.Parse-Unsafe-Block,HelloUltraviolet::Reference::Statements,runStatementsUnsafeReference,Source/Reference/Statements/Unsafe.uv,false,true,false,false,true
def.18.UnsafeBlockStmtAst,HelloUltraviolet::Reference::Statements,runStatementsUnsafeReference,Source/Reference/Statements/Unsafe.uv,false,true,false,false,true
rule.18.T-UnsafeStmt,HelloUltraviolet::Reference::Statements,runStatementsUnsafeReference,Source/Reference/Statements/Unsafe.uv,false,true,false,false,true
req.18.UnsafeStatementStateAndProvenance,HelloUltraviolet::Reference::Statements,runStatementsUnsafeReference,Source/Reference/Statements/Unsafe.uv,false,true,false,false,true
rule.18.ExecSigma-UnsafeStmt,HelloUltraviolet::Reference::Statements,runStatementsUnsafeReference,Source/Reference/Statements/Unsafe.uv,false,true,false,false,true
rule.18.Lower-Stmt-UnsafeBlock,HelloUltraviolet::Audit,acceptedProjectFixturesBuildAndExerciseArtifactObligations,Source/Audit/AcceptedProjectExecution.uv,false,true,false,false,true
grammar.19.KeyPaths,HelloUltraviolet::Reference::Keys,runKeysKeyPathsReference,Source/Reference/Keys/KeyPaths.uv,false,true,false,false,true
parse.19.KeyPathRules,HelloUltraviolet::Reference::Keys,runKeysKeyPathsReference,Source/Reference/Keys/KeyPaths.uv,false,true,false,false,true
ast.19.KeyPathForms,HelloUltraviolet::Reference::Keys,runKeysKeyPathsReference,Source/Reference/Keys/KeyPaths.uv,false,true,false,false,true
requirement.19.KeyPathWellFormedness,HelloUltraviolet::Audit::Catalog::KeySystem,keySystemCompilerConformanceArtifactMatches,Source/Audit/Catalog/KeySystem/CompilerConformanceExecution.uv,false,true,false,false,true
requirement.19.KeyAnalysisSharedOnly,HelloUltraviolet::Audit::Catalog::KeySystem,keySystemCompilerConformanceArtifactMatches,Source/Audit/Catalog/KeySystem/CompilerConformanceExecution.uv,false,true,false,false,true
def.19.RootExtraction,HelloUltraviolet::Reference::Keys,runKeysKeyPathsReference,Source/Reference/Keys/KeyPaths.uv,false,true,false,false,true
def.19.ObjectIdentity,HelloUltraviolet::Reference::Keys,objectIdentityReference,Source/Reference/Keys/KeyPaths.uv,false,true,false,false,true
def.19.KeyPathFormation,HelloUltraviolet::Reference::Keys,runKeysKeyPathsReference,Source/Reference/Keys/KeyPaths.uv,false,true,false,false,true
requirement.19.PointerDereferenceKeyAccess,HelloUltraviolet::Reference::Keys,pointerDereferenceKeyAccessReference,Source/Reference/Keys/KeyPaths.uv,false,true,false,false,true
requirement.19.SharedDynamicClassObjects,HelloUltraviolet::Reference::Keys,sharedDynamicClassObjectsReference,Source/Reference/Keys/KeyPaths.uv,false,true,false,false,true
def.19.DynMethods,HelloUltraviolet::Reference::Keys,runKeysKeyPathsReference,Source/Reference/Keys/KeyPaths.uv,false,true,false,false,true
rule.19.K-Witness-Shared-WF,HelloUltraviolet::Reference::Keys,runKeysKeyPathsReference,Source/Reference/Keys/KeyPaths.uv,false,true,false,false,true
requirement.19.RuntimeKeyRootIdentityConstraints,HelloUltraviolet::Reference::Keys,runtimeKeyRootIdentityConstraintsReference,Source/Reference/Keys/KeyPaths.uv,false,true,false,false,true
def.19.SharedDynamicMethodCallKeyPath,HelloUltraviolet::Reference::Keys,runKeysKeyPathsReference,Source/Reference/Keys/KeyPaths.uv,false,true,false,false,true
def.19.KeyLoweringForms,HelloUltraviolet::Audit::Catalog::KeySystem,keySystemCompilerConformanceArtifactMatches,Source/Audit/Catalog/KeySystem/CompilerConformanceExecution.uv,false,true,false,false,true
rule.19.Lower-KeyPath,HelloUltraviolet::Audit::Catalog::KeySystem,keySystemCompilerConformanceArtifactMatches,Source/Audit/Catalog/KeySystem/CompilerConformanceExecution.uv,false,true,false,false,true
rule.19.Lower-KeyAccess-Uncovered,HelloUltraviolet::Audit::Catalog::KeySystem,keySystemCompilerConformanceArtifactMatches,Source/Audit/Catalog/KeySystem/CompilerConformanceExecution.uv,false,true,false,false,true
rule.19.Lower-KeyAccess-Covered,HelloUltraviolet::Audit::Catalog::KeySystem,keySystemCompilerConformanceArtifactMatches,Source/Audit/Catalog/KeySystem/CompilerConformanceExecution.uv,false,true,false,false,true
grammar.19.KeyAcquisitionBlocks,HelloUltraviolet::Reference::Keys,runKeysAcquisitionBlocksReference,Source/Reference/Keys/AcquisitionBlocks.uv,false,true,false,false,true
requirement.19.OrderedKeyBlockOption,HelloUltraviolet::Audit::Catalog::KeySystem,keySystemCompilerConformanceArtifactMatches,Source/Audit/Catalog/KeySystem/CompilerConformanceExecution.uv,false,true,false,false,true
parse.19.KeyBlockRules,HelloUltraviolet::Reference::Keys,runKeysAcquisitionBlocksReference,Source/Reference/Keys/AcquisitionBlocks.uv,false,true,false,false,true
ast.19.KeyBlockForms,HelloUltraviolet::Reference::Keys,runKeysAcquisitionBlocksReference,Source/Reference/Keys/AcquisitionBlocks.uv,false,true,false,false,true
def.19.KeyTriple,HelloUltraviolet::Reference::Keys,runKeysAcquisitionBlocksReference,Source/Reference/Keys/AcquisitionBlocks.uv,false,true,false,false,true
rule.19.K-Mode-Read,HelloUltraviolet::Reference::Keys,runKeysAcquisitionBlocksReference,Source/Reference/Keys/AcquisitionBlocks.uv,false,true,false,false,true
rule.19.K-Mode-Write,HelloUltraviolet::Reference::Keys,runKeysAcquisitionBlocksReference,Source/Reference/Keys/AcquisitionBlocks.uv,false,true,false,false,true
requirement.19.RestrictiveContextApplies,HelloUltraviolet::Reference::Keys,restrictiveContextAppliesReference,Source/Reference/Keys/AcquisitionBlocks.uv,false,true,false,false,true
def.19.ReadContexts,HelloUltraviolet::Reference::Keys,runKeysAcquisitionBlocksReference,Source/Reference/Keys/AcquisitionBlocks.uv,false,true,false,false,true
def.19.WriteContexts,HelloUltraviolet::Reference::Keys,runKeysAcquisitionBlocksReference,Source/Reference/Keys/AcquisitionBlocks.uv,false,true,false,false,true
def.19.KeyStateContext,HelloUltraviolet::Reference::Keys,runKeysAcquisitionBlocksReference,Source/Reference/Keys/AcquisitionBlocks.uv,false,true,false,false,true
def.19.Covered,HelloUltraviolet::Reference::Keys,runKeysAcquisitionBlocksReference,Source/Reference/Keys/AcquisitionBlocks.uv,false,true,false,false,true
requirement.19.ValidKeyContext,HelloUltraviolet::Audit::Catalog::KeySystem,keySystemCompilerConformanceArtifactMatches,Source/Audit/Catalog/KeySystem/CompilerConformanceExecution.uv,false,true,false,false,true
rule.19.K-Acquire-New,HelloUltraviolet::Audit::Catalog::KeySystem,keySystemCompilerConformanceArtifactMatches,Source/Audit/Catalog/KeySystem/CompilerConformanceExecution.uv,false,true,false,false,true
rule.19.K-Acquire-Covered,HelloUltraviolet::Audit::Catalog::KeySystem,keySystemCompilerConformanceArtifactMatches,Source/Audit/Catalog/KeySystem/CompilerConformanceExecution.uv,false,true,false,false,true
requirement.19.KeyAcquisitionEvaluationOrder,HelloUltraviolet::Audit::Catalog::KeySystem,keySystemCompilerConformanceArtifactMatches,Source/Audit/Catalog/KeySystem/CompilerConformanceExecution.uv,false,true,false,false,true
rule.19.K-Block-Acquire,HelloUltraviolet::Audit::Catalog::KeySystem,keySystemCompilerConformanceArtifactMatches,Source/Audit/Catalog/KeySystem/CompilerConformanceExecution.uv,false,true,false,false,true
rule.19.K-Read-Block-No-Write,HelloUltraviolet::Reference::Keys,runKeysAcquisitionBlocksReference,Source/Reference/Keys/AcquisitionBlocks.uv,false,true,false,false,true
requirement.19.KeyCoarseningInlineMarker,HelloUltraviolet::Audit::Catalog::KeySystem,keySystemCompilerConformanceArtifactMatches,Source/Audit/Catalog/KeySystem/CompilerConformanceExecution.uv,false,true,false,false,true
rule.19.K-Coarsen-Inline,HelloUltraviolet::Reference::Keys,runKeysAcquisitionBlocksReference,Source/Reference/Keys/AcquisitionBlocks.uv,false,true,false,false,true
requirement.19.FieldKeyBoundary,HelloUltraviolet::Reference::Keys,runKeysKeyPathsReference,Source/Reference/Keys/KeyPaths.uv,false,true,false,false,true
requirement.19.ClosureDependencySetConsumption,HelloUltraviolet::Reference::Keys,closureDependencySetConsumptionReference,Source/Reference/Keys/AcquisitionBlocks.uv,false,true,false,false,true
def.19.SharedCaptures,HelloUltraviolet::Reference::Keys,runKeysAcquisitionBlocksReference,Source/Reference/Keys/AcquisitionBlocks.uv,false,true,false,false,true
def.19.LocalClosureKeyPath,HelloUltraviolet::Reference::Keys,runKeysAcquisitionBlocksReference,Source/Reference/Keys/AcquisitionBlocks.uv,false,true,false,false,true
rule.19.K-Closure-Escape-Keys,HelloUltraviolet::Reference::Keys,runKeysAcquisitionBlocksReference,Source/Reference/Keys/AcquisitionBlocks.uv,false,true,false,false,true
requirement.19.EscapingClosureRuntimeIdentityCoverage,HelloUltraviolet::Reference::Keys,escapingClosureRuntimeIdentityCoverageReference,Source/Reference/Keys/AcquisitionBlocks.uv,false,true,false,false,true
requirement.19.KeyBlockCanonicalOrderReferences,HelloUltraviolet::Audit::Catalog::KeySystem,keySystemCompilerConformanceArtifactMatches,Source/Audit/Catalog/KeySystem/CompilerConformanceExecution.uv,false,true,false,false,true
def.19.KeyBlockRuntimeJudgments,HelloUltraviolet::Audit::Catalog::KeySystem,keySystemCompilerConformanceArtifactMatches,Source/Audit/Catalog/KeySystem/CompilerConformanceExecution.uv,false,true,false,false,true
def.19.AcquireKeysSigma,HelloUltraviolet::Audit::Catalog::KeySystem,keySystemCompilerConformanceArtifactMatches,Source/Audit/Catalog/KeySystem/CompilerConformanceExecution.uv,false,true,false,false,true
def.19.ReleaseKeysSigma,HelloUltraviolet::Reference::Keys,runKeysAcquisitionBlocksReference,Source/Reference/Keys/AcquisitionBlocks.uv,false,true,false,false,true
rule.19.ExecSigma-KeyBlock,HelloUltraviolet::Reference::Keys,runKeysAcquisitionBlocksReference,Source/Reference/Keys/AcquisitionBlocks.uv,false,true,false,false,true
rule.19.ExecSigma-KeyBlock-Ctrl,HelloUltraviolet::Reference::Keys,runKeysAcquisitionBlocksReference,Source/Reference/Keys/AcquisitionBlocks.uv,false,true,false,false,true
rule.19.Step-Exec-KeyBlock-Enter,HelloUltraviolet::Reference::Keys,runKeysAcquisitionBlocksReference,Source/Reference/Keys/AcquisitionBlocks.uv,false,true,false,false,true
rule.19.Step-Exec-KeyBlock-Body,HelloUltraviolet::Reference::Keys,runKeysAcquisitionBlocksReference,Source/Reference/Keys/AcquisitionBlocks.uv,false,true,false,false,true
rule.19.Step-Exec-KeyBlock-Exit-Ok,HelloUltraviolet::Reference::Keys,runKeysAcquisitionBlocksReference,Source/Reference/Keys/AcquisitionBlocks.uv,false,true,false,false,true
rule.19.Step-Exec-KeyBlock-Exit-Ctrl,HelloUltraviolet::Reference::Keys,runKeysAcquisitionBlocksReference,Source/Reference/Keys/AcquisitionBlocks.uv,false,true,false,false,true
requirement.19.ScopeExitKeyRelease,HelloUltraviolet::Audit::Catalog::KeySystem,keySystemCompilerConformanceArtifactMatches,Source/Audit/Catalog/KeySystem/CompilerConformanceExecution.uv,false,true,false,false,true
requirement.19.LocalClosureInvocationSharedCaptures,HelloUltraviolet::Reference::Keys,localClosureInvocationSharedCapturesReference,Source/Reference/Keys/AcquisitionBlocks.uv,false,true,false,false,true
requirement.19.EscapingClosureInvocationSharedCaptures,HelloUltraviolet::Reference::Keys,escapingClosureInvocationSharedCapturesReference,Source/Reference/Keys/AcquisitionBlocks.uv,false,true,false,false,true
def.19.LowerKeyPathsEmpty,HelloUltraviolet::Audit::Catalog::KeySystem,keySystemCompilerConformanceArtifactMatches,Source/Audit/Catalog/KeySystem/CompilerConformanceExecution.uv,false,true,false,false,true
def.19.LowerKeyPathsCons,HelloUltraviolet::Audit::Catalog::KeySystem,keySystemCompilerConformanceArtifactMatches,Source/Audit/Catalog/KeySystem/CompilerConformanceExecution.uv,false,true,false,false,true
rule.19.Lower-Stmt-KeyBlock,HelloUltraviolet::Audit::Catalog::KeySystem,keySystemCompilerConformanceArtifactMatches,Source/Audit/Catalog/KeySystem/CompilerConformanceExecution.uv,false,true,false,false,true
requirement.19.KeyScopeBound,HelloUltraviolet::Audit::Catalog::KeySystem,keySystemCompilerConformanceArtifactMatches,Source/Audit/Catalog/KeySystem/CompilerConformanceExecution.uv,false,true,false,false,true
requirement.19.ConflictDetectionNoAdditionalSyntax,HelloUltraviolet::Audit::Catalog::KeySystem,keySystemCompilerConformanceArtifactMatches,Source/Audit/Catalog/KeySystem/CompilerConformanceExecution.uv,false,true,false,false,true
requirement.19.ConflictDetectionNoAdditionalParsingRules,HelloUltraviolet::Audit::Catalog::KeySystem,keySystemCompilerConformanceArtifactMatches,Source/Audit/Catalog/KeySystem/CompilerConformanceExecution.uv,false,true,false,false,true
def.19.PrefixAndDisjoint,HelloUltraviolet::Reference::Keys,prefixAndDisjointReference,Source/Reference/Keys/ConflictDetection.uv,false,true,false,false,true
def.19.KeyPathOrdering,HelloUltraviolet::Reference::Keys,runKeysConflictDetectionReference,Source/Reference/Keys/ConflictDetection.uv,false,true,false,false,true
def.19.KeyCompatibility,HelloUltraviolet::Reference::Keys,keyCompatibilityReference,Source/Reference/Keys/ConflictDetection.uv,false,true,false,false,true
def.19.IndexEquivalence,HelloUltraviolet::Reference::Keys,indexEquivalenceReference,Source/Reference/Keys/ConflictDetection.uv,false,true,false,false,true
requirement.19.IndexEquivalenceConservativeSubset,HelloUltraviolet::Audit::Catalog::KeySystem,keySystemCompilerConformanceArtifactMatches,Source/Audit/Catalog/KeySystem/CompilerConformanceExecution.uv,false,true,false,false,true
rule.19.K-Disjoint-Safe,HelloUltraviolet::Reference::Keys,disjointKeyAccessReference,Source/Reference/Keys/ConflictDetection.uv,false,true,false,false,true
rule.19.K-Prefix-Coverage,HelloUltraviolet::Reference::Keys,prefixCoverageReference,Source/Reference/Keys/ConflictDetection.uv,false,true,false,false,true
def.19.DynamicIndexDisjointness,HelloUltraviolet::Reference::Keys,dynamicIndexDisjointnessReference,Source/Reference/Keys/ConflictDetection.uv,false,true,false,false,true
requirement.19.DynamicIndexDisjointnessConservativeSubset,HelloUltraviolet::Audit::Catalog::KeySystem,keySystemCompilerConformanceArtifactMatches,Source/Audit/Catalog/KeySystem/CompilerConformanceExecution.uv,false,true,false,false,true
def.19.ReadThenWrite,HelloUltraviolet::Reference::Keys,readThenWriteReference,Source/Reference/Keys/ConflictDetection.uv,false,true,false,false,true
requirement.19.ReadThenWriteOtherWriteForms,HelloUltraviolet::Audit::Catalog::KeySystem,keySystemCompilerConformanceArtifactMatches,Source/Audit/Catalog/KeySystem/CompilerConformanceExecution.uv,false,true,false,false,true
rule.19.K-RMW-Permitted,HelloUltraviolet::Reference::Keys,readThenWriteReference,Source/Reference/Keys/ConflictDetection.uv,false,true,false,false,true
def.19.OrderedComparablePaths,HelloUltraviolet::Reference::Keys,orderedComparablePathsReference,Source/Reference/Keys/ConflictDetection.uv,false,true,false,false,true
rule.19.K-Ordered-Ok,HelloUltraviolet::Reference::Keys,orderedComparablePathsReference,Source/Reference/Keys/ConflictDetection.uv,false,true,false,false,true
requirement.19.CanonicalOrderDynamicUse,HelloUltraviolet::Audit::Catalog::KeySystem,keySystemCompilerConformanceArtifactMatches,Source/Audit/Catalog/KeySystem/CompilerConformanceExecution.uv,false,true,false,false,true
requirement.19.KeyConflictRuntimeCompatibility,HelloUltraviolet::Audit::Catalog::KeySystem,keySystemCompilerConformanceArtifactMatches,Source/Audit/Catalog/KeySystem/CompilerConformanceExecution.uv,false,true,false,false,true
def.19.LowerConflictChecks,HelloUltraviolet::Audit::Catalog::KeySystem,keySystemCompilerConformanceArtifactMatches,Source/Audit/Catalog/KeySystem/CompilerConformanceExecution.uv,false,true,false,false,true
rule.19.Lower-Key-ConflictChecks,HelloUltraviolet::Audit::Catalog::KeySystem,keySystemCompilerConformanceArtifactMatches,Source/Audit/Catalog/KeySystem/CompilerConformanceExecution.uv,false,true,false,false,true
requirement.19.NestedReleaseNoAdditionalSyntax,HelloUltraviolet::Audit::Catalog::KeySystem,keySystemCompilerConformanceArtifactMatches,Source/Audit/Catalog/KeySystem/CompilerConformanceExecution.uv,false,true,false,false,true
requirement.19.NestedReleaseNoAdditionalParsingRules,HelloUltraviolet::Audit::Catalog::KeySystem,keySystemCompilerConformanceArtifactMatches,Source/Audit/Catalog/KeySystem/CompilerConformanceExecution.uv,false,true,false,false,true
ast.19.NestedReleaseForm,HelloUltraviolet::Reference::Keys,runKeysNestedReleaseReference,Source/Reference/Keys/NestedRelease.uv,false,true,false,false,true
rule.19.K-Nested-Same-Path,HelloUltraviolet::Reference::Keys,runKeysNestedReleaseReference,Source/Reference/Keys/NestedRelease.uv,false,true,false,false,true
def.19.SharedParam,HelloUltraviolet::Reference::Keys,runKeysNestedReleaseReference,Source/Reference/Keys/NestedRelease.uv,false,true,false,false,true
def.19.DirectCalleeAccesses,HelloUltraviolet::Audit::Catalog::KeySystem,keySystemCompilerConformanceArtifactMatches,Source/Audit/Catalog/KeySystem/CompilerConformanceExecution.uv,false,true,false,false,true
def.19.CalleeAccessSummary,HelloUltraviolet::Reference::Keys,runKeysNestedReleaseReference,Source/Reference/Keys/NestedRelease.uv,false,true,false,false,true
def.19.CalleeAccessInstantiation,HelloUltraviolet::Reference::Keys,runKeysNestedReleaseReference,Source/Reference/Keys/NestedRelease.uv,false,true,false,false,true
rule.19.K-Reentrant,HelloUltraviolet::Reference::Keys,runKeysNestedReleaseReference,Source/Reference/Keys/NestedRelease.uv,false,true,false,false,true
rule.19.CallSharedArgumentNoKeyAcquisition,HelloUltraviolet::Reference::Keys,runKeysNestedReleaseReference,Source/Reference/Keys/NestedRelease.uv,false,true,false,false,true
requirement.19.NestedReleaseExecutionSequence,HelloUltraviolet::Audit::Catalog::KeySystem,keySystemCompilerConformanceArtifactMatches,Source/Audit/Catalog/KeySystem/CompilerConformanceExecution.uv,false,true,false,false,true
rule.19.K-Release-Sequence,HelloUltraviolet::Reference::Keys,runKeysNestedReleaseReference,Source/Reference/Keys/NestedRelease.uv,false,true,false,false,true
requirement.19.NestedReleaseInterleavingWindow,HelloUltraviolet::Audit::Catalog::KeySystem,keySystemCompilerConformanceArtifactMatches,Source/Audit/Catalog/KeySystem/CompilerConformanceExecution.uv,false,true,false,false,true
def.19.HeldKeyAccessors,HelloUltraviolet::Reference::Keys,runKeysNestedReleaseReference,Source/Reference/Keys/NestedRelease.uv,false,true,false,false,true
def.19.ReleasedKeyState,HelloUltraviolet::Reference::Keys,runKeysNestedReleaseReference,Source/Reference/Keys/NestedRelease.uv,false,true,false,false,true
rule.19.ExecSigma-KeyBlock-Release,HelloUltraviolet::Reference::Keys,runKeysNestedReleaseReference,Source/Reference/Keys/NestedRelease.uv,false,true,false,false,true
rule.19.Lower-Stmt-KeyBlock-Release,HelloUltraviolet::Audit::Catalog::KeySystem,keySystemCompilerConformanceArtifactMatches,Source/Audit/Catalog/KeySystem/CompilerConformanceExecution.uv,false,true,false,false,true
grammar.19.SpeculativeExecution,HelloUltraviolet::Reference::Keys,runKeysSpeculativeExecutionReference,Source/Reference/Keys/SpeculativeExecution.uv,false,true,false,false,true
parse.19.SpeculativeBlocks,HelloUltraviolet::Reference::Keys,runKeysSpeculativeExecutionReference,Source/Reference/Keys/SpeculativeExecution.uv,false,true,false,false,true
ast.19.SpeculativeBlockForm,HelloUltraviolet::Reference::Keys,runKeysSpeculativeExecutionReference,Source/Reference/Keys/SpeculativeExecution.uv,false,true,false,false,true
def.19.SpeculativeSetsAndStates,HelloUltraviolet::Reference::Keys,runKeysSpeculativeExecutionReference,Source/Reference/Keys/SpeculativeExecution.uv,false,true,false,false,true
requirement.19.SpeculativePermittedOperations,HelloUltraviolet::Reference::Keys,speculativePermittedOperationsReference,Source/Reference/Keys/SpeculativeExecution.uv,false,true,false,false,true
requirement.19.SpeculativeProhibitedOperations,HelloUltraviolet::Audit,rejectedSourceFixturesCompileAndEmitExpectedDiagnostics,Source/Audit/DiagnosticFixtureExecution.uv,false,true,false,false,true
def.19.IsCallLike,HelloUltraviolet::Reference::Keys,runKeysSpeculativeExecutionReference,Source/Reference/Keys/SpeculativeExecution.uv,false,true,false,false,true
rule.19.ExecSigma-KeyBlock-Speculative,HelloUltraviolet::Reference::Keys,runKeysSpeculativeExecutionReference,Source/Reference/Keys/SpeculativeExecution.uv,false,true,false,false,true
def.19.SpecLoop,HelloUltraviolet::Reference::Keys,runKeysSpeculativeExecutionReference,Source/Reference/Keys/SpeculativeExecution.uv,false,true,false,false,true
rule.19.Spec-Start,HelloUltraviolet::Reference::Keys,runKeysSpeculativeExecutionReference,Source/Reference/Keys/SpeculativeExecution.uv,false,true,false,false,true
rule.19.Spec-Snapshot,HelloUltraviolet::Reference::Keys,runKeysSpeculativeExecutionReference,Source/Reference/Keys/SpeculativeExecution.uv,false,true,false,false,true
rule.19.Spec-Exec-Ok,HelloUltraviolet::Reference::Keys,runKeysSpeculativeExecutionReference,Source/Reference/Keys/SpeculativeExecution.uv,false,true,false,false,true
rule.19.Spec-Exec-Panic,HelloUltraviolet::Reference::Keys,speculativePanicReference,Source/Reference/Keys/SpeculativeExecution.uv,false,true,false,false,true
rule.19.Spec-Commit-Success,HelloUltraviolet::Reference::Keys,runKeysSpeculativeExecutionReference,Source/Reference/Keys/SpeculativeExecution.uv,false,true,false,false,true
rule.19.SpecBlock-Ok,HelloUltraviolet::Reference::Keys,runKeysSpeculativeExecutionReference,Source/Reference/Keys/SpeculativeExecution.uv,false,true,false,false,true
rule.19.SpecBlock-Panic,HelloUltraviolet::Reference::Keys,speculativePanicReference,Source/Reference/Keys/SpeculativeExecution.uv,false,true,false,false,true
def.19.SpeculativeRuntimeHelpers,HelloUltraviolet::Reference::Keys,speculativeRuntimeHelpersReference,Source/Reference/Keys/SpeculativeExecution.uv,false,true,false,false,true
requirement.19.SpeculativePanicDiscardsWrites,HelloUltraviolet::Reference::Keys,speculativePanicReference,Source/Reference/Keys/SpeculativeExecution.uv,false,true,false,false,true
requirement.19.SpeculativeAtomicity,HelloUltraviolet::Reference::Keys,speculativeAtomicityReference,Source/Reference/Keys/SpeculativeExecution.uv,false,true,false,false,true
def.19.SpeculativeIR,HelloUltraviolet::Audit::Catalog::KeySystem,keySystemCompilerConformanceArtifactMatches,Source/Audit/Catalog/KeySystem/CompilerConformanceExecution.uv,false,true,false,false,true
rule.19.Lower-Stmt-KeyBlock-Speculative,HelloUltraviolet::Audit::Catalog::KeySystem,keySystemCompilerConformanceArtifactMatches,Source/Audit/Catalog/KeySystem/CompilerConformanceExecution.uv,false,true,false,false,true
requirement.19.DynamicKeyVerificationNoAdditionalSyntax,HelloUltraviolet::Audit::Catalog::KeySystem,keySystemCompilerConformanceArtifactMatches,Source/Audit/Catalog/KeySystem/CompilerConformanceExecution.uv,false,true,false,false,true
requirement.19.DynamicKeyVerificationNoAdditionalParsingRules,HelloUltraviolet::Audit::Catalog::KeySystem,keySystemCompilerConformanceArtifactMatches,Source/Audit/Catalog/KeySystem/CompilerConformanceExecution.uv,false,true,false,false,true
def.19.StaticallySafeConditions,HelloUltraviolet::Reference::Keys,runKeysDynamicVerificationReference,Source/Reference/Keys/DynamicVerification.uv,false,true,false,false,true
requirement.19.StaticallySafeSoundProofRequired,HelloUltraviolet::Audit::Catalog::KeySystem,keySystemCompilerConformanceArtifactMatches,Source/Audit/Catalog/KeySystem/CompilerConformanceExecution.uv,false,true,false,false,true
rule.19.K-Static-Safe,HelloUltraviolet::Reference::Keys,runKeysDynamicVerificationReference,Source/Reference/Keys/DynamicVerification.uv,false,true,false,false,true
requirement.19.NoRuntimeSyncMeaning,HelloUltraviolet::Audit::Catalog::KeySystem,keySystemCompilerConformanceArtifactMatches,Source/Audit/Catalog/KeySystem/CompilerConformanceExecution.uv,false,true,false,false,true
requirement.19.RuntimeSynchronizationRequirements,HelloUltraviolet::Audit::Catalog::KeySystem,keySystemCompilerConformanceArtifactMatches,Source/Audit/Catalog/KeySystem/CompilerConformanceExecution.uv,false,true,false,false,true
requirement.19.DynamicIndexRuntimeOrdering,HelloUltraviolet::Audit::Catalog::KeySystem,keySystemCompilerConformanceArtifactMatches,Source/Audit/Catalog/KeySystem/CompilerConformanceExecution.uv,false,true,false,false,true
requirement.19.DynamicIndexedPathCoarsening,HelloUltraviolet::Audit::Catalog::KeySystem,keySystemCompilerConformanceArtifactMatches,Source/Audit/Catalog/KeySystem/CompilerConformanceExecution.uv,false,true,false,false,true
requirement.19.CanonicalOrderDeadlockFreedom,HelloUltraviolet::Audit::Catalog::KeySystem,keySystemCompilerConformanceArtifactMatches,Source/Audit/Catalog/KeySystem/CompilerConformanceExecution.uv,false,true,false,false,true
requirement.19.StaticAndRuntimeKeySafetyEquivalence,HelloUltraviolet::Audit::Catalog::KeySystem,keySystemCompilerConformanceArtifactMatches,Source/Audit/Catalog/KeySystem/CompilerConformanceExecution.uv,false,true,false,false,true
rule.19.K-Dynamic-Permitted,HelloUltraviolet::Reference::Keys,runKeysDynamicVerificationReference,Source/Reference/Keys/DynamicVerification.uv,false,true,false,false,true
requirement.19.DynamicContextStaticSafeLowering,HelloUltraviolet::Audit::Catalog::KeySystem,keySystemCompilerConformanceArtifactMatches,Source/Audit/Catalog/KeySystem/CompilerConformanceExecution.uv,false,true,false,false,true
grammar.19.MemoryOrdering,HelloUltraviolet::Reference::Keys,runKeysMemoryOrderingReference,Source/Reference/Keys/MemoryOrdering.uv,false,true,false,false,true
parse.19.MemoryOrdering,HelloUltraviolet::Reference::Keys,runKeysMemoryOrderingReference,Source/Reference/Keys/MemoryOrdering.uv,false,true,false,false,true
ast.19.MemoryOrderingForms,HelloUltraviolet::Reference::Keys,runKeysMemoryOrderingReference,Source/Reference/Keys/MemoryOrdering.uv,false,true,false,false,true
requirement.19.MemoryOrderingDefaultsAndKeySemantics,HelloUltraviolet::Audit::Catalog::KeySystem,keySystemCompilerConformanceArtifactMatches,Source/Audit/Catalog/KeySystem/CompilerConformanceExecution.uv,false,true,false,false,true
def.19.MemoryOrderingLevels,HelloUltraviolet::Reference::Keys,runKeysMemoryOrderingReference,Source/Reference/Keys/MemoryOrdering.uv,false,true,false,false,true
requirement.19.MemoryOrderAttributeAttachment,HelloUltraviolet::Audit::Catalog::KeySystem,keySystemCompilerConformanceArtifactMatches,Source/Audit/Catalog/KeySystem/CompilerConformanceExecution.uv,false,true,false,false,true
requirement.19.ExpressionMemoryOrderWellFormedness,HelloUltraviolet::Audit::Catalog::KeySystem,keySystemCompilerConformanceArtifactMatches,Source/Audit/Catalog/KeySystem/CompilerConformanceExecution.uv,false,true,false,false,true
requirement.19.MemoryOrderDoesNotAlterKeySemantics,HelloUltraviolet::Reference::Keys,memoryOrderDoesNotAlterKeySemanticsReference,Source/Reference/Keys/MemoryOrdering.uv,false,true,false,false,true
rule.19.T-Fence,HelloUltraviolet::Reference::Keys,runKeysMemoryOrderingReference,Source/Reference/Keys/MemoryOrdering.uv,false,true,false,false,true
requirement.19.FenceContextAndHeldKeys,HelloUltraviolet::Reference::Keys,fenceContextAndHeldKeysReference,Source/Reference/Keys/MemoryOrdering.uv,false,true,false,false,true
requirement.19.FenceEvaluation,HelloUltraviolet::Audit::Catalog::KeySystem,keySystemCompilerConformanceArtifactMatches,Source/Audit/Catalog/KeySystem/CompilerConformanceExecution.uv,false,true,false,false,true
requirement.19.FenceOrderingConstraints,HelloUltraviolet::Audit::Catalog::KeySystem,keySystemCompilerConformanceArtifactMatches,Source/Audit/Catalog/KeySystem/CompilerConformanceExecution.uv,false,true,false,false,true
requirement.19.FenceNoProgramVisibleStorageAccess,HelloUltraviolet::Reference::Keys,fenceNoProgramVisibleStorageAccessReference,Source/Reference/Keys/MemoryOrdering.uv,false,true,false,false,true
rule.19.Lower-Expr-Fence,HelloUltraviolet::Audit::Catalog::KeySystem,keySystemCompilerConformanceArtifactMatches,Source/Audit/Catalog/KeySystem/CompilerConformanceExecution.uv,false,true,false,false,true
rule.19.Lower-Ordered-Access,HelloUltraviolet::Audit::Catalog::KeySystem,keySystemCompilerConformanceArtifactMatches,Source/Audit/Catalog/KeySystem/CompilerConformanceExecution.uv,false,true,false,false,true
grammar.20.ParallelBlocks,HelloUltraviolet::Reference::Parallelism,runParallelismParallelBlocksReference,Source/Reference/Parallelism/ParallelBlocks.uv,false,true,false,false,true
parse.20.ParallelBlockRules,HelloUltraviolet::Reference::Parallelism,runParallelismParallelBlocksReference,Source/Reference/Parallelism/ParallelBlocks.uv,false,true,false,false,true
ast.20.ParallelBlockForms,HelloUltraviolet::Reference::Parallelism,runParallelismParallelBlocksReference,Source/Reference/Parallelism/ParallelBlocks.uv,false,true,false,false,true
def.20.ParallelBlockOptionValidation,HelloUltraviolet::Reference::Parallelism,runParallelismParallelBlocksReference,Source/Reference/Parallelism/ParallelBlocks.uv,false,true,false,false,true
def.20.ParallelDomainCtorValidation,HelloUltraviolet::Reference::Parallelism,runParallelismParallelBlocksReference,Source/Reference/Parallelism/ParallelBlocks.uv,false,true,false,false,true
rule.20.T-Parallel,HelloUltraviolet::Reference::Parallelism,runParallelismParallelBlocksReference,Source/Reference/Parallelism/ParallelBlocks.uv,false,true,false,false,true
requirement.20.ParallelBlockWellFormedness,HelloUltraviolet::Reference::Parallelism,parallelBlockWellFormednessReference,Source/Reference/Parallelism/ParallelBlocks.uv,false,true,false,false,true
def.20.ParallelState,HelloUltraviolet::Reference::Parallelism,runParallelismParallelBlocksReference,Source/Reference/Parallelism/ParallelBlocks.uv,false,true,false,false,true
def.20.ParallelGpuTopologyOptions,HelloUltraviolet::Audit,artifactProjectGpuRuntimeEvidenceExercise,Source/Audit/ArtifactProjectExecution.uv,false,true,false,false,true
def.20.AwaitSpawned,HelloUltraviolet::Reference::Parallelism,runParallelismParallelBlocksReference,Source/Reference/Parallelism/ParallelBlocks.uv,false,true,false,false,true
rule.20.EvalSigma-Parallel,HelloUltraviolet::Reference::Parallelism,evalSigmaParallelReference,Source/Reference/Parallelism/ParallelBlocks.uv,false,true,false,false,true
rule.20.EvalSigma-Parallel-Body-Ctrl,HelloUltraviolet::Reference::Parallelism,evalSigmaParallelBodyCtrlReference,Source/Reference/Parallelism/ParallelBlocks.uv,false,true,false,false,true
rule.20.EvalSigma-Parallel-Domain-Ctrl,HelloUltraviolet::Reference::Parallelism,evalSigmaParallelDomainCtrlReference,Source/Reference/Parallelism/ParallelBlocks.uv,false,true,false,false,true
requirement.20.ParallelPanicPropagationReference,HelloUltraviolet::Audit,artifactProjectReducedEmptyDispatchPanicExercise,Source/Audit/ArtifactProjectExecution.uv,false,true,false,false,true
def.20.ParallelLoweringJudgments,HelloUltraviolet::Audit,artifactProjectReducedEmptyDispatchPanicExercise,Source/Audit/ArtifactProjectExecution.uv,false,true,false,false,true
rule.20.Lower-Expr-Parallel,HelloUltraviolet::Audit,artifactProjectReducedEmptyDispatchPanicExercise,Source/Audit/ArtifactProjectExecution.uv,false,true,false,false,true
requirement.20.ExecutionDomainSyntax,HelloUltraviolet::Audit::Catalog::StructuredParallelism,structuredParallelismCompilerConformanceArtifactMatches,Source/Audit/Catalog/StructuredParallelism/CompilerConformanceExecution.uv,false,true,false,false,true
grammar.20.ExecutionDomainExamples,HelloUltraviolet::Reference::Parallelism,gpuTopologyIntrinsicReference,Source/Reference/Parallelism/ExecutionDomains.uv,false,true,false,false,true
requirement.20.ExecutionDomainsNoAdditionalParsingProductions,HelloUltraviolet::Audit::Catalog::StructuredParallelism,structuredParallelismCompilerConformanceArtifactMatches,Source/Audit/Catalog/StructuredParallelism/CompilerConformanceExecution.uv,false,true,false,false,true
parse.20.GpuPtrGenericType,HelloUltraviolet::Reference::Parallelism,gpuPtrTypeReference,Source/Reference/Parallelism/ExecutionDomains.uv,false,true,false,false,true
def.20.GpuDomainJudgments,HelloUltraviolet::Audit,artifactProjectGpuRuntimeEvidenceExercise,Source/Audit/ArtifactProjectExecution.uv,false,true,false,false,true
def.20.GpuMemoryForms,HelloUltraviolet::Audit,artifactProjectGpuRuntimeEvidenceExercise,Source/Audit/ArtifactProjectExecution.uv,false,true,false,false,true
def.20.GpuPtrType,HelloUltraviolet::Reference::Parallelism,gpuPtrTypeReference,Source/Reference/Parallelism/ExecutionDomains.uv,false,true,false,false,true
def.20.DispatchGpuTopologyComputation,HelloUltraviolet::Audit,artifactProjectGpuRuntimeEvidenceExercise,Source/Audit/ArtifactProjectExecution.uv,false,true,false,false,true
def.20.GpuExecutionTopology,HelloUltraviolet::Audit,artifactProjectGpuRuntimeEvidenceExercise,Source/Audit/ArtifactProjectExecution.uv,false,true,false,false,true
def.20.GpuIntrinsicTable,HelloUltraviolet::Audit,artifactProjectGpuRuntimeEvidenceExercise,Source/Audit/ArtifactProjectExecution.uv,false,true,false,false,true
def.20.GpuRuntimeState,HelloUltraviolet::Audit,artifactProjectGpuRuntimeEvidenceExercise,Source/Audit/ArtifactProjectExecution.uv,false,true,false,false,true
def.20.ExecutionDomainClass,HelloUltraviolet::Reference::Parallelism,executionDomainMethodsReference,Source/Reference/Parallelism/ExecutionDomains.uv,false,true,false,false,true
requirement.20.ExecutionDomainContextMethods,HelloUltraviolet::Reference::Parallelism,executionDomainMethodsReference,Source/Reference/Parallelism/ExecutionDomains.uv,false,true,false,false,true
def.20.GpuSafeType,HelloUltraviolet::Reference::Parallelism,gpuSafeTypesReference,Source/Reference/Parallelism/ExecutionDomains.uv,false,true,false,false,true
def.20.GpuSafePredicateClauses,HelloUltraviolet::Reference::Parallelism,gpuSafePredicateClausesReference,Source/Reference/Parallelism/ExecutionDomains.uv,false,true,false,false,true
rule.20.GpuSafe-Prim,HelloUltraviolet::Reference::Parallelism,gpuSafePrimitiveReference,Source/Reference/Parallelism/ExecutionDomains.uv,false,true,false,false,true
rule.20.GpuSafe-RawPtr,HelloUltraviolet::Reference::Parallelism,gpuSafeRawPointerReference,Source/Reference/Parallelism/ExecutionDomains.uv,false,true,false,false,true
rule.20.GpuSafe-Array,HelloUltraviolet::Reference::Parallelism,gpuSafeArrayReference,Source/Reference/Parallelism/ExecutionDomains.uv,false,true,false,false,true
rule.20.GpuSafe-Tuple,HelloUltraviolet::Reference::Parallelism,gpuSafeTupleReference,Source/Reference/Parallelism/ExecutionDomains.uv,false,true,false,false,true
rule.20.GpuSafe-Perm,HelloUltraviolet::Reference::Parallelism,gpuSafePermissionReference,Source/Reference/Parallelism/ExecutionDomains.uv,false,true,false,false,true
rule.20.GpuSafe-Record,HelloUltraviolet::Reference::Parallelism,gpuSafeRecordReference,Source/Reference/Parallelism/ExecutionDomains.uv,false,true,false,false,true
rule.20.GpuSafe-Enum,HelloUltraviolet::Reference::Parallelism,gpuSafeEnumReference,Source/Reference/Parallelism/ExecutionDomains.uv,false,true,false,false,true
rule.20.GpuSafe-StringView,HelloUltraviolet::Reference::Parallelism,gpuSafeStringViewReference,Source/Reference/Parallelism/ExecutionDomains.uv,false,true,false,false,true
rule.20.GpuSafe-BytesView,HelloUltraviolet::Reference::Parallelism,gpuSafeBytesViewReference,Source/Reference/Parallelism/ExecutionDomains.uv,false,true,false,false,true
rule.20.T-GpuIntrinsic,HelloUltraviolet::Audit,artifactProjectGpuRuntimeEvidenceExercise,Source/Audit/ArtifactProjectExecution.uv,false,true,false,false,true
requirement.20.ExecutionDomainDispatchableClass,HelloUltraviolet::Reference::Parallelism,executionDomainMethodsReference,Source/Reference/Parallelism/ExecutionDomains.uv,false,true,false,false,true
requirement.20.GpuSafeGenericBounds,HelloUltraviolet::Reference::Parallelism,gpuSafePredicateClausesReference,Source/Reference/Parallelism/ExecutionDomains.uv,false,true,false,false,true
requirement.20.KeySystemUnavailableInGpuContext,HelloUltraviolet::Audit,rejectedSourceFixturesCompileAndEmitExpectedDiagnostics,Source/Audit/DiagnosticFixtureExecution.uv,false,true,false,false,true
requirement.20.InlineDomainSemantics,HelloUltraviolet::Audit,artifactProjectGpuRuntimeEvidenceExercise,Source/Audit/ArtifactProjectExecution.uv,false,true,false,false,true
def.20.GpuMemoryVisibility,HelloUltraviolet::Audit,artifactProjectGpuRuntimeEvidenceExercise,Source/Audit/ArtifactProjectExecution.uv,false,true,false,false,true
rule.20.GpuPtr-Deref-Visible,HelloUltraviolet::Audit,artifactProjectGpuRuntimeEvidenceExercise,Source/Audit/ArtifactProjectExecution.uv,false,true,false,false,true
def.20.GpuTopologyValidity,HelloUltraviolet::Audit,artifactProjectGpuRuntimeEvidenceExercise,Source/Audit/ArtifactProjectExecution.uv,false,true,false,false,true
rule.20.EvalSigma-GPU-Parallel,HelloUltraviolet::Audit,artifactProjectGpuRuntimeEvidenceExercise,Source/Audit/ArtifactProjectExecution.uv,false,true,false,false,true
rule.20.EvalSigma-GPU-Dispatch,HelloUltraviolet::Audit,artifactProjectGpuRuntimeEvidenceExercise,Source/Audit/ArtifactProjectExecution.uv,false,true,false,false,true
rule.20.GpuExecute-Step,HelloUltraviolet::Audit,artifactProjectGpuRuntimeEvidenceExercise,Source/Audit/ArtifactProjectExecution.uv,false,true,false,false,true
rule.20.GpuBarrier-Sync,HelloUltraviolet::Audit,artifactProjectGpuRuntimeEvidenceExercise,Source/Audit/ArtifactProjectExecution.uv,false,true,false,false,true
requirement.20.GpuBarrierWait,HelloUltraviolet::Audit,artifactProjectGpuRuntimeEvidenceExercise,Source/Audit/ArtifactProjectExecution.uv,false,true,false,false,true
rule.20.EvalSigma-GpuBarrier,HelloUltraviolet::Audit,artifactProjectGpuRuntimeEvidenceExercise,Source/Audit/ArtifactProjectExecution.uv,false,true,false,false,true
rule.20.Lower-Domain-CPU,HelloUltraviolet::Audit,artifactProjectGpuRuntimeEvidenceExercise,Source/Audit/ArtifactProjectExecution.uv,false,true,false,false,true
rule.20.Lower-Domain-GPU,HelloUltraviolet::Audit,artifactProjectGpuRuntimeEvidenceExercise,Source/Audit/ArtifactProjectExecution.uv,false,true,false,false,true
rule.20.Lower-Domain-Inline,HelloUltraviolet::Audit,artifactProjectGpuRuntimeEvidenceExercise,Source/Audit/ArtifactProjectExecution.uv,false,true,false,false,true
rule.20.Lower-Expr-Parallel-GPU,HelloUltraviolet::Audit,artifactProjectGpuRuntimeEvidenceExercise,Source/Audit/ArtifactProjectExecution.uv,false,true,false,false,true
rule.20.Lower-Expr-GpuBarrier,HelloUltraviolet::Audit,artifactProjectGpuRuntimeEvidenceExercise,Source/Audit/ArtifactProjectExecution.uv,false,true,false,false,true
requirement.20.CaptureSemanticsNoAdditionalSyntax,HelloUltraviolet::Audit::Catalog::StructuredParallelism,structuredParallelismCompilerConformanceArtifactMatches,Source/Audit/Catalog/StructuredParallelism/CompilerConformanceExecution.uv,false,true,false,false,true
requirement.20.CaptureSemanticsNoAdditionalParsingRules,HelloUltraviolet::Audit::Catalog::StructuredParallelism,structuredParallelismCompilerConformanceArtifactMatches,Source/Audit/Catalog/StructuredParallelism/CompilerConformanceExecution.uv,false,true,false,false,true
requirement.20.CaptureSetComputationReference,HelloUltraviolet::Reference::Parallelism,captureSetComputationReference,Source/Reference/Parallelism/CaptureSemantics.uv,false,true,false,false,true
def.20.GpuCaptureJudgments,HelloUltraviolet::Reference::Parallelism,runParallelismCaptureSemanticsReference,Source/Reference/Parallelism/CaptureSemantics.uv,false,true,false,false,true
requirement.20.ParallelCapturePermissions,HelloUltraviolet::Reference::Parallelism,parallelCapturePermissionsReference,Source/Reference/Parallelism/CaptureSemantics.uv,false,true,false,false,true
rule.20.Parallel-Closure-Capture-Const,HelloUltraviolet::Reference::Parallelism,spawnConstCaptureReference,Source/Reference/Parallelism/CaptureSemantics.uv,false,true,false,false,true
rule.20.Parallel-Closure-Capture-Shared,HelloUltraviolet::Reference::Parallelism,dispatchSharedCaptureReference,Source/Reference/Parallelism/CaptureSemantics.uv,false,true,false,false,true
def.20.OuterParallelMoveSelection,HelloUltraviolet::Reference::Parallelism,movedBindingValidityReference,Source/Reference/Parallelism/CaptureSemantics.uv,false,true,false,false,true
rule.20.Parallel-Closure-Capture-Unique-Move-Ok,HelloUltraviolet::Reference::Parallelism,movedBindingValidityReference,Source/Reference/Parallelism/CaptureSemantics.uv,false,true,false,false,true
requirement.20.ParallelClosuresLocalForKeys,HelloUltraviolet::Reference::Parallelism,parallelClosuresLocalForKeysReference,Source/Reference/Parallelism/CaptureSemantics.uv,false,true,false,false,true
rule.20.GpuCaptureOk-Const,HelloUltraviolet::Reference::Parallelism,gpuSafeCaptureReference,Source/Reference/Parallelism/CaptureSemantics.uv,false,true,false,false,true
rule.20.GpuCaptureOk-Unique-Move,HelloUltraviolet::Reference::Parallelism,runParallelismCaptureSemanticsReference,Source/Reference/Parallelism/CaptureSemantics.uv,false,true,false,false,true
requirement.20.MovedBindingValidityReference,HelloUltraviolet::Reference::Parallelism,movedBindingValidityReference,Source/Reference/Parallelism/CaptureSemantics.uv,false,true,false,false,true
requirement.20.CaptureSemanticsNoAdditionalRuntimeMechanism,HelloUltraviolet::Audit,artifactProjectStructuredParallelLoweringEvidenceExercise,Source/Audit/ArtifactProjectExecution.uv,false,true,false,false,true
requirement.20.CaptureSemanticsGenericLowering,HelloUltraviolet::Audit,artifactProjectStructuredParallelLoweringEvidenceExercise,Source/Audit/ArtifactProjectExecution.uv,false,true,false,false,true
grammar.20.Spawn,HelloUltraviolet::Reference::Parallelism,runParallelismSpawnReference,Source/Reference/Parallelism/Spawn.uv,false,true,false,false,true
parse.20.SpawnRules,HelloUltraviolet::Reference::Parallelism,runParallelismSpawnReference,Source/Reference/Parallelism/Spawn.uv,false,true,false,false,true
ast.20.SpawnForms,HelloUltraviolet::Reference::Parallelism,runParallelismSpawnReference,Source/Reference/Parallelism/Spawn.uv,false,true,false,false,true
def.20.SpawnOptionValidation,HelloUltraviolet::Reference::Parallelism,runParallelismSpawnReference,Source/Reference/Parallelism/Spawn.uv,false,true,false,false,true
rule.20.T-Spawn,HelloUltraviolet::Reference::Parallelism,runParallelismSpawnReference,Source/Reference/Parallelism/Spawn.uv,false,true,false,false,true
def.20.SpawnHandleAndEnqueue,HelloUltraviolet::Reference::Parallelism,runParallelismSpawnReference,Source/Reference/Parallelism/Spawn.uv,false,true,false,false,true
requirement.20.SpawnEvaluationProcedure,HelloUltraviolet::Reference::Parallelism,spawnEvaluationProcedureReference,Source/Reference/Parallelism/Spawn.uv,false,true,false,false,true
rule.20.EvalSigma-Spawn,HelloUltraviolet::Reference::Parallelism,evalSigmaSpawnReference,Source/Reference/Parallelism/Spawn.uv,false,true,false,false,true
requirement.20.SpawnedResultRetrievalReference,HelloUltraviolet::Reference::Parallelism,spawnedResultRetrievalReference,Source/Reference/Parallelism/Spawn.uv,false,true,false,false,true
rule.20.Lower-Expr-Spawn,HelloUltraviolet::Audit,asyncArtifactObligationsExercise,Source/Audit/AsyncArtifactExecution.uv,false,true,false,false,true
grammar.20.Dispatch,HelloUltraviolet::Reference::Parallelism,runParallelismDispatchReference,Source/Reference/Parallelism/Dispatch.uv,false,true,false,false,true
parse.20.DispatchRules,HelloUltraviolet::Reference::Parallelism,runParallelismDispatchReference,Source/Reference/Parallelism/Dispatch.uv,false,true,false,false,true
ast.20.DispatchForms,HelloUltraviolet::Reference::Parallelism,runParallelismDispatchReference,Source/Reference/Parallelism/Dispatch.uv,false,true,false,false,true
rule.20.T-Dispatch,HelloUltraviolet::Reference::Parallelism,runParallelismDispatchReference,Source/Reference/Parallelism/Dispatch.uv,false,true,false,false,true
rule.20.T-Dispatch-Reduce,HelloUltraviolet::Reference::Parallelism,runParallelismDispatchReference,Source/Reference/Parallelism/Dispatch.uv,false,true,false,false,true
rule.20.T-GPU-Dispatch,HelloUltraviolet::Reference::Parallelism,runParallelismDispatchReference,Source/Reference/Parallelism/Dispatch.uv,false,true,false,false,true
rule.20.T-GPU-Dispatch-Reduce,HelloUltraviolet::Reference::Parallelism,runParallelismDispatchReference,Source/Reference/Parallelism/Dispatch.uv,false,true,false,false,true
def.20.DispatchAccessInference,HelloUltraviolet::Reference::Parallelism,runParallelismDispatchReference,Source/Reference/Parallelism/Dispatch.uv,false,true,false,false,true
def.20.DispatchOptionsAndDynamicKeys,HelloUltraviolet::Reference::Parallelism,runParallelismDispatchReference,Source/Reference/Parallelism/Dispatch.uv,false,true,false,false,true
requirement.20.DispatchKeyInferenceRequired,HelloUltraviolet::Reference::Parallelism,inferredIndexedDispatchReference,Source/Reference/Parallelism/Dispatch.uv,false,true,false,false,true
rule.20.DispatchIndexedDisjointness,HelloUltraviolet::Reference::Parallelism,runParallelismDispatchReference,Source/Reference/Parallelism/Dispatch.uv,false,true,false,false,true
requirement.20.DispatchReductionAssociativity,HelloUltraviolet::Reference::Parallelism,dispatchReductionAssociativityReference,Source/Reference/Parallelism/Dispatch.uv,false,true,false,false,true
requirement.20.DispatchChunkSemanticsStatic,HelloUltraviolet::Reference::Parallelism,dispatchChunkSemanticsStaticReference,Source/Reference/Parallelism/Dispatch.uv,false,true,false,false,true
def.20.DispatchPartitionSpec,HelloUltraviolet::Reference::Parallelism,runParallelismDispatchReference,Source/Reference/Parallelism/Dispatch.uv,false,true,false,false,true
def.20.DispatchIndexAndPathDisjointness,HelloUltraviolet::Reference::Parallelism,runParallelismDispatchReference,Source/Reference/Parallelism/Dispatch.uv,false,true,false,false,true
def.20.DispatchPartitioning,HelloUltraviolet::Reference::Parallelism,runParallelismDispatchReference,Source/Reference/Parallelism/Dispatch.uv,false,true,false,false,true
def.20.DispatchReductionAndChunking,HelloUltraviolet::Reference::Parallelism,runParallelismDispatchReference,Source/Reference/Parallelism/Dispatch.uv,false,true,false,false,true
rule.20.EvalSigma-Dispatch,HelloUltraviolet::Reference::Parallelism,evalSigmaDispatchReference,Source/Reference/Parallelism/Dispatch.uv,false,true,false,false,true
rule.20.EvalSigma-Dispatch-Range-Ctrl,HelloUltraviolet::Reference::Parallelism,evalSigmaDispatchRangeCtrlReference,Source/Reference/Parallelism/Dispatch.uv,false,true,false,false,true
rule.20.EvalSigma-Dispatch-Chunk-Ctrl,HelloUltraviolet::Reference::Parallelism,evalSigmaDispatchChunkCtrlReference,Source/Reference/Parallelism/Dispatch.uv,false,true,false,false,true
def.20.DispatchRun,HelloUltraviolet::Reference::Parallelism,runParallelismDispatchReference,Source/Reference/Parallelism/Dispatch.uv,false,true,false,false,true
rule.20.Lower-Expr-Dispatch,HelloUltraviolet::Audit,artifactProjectReducedEmptyDispatchPanicExercise,Source/Audit/ArtifactProjectExecution.uv,false,true,false,false,true
requirement.20.CancellationSyntax,HelloUltraviolet::Audit::Catalog::StructuredParallelism,structuredParallelismCompilerConformanceArtifactMatches,Source/Audit/Catalog/StructuredParallelism/CompilerConformanceExecution.uv,false,true,false,false,true
requirement.20.CancellationNoAdditionalParsingRules,HelloUltraviolet::Audit::Catalog::StructuredParallelism,structuredParallelismCompilerConformanceArtifactMatches,Source/Audit/Catalog/StructuredParallelism/CompilerConformanceExecution.uv,false,true,false,false,true
ast.20.CancelTokenForms,HelloUltraviolet::Reference::Parallelism,runParallelismCancellationReference,Source/Reference/Parallelism/Cancellation.uv,false,true,false,false,true
requirement.20.CancelTokenStaticSemantics,HelloUltraviolet::Reference::Parallelism,cancelTokenStaticSemanticsReference,Source/Reference/Parallelism/Cancellation.uv,false,true,false,false,true
requirement.20.CancelTokenParallelAvailability,HelloUltraviolet::Reference::Parallelism,parallelCancelTokenAvailabilityReference,Source/Reference/Parallelism/Cancellation.uv,false,true,false,false,true
def.20.CancelRuntimeHelpers,HelloUltraviolet::Audit,artifactProjectRuntimeInterfaceSymbolsExercise,Source/Audit/RuntimeInterfaceArtifactExecution.uv,false,true,false,false,true
rule.20.Cancel-New,HelloUltraviolet::Reference::Parallelism,runParallelismCancellationReference,Source/Reference/Parallelism/Cancellation.uv,false,true,false,false,true
rule.20.Cancel-Child,HelloUltraviolet::Reference::Parallelism,runParallelismCancellationReference,Source/Reference/Parallelism/Cancellation.uv,false,true,false,false,true
rule.20.Cancel-IsCancelled,HelloUltraviolet::Reference::Parallelism,runParallelismCancellationReference,Source/Reference/Parallelism/Cancellation.uv,false,true,false,false,true
rule.20.Cancel-DoCancel,HelloUltraviolet::Reference::Parallelism,runParallelismCancellationReference,Source/Reference/Parallelism/Cancellation.uv,false,true,false,false,true
rule.20.Cancel-WaitCancelled-Completed,HelloUltraviolet::Reference::Parallelism,runParallelismCancellationReference,Source/Reference/Parallelism/Cancellation.uv,false,true,false,false,true
rule.20.Cancel-WaitCancelled-Suspended,HelloUltraviolet::Reference::Parallelism,runParallelismCancellationReference,Source/Reference/Parallelism/Cancellation.uv,false,true,false,false,true
requirement.20.CooperativeCancellationBehavior,HelloUltraviolet::Audit,artifactProjectStructuredParallelLoweringEvidenceExercise,Source/Audit/ArtifactProjectExecution.uv,false,true,false,false,true
def.20.CancelIR,HelloUltraviolet::Audit,artifactProjectRuntimeInterfaceSymbolsExercise,Source/Audit/RuntimeInterfaceArtifactExecution.uv,false,true,false,false,true
rule.20.Lower-Cancel-New,HelloUltraviolet::Audit,artifactProjectRuntimeInterfaceSymbolsExercise,Source/Audit/RuntimeInterfaceArtifactExecution.uv,false,true,false,false,true
rule.20.Lower-Cancel-Request,HelloUltraviolet::Audit,artifactProjectRuntimeInterfaceSymbolsExercise,Source/Audit/RuntimeInterfaceArtifactExecution.uv,false,true,false,false,true
rule.20.Lower-Cancel-Wait,HelloUltraviolet::Audit,artifactProjectRuntimeInterfaceSymbolsExercise,Source/Audit/RuntimeInterfaceArtifactExecution.uv,false,true,false,false,true
requirement.20.CancellationCheckpointLowering,HelloUltraviolet::Audit,artifactProjectRuntimeInterfaceSymbolsExercise,Source/Audit/RuntimeInterfaceArtifactExecution.uv,false,true,false,false,true
requirement.20.SpawnDispatchCancellationLowering,HelloUltraviolet::Audit,artifactProjectStructuredParallelLoweringEvidenceExercise,Source/Audit/ArtifactProjectExecution.uv,false,true,false,false,true
requirement.20.PanicHandlingNoAdditionalSyntax,HelloUltraviolet::Audit::Catalog::StructuredParallelism,structuredParallelismCompilerConformanceArtifactMatches,Source/Audit/Catalog/StructuredParallelism/CompilerConformanceExecution.uv,false,true,false,false,true
requirement.20.PanicHandlingNoAdditionalParsingRules,HelloUltraviolet::Audit::Catalog::StructuredParallelism,structuredParallelismCompilerConformanceArtifactMatches,Source/Audit/Catalog/StructuredParallelism/CompilerConformanceExecution.uv,false,true,false,false,true
ast.20.ParallelPanicPropagationInputs,HelloUltraviolet::Audit,artifactProjectStructuredParallelLoweringEvidenceExercise,Source/Audit/ArtifactProjectExecution.uv,false,true,false,false,true
requirement.20.PanicHandlingNoAdditionalStaticTypingRules,HelloUltraviolet::Audit::Catalog::StructuredParallelism,structuredParallelismCompilerConformanceArtifactMatches,Source/Audit/Catalog/StructuredParallelism/CompilerConformanceExecution.uv,false,true,false,false,true
requirement.20.ParallelWorkItemPanicSemantics,HelloUltraviolet::Audit,artifactProjectStructuredParallelLoweringEvidenceExercise,Source/Audit/ArtifactProjectExecution.uv,false,true,false,false,true
rule.20.EvalSigma-Parallel-Spawn-Panic,HelloUltraviolet::Audit,artifactProjectStructuredParallelLoweringEvidenceExercise,Source/Audit/ArtifactProjectExecution.uv,false,true,false,false,true
requirement.20.ParallelPanicCancellationRequest,HelloUltraviolet::Audit,artifactProjectStructuredParallelLoweringEvidenceExercise,Source/Audit/ArtifactProjectExecution.uv,false,true,false,false,true
def.20.FirstCompletedFailure,HelloUltraviolet::Audit,artifactProjectStructuredParallelLoweringEvidenceExercise,Source/Audit/ArtifactProjectExecution.uv,false,true,false,false,true
rule.20.Lower-Parallel-Join-Panic,HelloUltraviolet::Audit,artifactProjectReducedEmptyDispatchPanicExercise,Source/Audit/ArtifactProjectExecution.uv,false,true,false,false,true
requirement.20.DeterminismNestingNoAdditionalSyntax,HelloUltraviolet::Audit::Catalog::StructuredParallelism,structuredParallelismCompilerConformanceArtifactMatches,Source/Audit/Catalog/StructuredParallelism/CompilerConformanceExecution.uv,false,true,false,false,true
requirement.20.DeterminismNestingNoAdditionalParsingRules,HelloUltraviolet::Audit::Catalog::StructuredParallelism,structuredParallelismCompilerConformanceArtifactMatches,Source/Audit/Catalog/StructuredParallelism/CompilerConformanceExecution.uv,false,true,false,false,true
ast.20.DeterminismNestingForms,HelloUltraviolet::Reference::Parallelism,runParallelismDeterminismReference,Source/Reference/Parallelism/Determinism.uv,false,true,false,false,true
requirement.20.DispatchDeterminismConditions,HelloUltraviolet::Reference::Parallelism,dispatchDeterminismConditionsReference,Source/Reference/Parallelism/Determinism.uv,false,true,false,false,true
requirement.20.OrderedDispatchSequentialSideEffects,HelloUltraviolet::Reference::Parallelism,orderedDispatchSequentialSideEffectsReference,Source/Reference/Parallelism/Determinism.uv,false,true,false,false,true
requirement.20.NestedParallelRuntimeSemantics,HelloUltraviolet::Reference::Parallelism,nestedParallelRuntimeSemanticsReference,Source/Reference/Parallelism/Determinism.uv,false,true,false,false,true
def.20.ParallelDeterministicOrdering,HelloUltraviolet::Reference::Parallelism,runParallelismDeterminismReference,Source/Reference/Parallelism/Determinism.uv,false,true,false,false,true
rule.20.Lower-Deterministic-Dispatch,HelloUltraviolet::Audit,artifactProjectStructuredParallelLoweringEvidenceExercise,Source/Audit/ArtifactProjectExecution.uv,false,true,false,false,true
rule.20.Lower-Nested-Parallel,HelloUltraviolet::Audit,artifactProjectStructuredParallelLoweringEvidenceExercise,Source/Audit/ArtifactProjectExecution.uv,false,true,false,false,true
requirement.21.AsyncTypeNoAdditionalConcreteGrammar,HelloUltraviolet::Audit,asyncArtifactObligationsExercise,Source/Audit/AsyncArtifactExecution.uv,false,true,false,false,true
requirement.21.ReservedAsyncTypeConstructors,HelloUltraviolet::Audit,asyncArtifactObligationsExercise,Source/Audit/AsyncArtifactExecution.uv,false,true,false,false,true
requirement.21.AsyncParameterDefaults,HelloUltraviolet::Audit,asyncArtifactObligationsExercise,Source/Audit/AsyncArtifactExecution.uv,false,true,false,false,true
requirement.21.ReservedAsyncStates,HelloUltraviolet::Audit,asyncArtifactObligationsExercise,Source/Audit/AsyncArtifactExecution.uv,false,true,false,false,true
parse.21.AsyncTypes,HelloUltraviolet::Reference::Async,runAsyncAsyncTypeReference,Source/Reference/Async/AsyncType.uv,false,true,false,false,true
parse.21.UnappliedAsyncPath,HelloUltraviolet::Reference::Async,runAsyncAsyncTypeReference,Source/Reference/Async/AsyncType.uv,false,true,false,false,true
ast.21.AsyncModalDeclaration,HelloUltraviolet::Reference::Async,runAsyncAsyncTypeReference,Source/Reference/Async/AsyncType.uv,false,true,false,false,true
ast.21.AsyncAliases,HelloUltraviolet::Reference::Async,runAsyncAsyncTypeReference,Source/Reference/Async/AsyncType.uv,false,true,false,false,true
ast.21.AsyncCombinatorMembers,HelloUltraviolet::Reference::Async,runAsyncCompositionCombinatorsReference,Source/Reference/Async/CompositionForms.uv,false,true,false,false,true
def.21.AsyncSigAndBodyReturnType,HelloUltraviolet::Reference::Async,runAsyncAsyncTypeReference,Source/Reference/Async/AsyncType.uv,false,true,false,false,true
rule.21.Sub-Async,HelloUltraviolet::Reference::Async,runAsyncAsyncTypeReference,Source/Reference/Async/AsyncType.uv,false,true,false,false,true
rule.21.WF-Async,HelloUltraviolet::Reference::Async,runAsyncAsyncTypeReference,Source/Reference/Async/AsyncType.uv,false,true,false,false,true
requirement.21.AsyncFailedUninhabitedForNeverError,HelloUltraviolet::Audit,asyncArtifactObligationsExercise,Source/Audit/AsyncArtifactExecution.uv,false,true,false,false,true
requirement.21.AsyncTypeDynamicSemanticsReference,HelloUltraviolet::Audit,asyncArtifactObligationsExercise,Source/Audit/AsyncArtifactExecution.uv,false,true,false,false,true
def.21.AsyncTypeLoweringForms,HelloUltraviolet::Audit,asyncArtifactObligationsExercise,Source/Audit/AsyncArtifactExecution.uv,false,true,false,false,true
requirement.21.AsyncNeverErrorLowering,HelloUltraviolet::Audit,asyncArtifactObligationsExercise,Source/Audit/AsyncArtifactExecution.uv,false,true,false,false,true
rule.21.Lower-Async-Type,HelloUltraviolet::Audit,asyncArtifactObligationsExercise,Source/Audit/AsyncArtifactExecution.uv,false,true,false,false,true
rule.21.Lower-Async-Alias,HelloUltraviolet::Audit,asyncArtifactObligationsExercise,Source/Audit/AsyncArtifactExecution.uv,false,true,false,false,true
grammar.21.SuspensionForms,HelloUltraviolet::Reference::Async,runAsyncSuspensionFormsReference,Source/Reference/Async/SuspensionForms.uv,false,true,false,false,true
parse.21.SuspensionFormsPrimaryExpressions,HelloUltraviolet::Reference::Async,runAsyncSuspensionFormsReference,Source/Reference/Async/SuspensionForms.uv,false,true,false,false,true
rule.21.Parse-Wait-Expr,HelloUltraviolet::Reference::Async,runAsyncSuspensionFormsReference,Source/Reference/Async/SuspensionForms.uv,false,true,false,false,true
rule.21.Parse-Yield-From-Expr,HelloUltraviolet::Reference::Async,runAsyncSuspensionFormsReference,Source/Reference/Async/SuspensionForms.uv,false,true,false,false,true
rule.21.Parse-Yield-Expr,HelloUltraviolet::Reference::Async,runAsyncSuspensionFormsReference,Source/Reference/Async/SuspensionForms.uv,false,true,false,false,true
ast.21.SuspensionForms,HelloUltraviolet::Reference::Async,runAsyncSuspensionFormsReference,Source/Reference/Async/SuspensionForms.uv,false,true,false,false,true
ast.21.SuspensionFormResolution,HelloUltraviolet::Reference::Async,runAsyncSuspensionFormsReference,Source/Reference/Async/SuspensionForms.uv,false,true,false,false,true
ast.21.SuspensionFormEvaluationOrder,HelloUltraviolet::Reference::Async,runAsyncSuspensionFormsReference,Source/Reference/Async/SuspensionForms.uv,false,true,false,false,true
rule.21.T-Wait,HelloUltraviolet::Reference::Async,runAsyncSuspensionFormsReference,Source/Reference/Async/SuspensionForms.uv,false,true,false,false,true
rule.21.T-Wait-Future,HelloUltraviolet::Reference::Async,runAsyncSuspensionFormsReference,Source/Reference/Async/SuspensionForms.uv,false,true,false,false,true
rule.21.T-Yield,HelloUltraviolet::Reference::Async,runAsyncSuspensionFormsReference,Source/Reference/Async/SuspensionForms.uv,false,true,false,false,true
rule.21.T-Yield-From,HelloUltraviolet::Reference::Async,runAsyncSuspensionFormsReference,Source/Reference/Async/SuspensionForms.uv,false,true,false,false,true
requirement.21.SuspensionKeyRestrictionsReference,HelloUltraviolet::Audit,asyncArtifactObligationsExercise,Source/Audit/AsyncArtifactExecution.uv,false,true,false,false,true
requirement.21.WaitRuntimeSemantics,HelloUltraviolet::Audit,asyncArtifactObligationsExercise,Source/Audit/AsyncArtifactExecution.uv,false,true,false,false,true
def.21.WaitRuntimeHelpers,HelloUltraviolet::Audit,asyncArtifactObligationsExercise,Source/Audit/AsyncArtifactExecution.uv,false,true,false,false,true
rule.21.EvalSigma-Wait-Spawned-Ready,HelloUltraviolet::Audit,asyncArtifactObligationsExercise,Source/Audit/AsyncArtifactExecution.uv,false,true,false,false,true
rule.21.EvalSigma-Wait-Spawned-Pending,HelloUltraviolet::Audit,asyncArtifactObligationsExercise,Source/Audit/AsyncArtifactExecution.uv,false,true,false,false,true
requirement.21.FailedSpawnedWaitHandledByParallelPanic,HelloUltraviolet::Audit,asyncArtifactObligationsExercise,Source/Audit/AsyncArtifactExecution.uv,false,true,false,false,true
rule.21.EvalSigma-Wait-Tracked-Ready,HelloUltraviolet::Audit,asyncArtifactObligationsExercise,Source/Audit/AsyncArtifactExecution.uv,false,true,false,false,true
rule.21.EvalSigma-Wait-Tracked-Pending,HelloUltraviolet::Audit,asyncArtifactObligationsExercise,Source/Audit/AsyncArtifactExecution.uv,false,true,false,false,true
rule.21.EvalSigma-Wait-Ctrl,HelloUltraviolet::Audit,asyncArtifactObligationsExercise,Source/Audit/AsyncArtifactExecution.uv,false,true,false,false,true
requirement.21.YieldRuntimeSemantics,HelloUltraviolet::Audit,asyncArtifactObligationsExercise,Source/Audit/AsyncArtifactExecution.uv,false,true,false,false,true
def.21.ResumptionHelpers,HelloUltraviolet::Audit,asyncArtifactObligationsExercise,Source/Audit/AsyncArtifactExecution.uv,false,true,false,false,true
rule.21.EvalSigma-Yield,HelloUltraviolet::Audit,asyncArtifactObligationsExercise,Source/Audit/AsyncArtifactExecution.uv,false,true,false,false,true
rule.21.EvalSigma-Yield-Release,HelloUltraviolet::Audit,asyncArtifactObligationsExercise,Source/Audit/AsyncArtifactExecution.uv,false,true,false,false,true
rule.21.EvalSigma-Yield-Resume,HelloUltraviolet::Audit,asyncArtifactObligationsExercise,Source/Audit/AsyncArtifactExecution.uv,false,true,false,false,true
requirement.21.YieldFromRuntimeSemantics,HelloUltraviolet::Audit,asyncArtifactObligationsExercise,Source/Audit/AsyncArtifactExecution.uv,false,true,false,false,true
rule.21.EvalSigma-YieldFrom-Suspended,HelloUltraviolet::Audit,asyncArtifactObligationsExercise,Source/Audit/AsyncArtifactExecution.uv,false,true,false,false,true
rule.21.EvalSigma-YieldFrom-Failed,HelloUltraviolet::Audit,asyncArtifactObligationsExercise,Source/Audit/AsyncArtifactExecution.uv,false,true,false,false,true
rule.21.EvalSigma-YieldFrom-Resume,HelloUltraviolet::Audit,asyncArtifactObligationsExercise,Source/Audit/AsyncArtifactExecution.uv,false,true,false,false,true
def.21.EvalYieldFromContinueSignature,HelloUltraviolet::Audit,asyncArtifactObligationsExercise,Source/Audit/AsyncArtifactExecution.uv,false,true,false,false,true
rule.21.EvalYieldFromContinue-Completed,HelloUltraviolet::Audit,asyncArtifactObligationsExercise,Source/Audit/AsyncArtifactExecution.uv,false,true,false,false,true
def.21.SuspensionLoweringForms,HelloUltraviolet::Audit,asyncArtifactObligationsExercise,Source/Audit/AsyncArtifactExecution.uv,false,true,false,false,true
rule.21.Lower-Wait-Spawned,HelloUltraviolet::Audit,asyncArtifactObligationsExercise,Source/Audit/AsyncArtifactExecution.uv,false,true,false,false,true
rule.21.Lower-Wait-Tracked,HelloUltraviolet::Audit,asyncArtifactObligationsExercise,Source/Audit/AsyncArtifactExecution.uv,false,true,false,false,true
rule.21.Lower-Yield,HelloUltraviolet::Audit,asyncArtifactObligationsExercise,Source/Audit/AsyncArtifactExecution.uv,false,true,false,false,true
rule.21.Lower-Yield-Release,HelloUltraviolet::Audit,asyncArtifactObligationsExercise,Source/Audit/AsyncArtifactExecution.uv,false,true,false,false,true
requirement.21.YieldReleaseReacquireLowering,HelloUltraviolet::Audit,asyncArtifactObligationsExercise,Source/Audit/AsyncArtifactExecution.uv,false,true,false,false,true
rule.21.Lower-YieldFrom,HelloUltraviolet::Audit,asyncArtifactObligationsExercise,Source/Audit/AsyncArtifactExecution.uv,false,true,false,false,true
requirement.21.AsyncIterationSyntax,HelloUltraviolet::Audit,asyncArtifactObligationsExercise,Source/Audit/AsyncArtifactExecution.uv,false,true,false,false,true
grammar.21.CompositionForms,HelloUltraviolet::Reference::Async,runAsyncCompositionFormsReference,Source/Reference/Async/CompositionForms.uv,false,true,false,false,true
requirement.21.AsyncMethodCallSurfaces,HelloUltraviolet::Audit,asyncArtifactObligationsExercise,Source/Audit/AsyncArtifactExecution.uv,false,true,false,false,true
requirement.21.UntilMethodCallSurface,HelloUltraviolet::Reference::Async,runAsyncCompositionUntilReference,Source/Reference/Async/CompositionForms.uv,false,true,false,false,true
parse.21.CompositionPrimaryExpressions,HelloUltraviolet::Reference::Async,runAsyncCompositionFormsReference,Source/Reference/Async/CompositionForms.uv,false,true,false,false,true
rule.21.Parse-Sync-Expr,HelloUltraviolet::Reference::Async,runAsyncCompositionFormsReference,Source/Reference/Async/CompositionForms.uv,false,true,false,false,true
rule.21.Parse-Race-Expr,HelloUltraviolet::Reference::Async,runAsyncCompositionFormsReference,Source/Reference/Async/CompositionForms.uv,false,true,false,false,true
rule.21.Parse-RaceArms-Cons,HelloUltraviolet::Reference::Async,runAsyncCompositionFormsReference,Source/Reference/Async/CompositionForms.uv,false,true,false,false,true
rule.21.Parse-RaceArm,HelloUltraviolet::Reference::Async,runAsyncCompositionFormsReference,Source/Reference/Async/CompositionForms.uv,false,true,false,false,true
rule.21.Parse-RaceArmsTail-End,HelloUltraviolet::Reference::Async,runAsyncCompositionFormsReference,Source/Reference/Async/CompositionForms.uv,false,true,false,false,true
rule.21.Parse-RaceArmsTail-TrailingComma,HelloUltraviolet::Reference::Async,runAsyncCompositionFormsReference,Source/Reference/Async/CompositionForms.uv,false,true,false,false,true
rule.21.Parse-RaceArmsTail-Comma,HelloUltraviolet::Reference::Async,runAsyncCompositionFormsReference,Source/Reference/Async/CompositionForms.uv,false,true,false,false,true
rule.21.Parse-RaceHandler-Yield,HelloUltraviolet::Reference::Async,runAsyncCompositionFormsReference,Source/Reference/Async/CompositionForms.uv,false,true,false,false,true
rule.21.Parse-RaceHandler-Return,HelloUltraviolet::Reference::Async,runAsyncCompositionFormsReference,Source/Reference/Async/CompositionForms.uv,false,true,false,false,true
rule.21.Parse-All-Expr,HelloUltraviolet::Reference::Async,runAsyncCompositionFormsReference,Source/Reference/Async/CompositionForms.uv,false,true,false,false,true
parse.21.CompositionOrdinarySurfaces,HelloUltraviolet::Reference::Async,runAsyncCompositionFormsReference,Source/Reference/Async/CompositionForms.uv,false,true,false,false,true
ast.21.CompositionForms,HelloUltraviolet::Reference::Async,runAsyncCompositionFormsReference,Source/Reference/Async/CompositionForms.uv,false,true,false,false,true
ast.21.AsyncIterationLoopForm,HelloUltraviolet::Reference::Async,runAsyncCompositionFormsReference,Source/Reference/Async/CompositionForms.uv,false,true,false,false,true
ast.21.CompositionMethodCallForms,HelloUltraviolet::Reference::Async,runAsyncCompositionFormsReference,Source/Reference/Async/CompositionForms.uv,false,true,false,false,true
ast.21.CompositionResolution,HelloUltraviolet::Reference::Async,runAsyncCompositionFormsReference,Source/Reference/Async/CompositionForms.uv,false,true,false,false,true
ast.21.CompositionEvaluationOrder,HelloUltraviolet::Reference::Async,runAsyncCompositionFormsReference,Source/Reference/Async/CompositionForms.uv,false,true,false,false,true
requirement.21.ManualSteppingRequirement,HelloUltraviolet::Audit,asyncArtifactObligationsExercise,Source/Audit/AsyncArtifactExecution.uv,false,true,false,false,true
def.21.SyncYieldContainment,HelloUltraviolet::Reference::Async,runAsyncCompositionFormsReference,Source/Reference/Async/CompositionForms.uv,false,true,false,false,true
rule.21.T-Sync,HelloUltraviolet::Reference::Async,runAsyncCompositionFormsReference,Source/Reference/Async/CompositionForms.uv,false,true,false,false,true
def.21.RaceMode,HelloUltraviolet::Reference::Async,runAsyncCompositionFormsReference,Source/Reference/Async/CompositionForms.uv,false,true,false,false,true
rule.21.T-Race,HelloUltraviolet::Reference::Async,runAsyncCompositionFormsReference,Source/Reference/Async/CompositionForms.uv,false,true,false,false,true
rule.21.T-Race-Stream,HelloUltraviolet::Reference::Async,runAsyncCompositionFormsReference,Source/Reference/Async/CompositionForms.uv,false,true,false,false,true
rule.21.T-All,HelloUltraviolet::Reference::Async,runAsyncCompositionFormsReference,Source/Reference/Async/CompositionForms.uv,false,true,false,false,true
def.21.UntilType,HelloUltraviolet::Reference::Async,runAsyncCompositionUntilReference,Source/Reference/Async/CompositionForms.uv,false,true,false,false,true
def.21.AsyncCombinatorTypes,HelloUltraviolet::Reference::Async,runAsyncCompositionCombinatorsReference,Source/Reference/Async/CompositionForms.uv,false,true,false,false,true
requirement.21.AsyncCombinatorMemberLookup,HelloUltraviolet::Reference::Async,runAsyncCompositionCombinatorsReference,Source/Reference/Async/CompositionForms.uv,false,true,false,false,true
rule.21.T-Async-Map,HelloUltraviolet::Reference::Async,runAsyncCompositionMapReference,Source/Reference/Async/CompositionForms.uv,false,true,false,false,true
rule.21.T-Async-Filter,HelloUltraviolet::Reference::Async,runAsyncCompositionFilterReference,Source/Reference/Async/CompositionForms.uv,false,true,false,false,true
rule.21.T-Async-Take,HelloUltraviolet::Reference::Async,runAsyncCompositionTakeReference,Source/Reference/Async/CompositionForms.uv,false,true,false,false,true
rule.21.T-Async-Fold,HelloUltraviolet::Reference::Async,runAsyncCompositionFoldReference,Source/Reference/Async/CompositionForms.uv,false,true,false,false,true
rule.21.T-Async-Chain,HelloUltraviolet::Reference::Async,runAsyncCompositionChainReference,Source/Reference/Async/CompositionForms.uv,false,true,false,false,true
requirement.21.AsyncIterationRuntimeSemantics,HelloUltraviolet::Audit,asyncArtifactObligationsExercise,Source/Audit/AsyncArtifactExecution.uv,false,true,false,false,true
requirement.21.ManualSteppingRuntimeSemantics,HelloUltraviolet::Audit,asyncArtifactObligationsExercise,Source/Audit/AsyncArtifactExecution.uv,false,true,false,false,true
requirement.21.SyncRuntimeSemantics,HelloUltraviolet::Audit,asyncArtifactObligationsExercise,Source/Audit/AsyncArtifactExecution.uv,false,true,false,false,true
def.21.SyncStepSignature,HelloUltraviolet::Reference::Async,runAsyncCompositionSyncSuspendedUnitReference,Source/Reference/Async/CompositionForms.uv,false,true,false,false,true
rule.21.SyncStep-Suspended,HelloUltraviolet::Reference::Async,runAsyncCompositionSyncSuspendedUnitReference,Source/Reference/Async/CompositionForms.uv,false,true,false,false,true
rule.21.EvalSigma-Sync-Suspended,HelloUltraviolet::Audit,asyncArtifactObligationsExercise,Source/Audit/AsyncArtifactExecution.uv,false,true,false,false,true
rule.21.EvalSigma-Sync-Completed,HelloUltraviolet::Audit,asyncArtifactObligationsExercise,Source/Audit/AsyncArtifactExecution.uv,false,true,false,false,true
rule.21.EvalSigma-Sync-Failed,HelloUltraviolet::Audit,asyncArtifactObligationsExercise,Source/Audit/AsyncArtifactExecution.uv,false,true,false,false,true
requirement.21.RaceReturnRuntimeSemantics,HelloUltraviolet::Audit,asyncArtifactObligationsExercise,Source/Audit/AsyncArtifactExecution.uv,false,true,false,false,true
requirement.21.RaceStreamingRuntimeSemantics,HelloUltraviolet::Audit,asyncArtifactObligationsExercise,Source/Audit/AsyncArtifactExecution.uv,false,true,false,false,true
def.21.RaceSelectionAndState,HelloUltraviolet::Reference::Async,runAsyncCompositionFormsReference,Source/Reference/Async/CompositionForms.uv,false,true,false,false,true
rule.21.InitRace,HelloUltraviolet::Reference::Async,runAsyncCompositionFormsReference,Source/Reference/Async/CompositionForms.uv,false,true,false,false,true
def.21.RaceStepReturnSignature,HelloUltraviolet::Reference::Async,runAsyncCompositionFormsReference,Source/Reference/Async/CompositionForms.uv,false,true,false,false,true
rule.21.RaceStepReturn-Completed,HelloUltraviolet::Reference::Async,runAsyncCompositionFormsReference,Source/Reference/Async/CompositionForms.uv,false,true,false,false,true
rule.21.RaceStepReturn-Failed,HelloUltraviolet::Reference::Async,runAsyncCompositionFormsReference,Source/Reference/Async/CompositionForms.uv,false,true,false,false,true
rule.21.RaceStepReturn-Continue,HelloUltraviolet::Reference::Async,runAsyncCompositionFormsReference,Source/Reference/Async/CompositionForms.uv,false,true,false,false,true
rule.21.EvalSigma-Race-Return,HelloUltraviolet::Audit,asyncArtifactObligationsExercise,Source/Audit/AsyncArtifactExecution.uv,false,true,false,false,true
def.21.RaceStepStreamSignature,HelloUltraviolet::Reference::Async,runAsyncCompositionFormsReference,Source/Reference/Async/CompositionForms.uv,false,true,false,false,true
rule.21.RaceStepStream-Yield-Initial,HelloUltraviolet::Reference::Async,runAsyncCompositionFormsReference,Source/Reference/Async/CompositionForms.uv,false,true,false,false,true
rule.21.RaceStepStream-AllComplete,HelloUltraviolet::Reference::Async,runAsyncCompositionFormsReference,Source/Reference/Async/CompositionForms.uv,false,true,false,false,true
rule.21.RaceStepStream-Failed,HelloUltraviolet::Reference::Async,runAsyncCompositionFormsReference,Source/Reference/Async/CompositionForms.uv,false,true,false,false,true
rule.21.EvalSigma-Race-Stream,HelloUltraviolet::Audit,asyncArtifactObligationsExercise,Source/Audit/AsyncArtifactExecution.uv,false,true,false,false,true
def.21.CancelAllSignature,HelloUltraviolet::Reference::Async,runAsyncCompositionFormsReference,Source/Reference/Async/CompositionForms.uv,false,true,false,false,true
rule.21.CancelAll,HelloUltraviolet::Reference::Async,runAsyncCompositionFormsReference,Source/Reference/Async/CompositionForms.uv,false,true,false,false,true
def.21.RaceStreamSuspensionState,HelloUltraviolet::Reference::Async,runAsyncCompositionFormsReference,Source/Reference/Async/CompositionForms.uv,false,true,false,false,true
rule.21.RaceStepStream-Yield-Resumable,HelloUltraviolet::Reference::Async,runAsyncCompositionFormsReference,Source/Reference/Async/CompositionForms.uv,false,true,false,false,true
rule.21.ResumeRaceState-Step,HelloUltraviolet::Reference::Async,runAsyncCompositionFormsReference,Source/Reference/Async/CompositionForms.uv,false,true,false,false,true
rule.21.ResumeRaceState-Done,HelloUltraviolet::Reference::Async,runAsyncCompositionFormsReference,Source/Reference/Async/CompositionForms.uv,false,true,false,false,true
rule.21.EvalSigma-Race-Stream-Resume,HelloUltraviolet::Audit,asyncArtifactObligationsExercise,Source/Audit/AsyncArtifactExecution.uv,false,true,false,false,true
requirement.21.StreamingRaceResumptionOrder,HelloUltraviolet::Audit,asyncArtifactObligationsExercise,Source/Audit/AsyncArtifactExecution.uv,false,true,false,false,true
requirement.21.AllRuntimeSemantics,HelloUltraviolet::Audit,asyncArtifactObligationsExercise,Source/Audit/AsyncArtifactExecution.uv,false,true,false,false,true
def.21.AllStateAndInitSignature,HelloUltraviolet::Reference::Async,runAsyncCompositionFormsReference,Source/Reference/Async/CompositionForms.uv,false,true,false,false,true
rule.21.InitAll,HelloUltraviolet::Reference::Async,runAsyncCompositionFormsReference,Source/Reference/Async/CompositionForms.uv,false,true,false,false,true
def.21.AllStepSignature,HelloUltraviolet::Reference::Async,runAsyncCompositionFormsReference,Source/Reference/Async/CompositionForms.uv,false,true,false,false,true
rule.21.AllStep-Complete,HelloUltraviolet::Reference::Async,runAsyncCompositionFormsReference,Source/Reference/Async/CompositionForms.uv,false,true,false,false,true
rule.21.AllStep-Failed,HelloUltraviolet::Reference::Async,runAsyncCompositionFormsReference,Source/Reference/Async/CompositionForms.uv,false,true,false,false,true
rule.21.AllStep-Resume,HelloUltraviolet::Reference::Async,runAsyncCompositionFormsReference,Source/Reference/Async/CompositionForms.uv,false,true,false,false,true
def.21.AllLoopSignature,HelloUltraviolet::Reference::Async,runAsyncCompositionFormsReference,Source/Reference/Async/CompositionForms.uv,false,true,false,false,true
rule.21.AllLoop-AllCompleted,HelloUltraviolet::Reference::Async,runAsyncCompositionFormsReference,Source/Reference/Async/CompositionForms.uv,false,true,false,false,true
rule.21.AllLoop-Failed,HelloUltraviolet::Reference::Async,runAsyncCompositionFormsReference,Source/Reference/Async/CompositionForms.uv,false,true,false,false,true
rule.21.AllLoop-Continue,HelloUltraviolet::Reference::Async,runAsyncCompositionFormsReference,Source/Reference/Async/CompositionForms.uv,false,true,false,false,true
rule.21.EvalSigma-All,HelloUltraviolet::Audit,asyncArtifactObligationsExercise,Source/Audit/AsyncArtifactExecution.uv,false,true,false,false,true
requirement.21.UntilRuntimeSemantics,HelloUltraviolet::Reference::Async,runAsyncCompositionUntilReference,Source/Reference/Async/CompositionForms.uv,false,true,false,false,true
def.21.AsyncCombinatorRuntimeWrappers,HelloUltraviolet::Reference::Async,runAsyncCompositionCombinatorsReference,Source/Reference/Async/CompositionForms.uv,false,true,false,false,true
rule.21.EvalSigma-Map-Create,HelloUltraviolet::Reference::Async,runAsyncCompositionMapReference,Source/Reference/Async/CompositionForms.uv,false,true,false,false,true
rule.21.EvalSigma-Map-Resume-Yield,HelloUltraviolet::Reference::Async,runAsyncCompositionMapReference,Source/Reference/Async/CompositionForms.uv,false,true,false,false,true
rule.21.EvalSigma-Map-Resume-Complete,HelloUltraviolet::Reference::Async,runAsyncCompositionMapCompletionReference,Source/Reference/Async/CombinatorRuntimeForms.uv,false,true,false,false,true
rule.21.EvalSigma-Map-Resume-Failed,HelloUltraviolet::Reference::Async,runAsyncCompositionMapFailureReference,Source/Reference/Async/CombinatorRuntimeForms.uv,false,true,false,false,true
rule.21.EvalSigma-Filter-Create,HelloUltraviolet::Reference::Async,runAsyncCompositionFilterReference,Source/Reference/Async/CompositionForms.uv,false,true,false,false,true
rule.21.EvalSigma-Filter-Resume-Pass,HelloUltraviolet::Reference::Async,runAsyncCompositionFilterReference,Source/Reference/Async/CompositionForms.uv,false,true,false,false,true
rule.21.EvalSigma-Filter-Resume-Skip,HelloUltraviolet::Reference::Async,runAsyncCompositionFilterReference,Source/Reference/Async/CompositionForms.uv,false,true,false,false,true
rule.21.EvalSigma-Filter-Resume-Complete,HelloUltraviolet::Reference::Async,runAsyncCompositionFilterReference,Source/Reference/Async/CompositionForms.uv,false,true,false,false,true
rule.21.EvalSigma-Take-Create,HelloUltraviolet::Reference::Async,runAsyncCompositionTakeReference,Source/Reference/Async/CompositionForms.uv,false,true,false,false,true
rule.21.EvalSigma-Take-Resume-Yield,HelloUltraviolet::Reference::Async,runAsyncCompositionTakeReference,Source/Reference/Async/CompositionForms.uv,false,true,false,false,true
rule.21.EvalSigma-Take-Resume-Done,HelloUltraviolet::Reference::Async,runAsyncCompositionTakeReference,Source/Reference/Async/CompositionForms.uv,false,true,false,false,true
rule.21.EvalSigma-Take-Resume-Source-Complete,HelloUltraviolet::Reference::Async,runAsyncCompositionTakeReference,Source/Reference/Async/CompositionForms.uv,false,true,false,false,true
rule.21.EvalSigma-Fold-Create,HelloUltraviolet::Reference::Async,runAsyncCompositionFoldReference,Source/Reference/Async/CompositionForms.uv,false,true,false,false,true
rule.21.EvalSigma-Fold-Resume-Accumulate,HelloUltraviolet::Reference::Async,runAsyncCompositionFoldReference,Source/Reference/Async/CompositionForms.uv,false,true,false,false,true
rule.21.EvalSigma-Fold-Resume-Complete,HelloUltraviolet::Reference::Async,runAsyncCompositionFoldReference,Source/Reference/Async/CompositionForms.uv,false,true,false,false,true
rule.21.EvalSigma-Fold-Resume-Failed,HelloUltraviolet::Reference::Async,runAsyncCompositionFoldFailureReference,Source/Reference/Async/CombinatorRuntimeForms.uv,false,true,false,false,true
rule.21.EvalSigma-Chain-Create,HelloUltraviolet::Reference::Async,runAsyncCompositionChainReference,Source/Reference/Async/CompositionForms.uv,false,true,false,false,true
rule.21.EvalSigma-Chain-Resume-Source-Complete,HelloUltraviolet::Reference::Async,runAsyncCompositionChainReference,Source/Reference/Async/CompositionForms.uv,false,true,false,false,true
rule.21.EvalSigma-Chain-Resume-Chained,HelloUltraviolet::Reference::Async,runAsyncCompositionChainReference,Source/Reference/Async/CompositionForms.uv,false,true,false,false,true
rule.21.EvalSigma-Chain-Resume-Source-Failed,HelloUltraviolet::Reference::Async,runAsyncCompositionChainSourceFailureReference,Source/Reference/Async/CombinatorRuntimeForms.uv,false,true,false,false,true
def.21.AsyncComposeIR,HelloUltraviolet::Audit,asyncArtifactObligationsExercise,Source/Audit/AsyncArtifactExecution.uv,false,true,false,false,true
rule.21.Lower-Expr-Sync,HelloUltraviolet::Audit,asyncArtifactObligationsExercise,Source/Audit/AsyncArtifactExecution.uv,false,true,false,false,true
requirement.21.SyncLoopIRSemantics,HelloUltraviolet::Audit,asyncArtifactObligationsExercise,Source/Audit/AsyncArtifactExecution.uv,false,true,false,false,true
rule.21.Lower-Expr-Race-Return,HelloUltraviolet::Audit,asyncArtifactObligationsExercise,Source/Audit/AsyncArtifactExecution.uv,false,true,false,false,true
rule.21.Lower-Expr-Race-Stream,HelloUltraviolet::Audit,asyncArtifactObligationsExercise,Source/Audit/AsyncArtifactExecution.uv,false,true,false,false,true
requirement.21.RaceInitIRSemantics,HelloUltraviolet::Audit,asyncArtifactObligationsExercise,Source/Audit/AsyncArtifactExecution.uv,false,true,false,false,true
requirement.21.RaceResumeIRSemantics,HelloUltraviolet::Audit,asyncArtifactObligationsExercise,Source/Audit/AsyncArtifactExecution.uv,false,true,false,false,true
rule.21.Lower-Expr-All,HelloUltraviolet::Audit,asyncArtifactObligationsExercise,Source/Audit/AsyncArtifactExecution.uv,false,true,false,false,true
requirement.21.AllJoinIRSemantics,HelloUltraviolet::Audit,asyncArtifactObligationsExercise,Source/Audit/AsyncArtifactExecution.uv,false,true,false,false,true
requirement.21.AsyncCombinatorWrapperLowering,HelloUltraviolet::Reference::Async,runAsyncCompositionCombinatorsReference,Source/Reference/Async/CompositionForms.uv,false,true,false,false,true
rule.21.Lower-Async-Map,HelloUltraviolet::Reference::Async,runAsyncCompositionMapReference,Source/Reference/Async/CompositionForms.uv,false,true,false,false,true
rule.21.Lower-Async-Filter,HelloUltraviolet::Reference::Async,runAsyncCompositionFilterReference,Source/Reference/Async/CompositionForms.uv,false,true,false,false,true
rule.21.Lower-Async-Take,HelloUltraviolet::Reference::Async,runAsyncCompositionTakeReference,Source/Reference/Async/CompositionForms.uv,false,true,false,false,true
rule.21.Lower-Async-Fold,HelloUltraviolet::Reference::Async,runAsyncCompositionFoldReference,Source/Reference/Async/CompositionForms.uv,false,true,false,false,true
rule.21.Lower-Async-Chain,HelloUltraviolet::Reference::Async,runAsyncCompositionChainReference,Source/Reference/Async/CompositionForms.uv,false,true,false,false,true
requirement.21.AsyncWrapperLoweringSemantics,HelloUltraviolet::Reference::Async,runAsyncCompositionCombinatorsReference,Source/Reference/Async/CompositionForms.uv,false,true,false,false,true
requirement.21.AsyncStateMachineSyntaxSurface,HelloUltraviolet::Audit,asyncArtifactObligationsExercise,Source/Audit/AsyncArtifactExecution.uv,false,true,false,false,true
def.21.AsyncProcedureDefinition,HelloUltraviolet::Audit,asyncArtifactObligationsExercise,Source/Audit/AsyncArtifactExecution.uv,false,true,false,false,true
requirement.21.AsyncStateMachineParsingSurface,HelloUltraviolet::Audit,asyncArtifactObligationsExercise,Source/Audit/AsyncArtifactExecution.uv,false,true,false,false,true
def.21.AsyncStateMachineHelperForms,HelloUltraviolet::Audit,asyncArtifactObligationsExercise,Source/Audit/AsyncArtifactExecution.uv,false,true,false,false,true
requirement.21.AsyncFrameStoredState,HelloUltraviolet::Audit,asyncArtifactObligationsExercise,Source/Audit/AsyncArtifactExecution.uv,false,true,false,false,true
def.21.LiveAcrossSuspension,HelloUltraviolet::Audit,asyncArtifactObligationsExercise,Source/Audit/AsyncArtifactExecution.uv,false,true,false,false,true
rule.21.P-Async-Create,HelloUltraviolet::Audit,asyncArtifactObligationsExercise,Source/Audit/AsyncArtifactExecution.uv,false,true,false,false,true
requirement.21.AsyncErrorPropagationTypingReference,HelloUltraviolet::Audit,asyncArtifactObligationsExercise,Source/Audit/AsyncArtifactExecution.uv,false,true,false,false,true
requirement.21.AsyncProcedureCallRuntimeSemantics,HelloUltraviolet::Audit,asyncArtifactObligationsExercise,Source/Audit/AsyncArtifactExecution.uv,false,true,false,false,true
requirement.21.AsyncSettlementRuntimeSemantics,HelloUltraviolet::Audit,asyncArtifactObligationsExercise,Source/Audit/AsyncArtifactExecution.uv,false,true,false,false,true
requirement.21.AsyncResumeRuntimeSemantics,HelloUltraviolet::Audit,asyncArtifactObligationsExercise,Source/Audit/AsyncArtifactExecution.uv,false,true,false,false,true
requirement.21.AsyncFailureRuntimeSemantics,HelloUltraviolet::Audit,asyncArtifactObligationsExercise,Source/Audit/AsyncArtifactExecution.uv,false,true,false,false,true
def.21.AsyncStateMachineLoweringJudgements,HelloUltraviolet::Audit,asyncArtifactObligationsExercise,Source/Audit/AsyncArtifactExecution.uv,false,true,false,false,true
def.21.AsyncStateMachineFrameHelpers,HelloUltraviolet::Audit,asyncArtifactObligationsExercise,Source/Audit/AsyncArtifactExecution.uv,false,true,false,false,true
rule.21.Lower-Async-Proc,HelloUltraviolet::Audit,asyncArtifactObligationsExercise,Source/Audit/AsyncArtifactExecution.uv,false,true,false,false,true
requirement.21.AsyncFrameInitIRSemantics,HelloUltraviolet::Audit,asyncArtifactObligationsExercise,Source/Audit/AsyncArtifactExecution.uv,false,true,false,false,true
rule.21.Lower-Async-Resume,HelloUltraviolet::Audit,asyncArtifactObligationsExercise,Source/Audit/AsyncArtifactExecution.uv,false,true,false,false,true
requirement.21.AsyncResumeSwitchIRSemantics,HelloUltraviolet::Audit,asyncArtifactObligationsExercise,Source/Audit/AsyncArtifactExecution.uv,false,true,false,false,true
rule.21.Lower-Async-Suspend,HelloUltraviolet::Audit,asyncArtifactObligationsExercise,Source/Audit/AsyncArtifactExecution.uv,false,true,false,false,true
rule.21.Lower-Async-Complete,HelloUltraviolet::Audit,asyncArtifactObligationsExercise,Source/Audit/AsyncArtifactExecution.uv,false,true,false,false,true
rule.21.Lower-Async-Fail,HelloUltraviolet::Audit,asyncArtifactObligationsExercise,Source/Audit/AsyncArtifactExecution.uv,false,true,false,false,true
requirement.21.AsyncFailStateIRSemantics,HelloUltraviolet::Audit,asyncArtifactObligationsExercise,Source/Audit/AsyncArtifactExecution.uv,false,true,false,false,true
requirement.21.AsyncKeySyntaxSurface,HelloUltraviolet::Audit,asyncArtifactObligationsExercise,Source/Audit/AsyncArtifactExecution.uv,false,true,false,false,true
requirement.21.AsyncKeyParsingSurface,HelloUltraviolet::Audit,asyncArtifactObligationsExercise,Source/Audit/AsyncArtifactExecution.uv,false,true,false,false,true
def.21.AsyncKeyExistingAstForms,HelloUltraviolet::Audit,acceptedProjectFixturesBuildAndExerciseArtifactObligations,Source/Audit/AcceptedProjectExecution.uv,false,true,false,false,true
requirement.21.AsyncKeyNoAdditionalAstVariants,HelloUltraviolet::Audit,asyncArtifactObligationsExercise,Source/Audit/AsyncArtifactExecution.uv,false,true,false,false,true
requirements.21.AsyncCapabilityRequirements,HelloUltraviolet::Audit,asyncArtifactObligationsExercise,Source/Audit/AsyncArtifactExecution.uv,false,true,false,false,true
requirement.21.AsyncSuspensionAccessRights,HelloUltraviolet::Audit,asyncArtifactObligationsExercise,Source/Audit/AsyncArtifactExecution.uv,false,true,false,false,true
requirement.21.YieldReleaseRuntimeReference,HelloUltraviolet::Audit,asyncArtifactObligationsExercise,Source/Audit/AsyncArtifactExecution.uv,false,true,false,false,true
requirement.21.AsyncKeyFailureHandlingReference,HelloUltraviolet::Audit,asyncArtifactObligationsExercise,Source/Audit/AsyncArtifactExecution.uv,false,true,false,false,true
def.21.AsyncKeyIR,HelloUltraviolet::Audit,asyncArtifactObligationsExercise,Source/Audit/AsyncArtifactExecution.uv,false,true,false,false,true
rule.21.Lower-Wait-Key-Illegal,HelloUltraviolet::Reference::Async,asyncWaitHeldKeyLoweringFailureReference,Source/Reference/Async/AsyncKeyIntegration.uv,false,true,false,false,true
rule.21.Lower-Yield-Release-Keys,HelloUltraviolet::Audit,asyncArtifactObligationsExercise,Source/Audit/AsyncArtifactExecution.uv,false,true,false,false,true
rule.21.Lower-YieldFrom-Release-Keys,HelloUltraviolet::Audit,asyncArtifactObligationsExercise,Source/Audit/AsyncArtifactExecution.uv,false,true,false,false,true
rule.21.Lower-Closure-Yield-Shared,HelloUltraviolet::Audit,asyncArtifactObligationsExercise,Source/Audit/AsyncArtifactExecution.uv,false,true,false,false,true
requirement.22.Phase2ExecutionPosition,HelloUltraviolet::Audit::Catalog::CompileTimeExecutionAndMetaprogramming,comptimeAcceptedProjectPhaseExecutionConformanceMatches,Source/Audit/Catalog/CompileTimeExecutionAndMetaprogramming/CompilerConformanceExecution.uv,false,true,false,false,true
grammar.22.CompileTimeForms,HelloUltraviolet::Reference::Comptime,runComptimeCompileTimeFormsReference,Source/Reference/Comptime/CompileTimeForms.uv,false,true,false,false,true
def.22.CtParseJudg,HelloUltraviolet::Reference::Comptime,runComptimeCompileTimeFormsReference,Source/Reference/Comptime/CompileTimeForms.uv,false,true,false,false,true
rule.22.Parse-CtProc,HelloUltraviolet::Reference::Comptime,runComptimeCompileTimeFormsReference,Source/Reference/Comptime/CompileTimeForms.uv,false,true,false,false,true
rule.22.Parse-CtStmt,HelloUltraviolet::Reference::Comptime,runComptimeCompileTimeFormsReference,Source/Reference/Comptime/CompileTimeForms.uv,false,true,false,false,true
rule.22.Parse-CtExpr,HelloUltraviolet::Reference::Comptime,runComptimeCompileTimeFormsReference,Source/Reference/Comptime/CompileTimeForms.uv,false,true,false,false,true
rule.22.Parse-CtIf,HelloUltraviolet::Reference::Comptime,runComptimeCompileTimeFormsReference,Source/Reference/Comptime/CompileTimeForms.uv,false,true,false,false,true
rule.22.Parse-CtLoopIter,HelloUltraviolet::Reference::Comptime,runComptimeCompileTimeFormsReference,Source/Reference/Comptime/CompileTimeForms.uv,false,true,false,false,true
rule.22.Parse-CtElseOpt-None,HelloUltraviolet::Reference::Comptime,runComptimeCompileTimeFormsReference,Source/Reference/Comptime/CompileTimeForms.uv,false,true,false,false,true
rule.22.Parse-CtElseOpt-Block,HelloUltraviolet::Reference::Comptime,runComptimeCompileTimeFormsReference,Source/Reference/Comptime/CompileTimeForms.uv,false,true,false,false,true
rule.22.Parse-CtElseOpt-ElseIf,HelloUltraviolet::Reference::Comptime,runComptimeCompileTimeFormsReference,Source/Reference/Comptime/CompileTimeForms.uv,false,true,false,false,true
def.22.CtNodeForms,HelloUltraviolet::Reference::Comptime,runComptimeCompileTimeFormsReference,Source/Reference/Comptime/CompileTimeForms.uv,false,true,false,false,true
def.22.CtExecutionState,HelloUltraviolet::Reference::Comptime,runComptimeCompileTimeFormsReference,Source/Reference/Comptime/CompileTimeForms.uv,false,true,false,false,true
def.22.CompileTimeJudgementSets,HelloUltraviolet::Reference::Comptime,runComptimeCompileTimeFormsReference,Source/Reference/Comptime/CompileTimeForms.uv,false,true,false,false,true
def.22.CtValueForms,HelloUltraviolet::Reference::Comptime,runComptimeCompileTimeFormsReference,Source/Reference/Comptime/CompileTimeForms.uv,false,true,false,false,true
def.22.CompileTimeTypingEnvironment,HelloUltraviolet::Audit::Catalog::CompileTimeExecutionAndMetaprogramming,comptimeAcceptedProjectFormsConformanceMatches,Source/Audit/Catalog/CompileTimeExecutionAndMetaprogramming/CompilerConformanceExecution.uv,false,true,false,false,true
def.22.CtAvailabilityAndForbiddenTypes,HelloUltraviolet::Audit::Catalog::CompileTimeExecutionAndMetaprogramming,comptimeTypeAvailabilityConformanceMatches,Source/Audit/Catalog/CompileTimeExecutionAndMetaprogramming/CompilerConformanceExecution.uv,false,true,false,false,true
rule.22.T-CtStmt,HelloUltraviolet::Reference::Comptime,runComptimeCompileTimeFormsReference,Source/Reference/Comptime/CompileTimeForms.uv,false,true,false,false,true
rule.22.T-CtExpr,HelloUltraviolet::Reference::Comptime,runComptimeCompileTimeFormsReference,Source/Reference/Comptime/CompileTimeForms.uv,false,true,false,false,true
rule.22.T-CtIf,HelloUltraviolet::Reference::Comptime,runComptimeCompileTimeFormsReference,Source/Reference/Comptime/CompileTimeForms.uv,false,true,false,false,true
rule.22.T-CtLoopIter,HelloUltraviolet::Reference::Comptime,runComptimeCompileTimeFormsReference,Source/Reference/Comptime/CompileTimeForms.uv,false,true,false,false,true
rule.22.T-CtProc,HelloUltraviolet::Reference::Comptime,runComptimeCompileTimeFormsReference,Source/Reference/Comptime/CompileTimeForms.uv,false,true,false,false,true
requirement.22.ComptimeIfSelectedBranchOnly,HelloUltraviolet::Audit::Catalog::CompileTimeExecutionAndMetaprogramming,comptimeAcceptedProjectFormsConformanceMatches,Source/Audit/Catalog/CompileTimeExecutionAndMetaprogramming/CompilerConformanceExecution.uv,false,true,false,false,true
requirement.22.ComptimeLoopIterationSemantics,HelloUltraviolet::Audit::Catalog::CompileTimeExecutionAndMetaprogramming,comptimeAcceptedProjectFormsConformanceMatches,Source/Audit/Catalog/CompileTimeExecutionAndMetaprogramming/CompilerConformanceExecution.uv,false,true,false,false,true
def.22.Phase2ModuleOrder,HelloUltraviolet::Reference::Comptime,runComptimeCompileTimeFormsReference,Source/Reference/Comptime/CompileTimeForms.uv,false,true,false,false,true
def.22.CtDynamicHelpers,HelloUltraviolet::Reference::Comptime,runComptimeCompileTimeFormsReference,Source/Reference/Comptime/CompileTimeForms.uv,false,true,false,false,true
requirement.22.ComptimePassExecutionRequirements,HelloUltraviolet::Audit::Catalog::CompileTimeExecutionAndMetaprogramming,comptimeAcceptedProjectFormsConformanceMatches,Source/Audit/Catalog/CompileTimeExecutionAndMetaprogramming/CompilerConformanceExecution.uv,false,true,false,false,true
requirement.22.CtEvalOrdinarySemantics,HelloUltraviolet::Audit::Catalog::CompileTimeExecutionAndMetaprogramming,comptimeAcceptedProjectFormsConformanceMatches,Source/Audit/Catalog/CompileTimeExecutionAndMetaprogramming/CompilerConformanceExecution.uv,false,true,false,false,true
requirement.22.CtExpandOrdinaryTraversal,HelloUltraviolet::Audit::Catalog::CompileTimeExecutionAndMetaprogramming,comptimeAcceptedProjectFormsConformanceMatches,Source/Audit/Catalog/CompileTimeExecutionAndMetaprogramming/CompilerConformanceExecution.uv,false,true,false,false,true
rule.22.ComptimePass-Empty,HelloUltraviolet::Reference::Comptime,runComptimeCompileTimeFormsReference,Source/Reference/Comptime/CompileTimeForms.uv,false,true,false,false,true
rule.22.ComptimePass-Cons,HelloUltraviolet::Reference::Comptime,runComptimeCompileTimeFormsReference,Source/Reference/Comptime/CompileTimeForms.uv,false,true,false,false,true
rule.22.ComptimePass,HelloUltraviolet::Reference::Comptime,runComptimeCompileTimeFormsReference,Source/Reference/Comptime/CompileTimeForms.uv,false,true,false,false,true
rule.22.CtExecModule,HelloUltraviolet::Reference::Comptime,runComptimeCompileTimeFormsReference,Source/Reference/Comptime/CompileTimeForms.uv,false,true,false,false,true
rule.22.CtExpandItemSeq-Empty,HelloUltraviolet::Reference::Comptime,runComptimeCompileTimeFormsReference,Source/Reference/Comptime/CompileTimeForms.uv,false,true,false,false,true
rule.22.CtExpandItemSeq-Cons,HelloUltraviolet::Reference::Comptime,runComptimeCompileTimeFormsReference,Source/Reference/Comptime/CompileTimeForms.uv,false,true,false,false,true
def.22.CtExpandItemResult,HelloUltraviolet::Reference::Comptime,runComptimeCompileTimeFormsReference,Source/Reference/Comptime/CompileTimeForms.uv,false,true,false,false,true
requirement.22.CtPendingEmitsTransfer,HelloUltraviolet::Audit::Catalog::CompileTimeExecutionAndMetaprogramming,comptimeAcceptedProjectQuoteSpliceConformanceMatches,Source/Audit/Catalog/CompileTimeExecutionAndMetaprogramming/CompilerConformanceExecution.uv,false,true,false,false,true
rule.22.CtExpandItem-CtProc,HelloUltraviolet::Reference::Comptime,runComptimeCompileTimeFormsReference,Source/Reference/Comptime/CompileTimeForms.uv,false,true,false,false,true
rule.22.CtExpandStmtSeq-Empty,HelloUltraviolet::Reference::Comptime,runComptimeCompileTimeFormsReference,Source/Reference/Comptime/CompileTimeForms.uv,false,true,false,false,true
rule.22.CtExpandStmtSeq-Cons,HelloUltraviolet::Reference::Comptime,runComptimeCompileTimeFormsReference,Source/Reference/Comptime/CompileTimeForms.uv,false,true,false,false,true
rule.22.CtExpandBlock,HelloUltraviolet::Reference::Comptime,runComptimeCompileTimeFormsReference,Source/Reference/Comptime/CompileTimeForms.uv,false,true,false,false,true
rule.22.CtExpandStmt-CtStmt,HelloUltraviolet::Reference::Comptime,runComptimeCompileTimeFormsReference,Source/Reference/Comptime/CompileTimeForms.uv,false,true,false,false,true
rule.22.CtExpandExpr-CtExpr,HelloUltraviolet::Reference::Comptime,runComptimeCompileTimeFormsReference,Source/Reference/Comptime/CompileTimeForms.uv,false,true,false,false,true
rule.22.CtExpandExpr-CtIf-True,HelloUltraviolet::Reference::Comptime,runComptimeCompileTimeFormsReference,Source/Reference/Comptime/CompileTimeForms.uv,false,true,false,false,true
rule.22.CtExpandExpr-CtIf-False,HelloUltraviolet::Reference::Comptime,runComptimeCompileTimeFormsReference,Source/Reference/Comptime/CompileTimeForms.uv,false,true,false,false,true
rule.22.CtExpandExpr-CtLoopIter,HelloUltraviolet::Reference::Comptime,runComptimeCompileTimeFormsReference,Source/Reference/Comptime/CompileTimeForms.uv,false,true,false,false,true
rule.22.CtLoopIterUnroll-Empty,HelloUltraviolet::Reference::Comptime,runComptimeCompileTimeFormsReference,Source/Reference/Comptime/CompileTimeForms.uv,false,true,false,false,true
rule.22.CtLoopIterUnroll-Cons,HelloUltraviolet::Reference::Comptime,runComptimeCompileTimeFormsReference,Source/Reference/Comptime/CompileTimeForms.uv,false,true,false,false,true
def.22.CtLiteralize,HelloUltraviolet::Reference::Comptime,runComptimeCompileTimeFormsReference,Source/Reference/Comptime/CompileTimeForms.uv,false,true,false,false,true
requirement.22.CompileTimeFormsLowering,HelloUltraviolet::Audit::Catalog::CompileTimeExecutionAndMetaprogramming,comptimeRuntimeErasureArtifactEvidenceMatches,Source/Audit/Catalog/CompileTimeExecutionAndMetaprogramming/LoweringErasureArtifactExecution.uv,false,true,false,false,true
requirement.22.CompileTimeCapabilitiesSyntaxSurface,HelloUltraviolet::Audit::Catalog::CompileTimeExecutionAndMetaprogramming,comptimeAcceptedProjectCapabilitiesConformanceMatches,Source/Audit/Catalog/CompileTimeExecutionAndMetaprogramming/CompilerConformanceExecution.uv,false,true,false,false,true
def.22.CtCapName,HelloUltraviolet::Reference::Comptime,runComptimeCompileTimeCapabilitiesReference,Source/Reference/Comptime/CompileTimeCapabilities.uv,false,true,false,false,true
rule.22.Parse-CtCapRef,HelloUltraviolet::Reference::Comptime,runComptimeCompileTimeCapabilitiesReference,Source/Reference/Comptime/CompileTimeCapabilities.uv,false,true,false,false,true
requirement.22.CtCapMethodCallParsing,HelloUltraviolet::Audit::Catalog::CompileTimeExecutionAndMetaprogramming,comptimeAcceptedProjectCapabilitiesConformanceMatches,Source/Audit/Catalog/CompileTimeExecutionAndMetaprogramming/CompilerConformanceExecution.uv,false,true,false,false,true
def.22.CtCapabilitiesAndBuiltinTypes,HelloUltraviolet::Audit::Catalog::CompileTimeExecutionAndMetaprogramming,comptimeAcceptedProjectCapabilitiesConformanceMatches,Source/Audit/Catalog/CompileTimeExecutionAndMetaprogramming/CompilerConformanceExecution.uv,false,true,false,false,true
def.22.CtReflectionInfoFields,HelloUltraviolet::Reference::Comptime,runComptimeCompileTimeCapabilitiesReference,Source/Reference/Comptime/CompileTimeCapabilities.uv,false,true,false,false,true
def.22.CtValueConversionHelpers,HelloUltraviolet::Reference::Comptime,runComptimeCompileTimeCapabilitiesReference,Source/Reference/Comptime/CompileTimeCapabilities.uv,false,true,false,false,true
def.22.TypeEmitterInterface,HelloUltraviolet::Reference::Comptime,runComptimeCompileTimeCapabilitiesReference,Source/Reference/Comptime/CompileTimeCapabilities.uv,false,true,false,false,true
def.22.IntrospectInterface,HelloUltraviolet::Reference::Comptime,runComptimeCompileTimeCapabilitiesReference,Source/Reference/Comptime/CompileTimeCapabilities.uv,false,true,false,false,true
def.22.ProjectFilesInterface,HelloUltraviolet::Reference::Comptime,runComptimeCompileTimeCapabilitiesReference,Source/Reference/Comptime/CompileTimeCapabilities.uv,false,true,false,false,true
def.22.ComptimeDiagnosticsInterface,HelloUltraviolet::Reference::Comptime,runComptimeCompileTimeCapabilitiesReference,Source/Reference/Comptime/CompileTimeCapabilities.uv,false,true,false,false,true
requirement.22.IntrospectAndDiagnosticsAvailability,HelloUltraviolet::Audit::Catalog::CompileTimeExecutionAndMetaprogramming,comptimeAcceptedProjectCapabilitiesConformanceMatches,Source/Audit/Catalog/CompileTimeExecutionAndMetaprogramming/CompilerConformanceExecution.uv,false,true,false,false,true
requirement.22.TypeEmitterAvailability,HelloUltraviolet::Audit::Catalog::CompileTimeExecutionAndMetaprogramming,comptimeAcceptedProjectCapabilitiesConformanceMatches,Source/Audit/Catalog/CompileTimeExecutionAndMetaprogramming/CompilerConformanceExecution.uv,false,true,false,false,true
requirement.22.ProjectFilesAvailability,HelloUltraviolet::Audit::Catalog::CompileTimeExecutionAndMetaprogramming,comptimeAcceptedProjectCapabilitiesConformanceMatches,Source/Audit/Catalog/CompileTimeExecutionAndMetaprogramming/CompilerConformanceExecution.uv,false,true,false,false,true
def.22.CtCapBindings,HelloUltraviolet::Reference::Comptime,runComptimeCompileTimeCapabilitiesReference,Source/Reference/Comptime/CompileTimeCapabilities.uv,false,true,false,false,true
def.22.CtCapabilityDynamicHelpers,HelloUltraviolet::Audit::Catalog::CompileTimeExecutionAndMetaprogramming,comptimeAcceptedProjectCapabilitiesConformanceMatches,Source/Audit/Catalog/CompileTimeExecutionAndMetaprogramming/CompilerConformanceExecution.uv,false,true,false,false,true
rule.22.CtBuiltin-Emit,HelloUltraviolet::Reference::Comptime,runComptimeCompileTimeCapabilitiesReference,Source/Reference/Comptime/CompileTimeCapabilities.uv,false,true,false,false,true
rule.22.CtBuiltin-ProjectRoot,HelloUltraviolet::Reference::Comptime,runComptimeCompileTimeCapabilitiesReference,Source/Reference/Comptime/CompileTimeCapabilities.uv,false,true,false,false,true
rule.22.CtBuiltin-Read,HelloUltraviolet::Reference::Comptime,runComptimeCompileTimeCapabilitiesReference,Source/Reference/Comptime/CompileTimeCapabilities.uv,false,true,false,false,true
rule.22.CtBuiltin-ReadBytes,HelloUltraviolet::Reference::Comptime,runComptimeCompileTimeCapabilitiesReference,Source/Reference/Comptime/CompileTimeCapabilities.uv,false,true,false,false,true
rule.22.CtBuiltin-Exists,HelloUltraviolet::Reference::Comptime,runComptimeCompileTimeCapabilitiesReference,Source/Reference/Comptime/CompileTimeCapabilities.uv,false,true,false,false,true
rule.22.CtBuiltin-ListDir,HelloUltraviolet::Audit::Catalog::CompileTimeExecutionAndMetaprogramming,comptimeAcceptedProjectCapabilitiesConformanceMatches,Source/Audit/Catalog/CompileTimeExecutionAndMetaprogramming/CompilerConformanceExecution.uv,false,true,false,false,true
rule.22.CtBuiltin-ListDir-InvalidPath,HelloUltraviolet::Audit::Catalog::CompileTimeExecutionAndMetaprogramming,comptimeAcceptedProjectCapabilitiesConformanceMatches,Source/Audit/Catalog/CompileTimeExecutionAndMetaprogramming/CompilerConformanceExecution.uv,false,true,false,false,true
rule.22.CtBuiltin-Diagnostics-CurrentSpan,HelloUltraviolet::Reference::Comptime,runComptimeCompileTimeCapabilitiesReference,Source/Reference/Comptime/CompileTimeCapabilities.uv,false,true,false,false,true
rule.22.CtBuiltin-Diagnostics-CurrentModule,HelloUltraviolet::Reference::Comptime,runComptimeCompileTimeCapabilitiesReference,Source/Reference/Comptime/CompileTimeCapabilities.uv,false,true,false,false,true
requirement.22.ProjectFileSnapshotStability,HelloUltraviolet::Audit::Catalog::CompileTimeExecutionAndMetaprogramming,comptimeAcceptedProjectCapabilitiesConformanceMatches,Source/Audit/Catalog/CompileTimeExecutionAndMetaprogramming/CompilerConformanceExecution.uv,false,true,false,false,true
requirement.22.CompileTimeCapabilitiesLowering,HelloUltraviolet::Audit::Catalog::CompileTimeExecutionAndMetaprogramming,comptimeRuntimeErasureArtifactEvidenceMatches,Source/Audit/Catalog/CompileTimeExecutionAndMetaprogramming/LoweringErasureArtifactExecution.uv,false,true,false,false,true
grammar.22.TypeLiteral,HelloUltraviolet::Reference::Comptime,runComptimeReflectionReference,Source/Reference/Comptime/Reflection.uv,false,true,false,false,true
def.22.ReflectParseJudg,HelloUltraviolet::Reference::Comptime,runComptimeReflectionReference,Source/Reference/Comptime/Reflection.uv,false,true,false,false,true
rule.22.Parse-TypeLiteral,HelloUltraviolet::Reference::Comptime,runComptimeReflectionReference,Source/Reference/Comptime/Reflection.uv,false,true,false,false,true
def.22.Reflectable,HelloUltraviolet::Reference::Comptime,runComptimeReflectionReference,Source/Reference/Comptime/Reflection.uv,false,true,false,false,true
def.22.ReflectJudgementsAndTypeLiteralExpr,HelloUltraviolet::Reference::Comptime,runComptimeReflectionReference,Source/Reference/Comptime/Reflection.uv,false,true,false,false,true
def.22.TypeCategory,HelloUltraviolet::Reference::Comptime,runComptimeReflectionReference,Source/Reference/Comptime/Reflection.uv,false,true,false,false,true
def.22.ReflectFields,HelloUltraviolet::Reference::Comptime,runComptimeReflectionReference,Source/Reference/Comptime/Reflection.uv,false,true,false,false,true
def.22.ReflectVariants,HelloUltraviolet::Reference::Comptime,runComptimeReflectionReference,Source/Reference/Comptime/Reflection.uv,false,true,false,false,true
def.22.ReflectStates,HelloUltraviolet::Reference::Comptime,runComptimeReflectionReference,Source/Reference/Comptime/Reflection.uv,false,true,false,false,true
def.22.ReflectionPayloadAndModuleHelpers,HelloUltraviolet::Reference::Comptime,runComptimeReflectionReference,Source/Reference/Comptime/Reflection.uv,false,true,false,false,true
rule.22.T-TypeLiteral,HelloUltraviolet::Reference::Comptime,runComptimeReflectionReference,Source/Reference/Comptime/Reflection.uv,false,true,false,false,true
requirement.22.IntrospectCategoryValidity,HelloUltraviolet::Audit::Catalog::CompileTimeExecutionAndMetaprogramming,comptimeAcceptedProjectReflectionConformanceMatches,Source/Audit/Catalog/CompileTimeExecutionAndMetaprogramming/CompilerConformanceExecution.uv,false,true,false,false,true
requirement.22.ReflectionCanonicalOrder,HelloUltraviolet::Audit::Catalog::CompileTimeExecutionAndMetaprogramming,comptimeAcceptedProjectReflectionConformanceMatches,Source/Audit/Catalog/CompileTimeExecutionAndMetaprogramming/CompilerConformanceExecution.uv,false,true,false,false,true
requirement.22.IntrospectImplementsFormSemantics,HelloUltraviolet::Audit::Catalog::CompileTimeExecutionAndMetaprogramming,comptimeAcceptedProjectReflectionConformanceMatches,Source/Audit/Catalog/CompileTimeExecutionAndMetaprogramming/CompilerConformanceExecution.uv,false,true,false,false,true
rule.22.CtEval-TypeLiteral,HelloUltraviolet::Reference::Comptime,runComptimeReflectionReference,Source/Reference/Comptime/Reflection.uv,false,true,false,false,true
rule.22.CtBuiltin-Reflect-Category,HelloUltraviolet::Reference::Comptime,runComptimeReflectionReference,Source/Reference/Comptime/Reflection.uv,false,true,false,false,true
rule.22.CtBuiltin-Reflect-Fields,HelloUltraviolet::Reference::Comptime,runComptimeReflectionReference,Source/Reference/Comptime/Reflection.uv,false,true,false,false,true
rule.22.CtBuiltin-Reflect-Variants,HelloUltraviolet::Reference::Comptime,runComptimeReflectionReference,Source/Reference/Comptime/Reflection.uv,false,true,false,false,true
rule.22.CtBuiltin-Reflect-States,HelloUltraviolet::Reference::Comptime,runComptimeReflectionReference,Source/Reference/Comptime/Reflection.uv,false,true,false,false,true
rule.22.CtBuiltin-Reflect-Form,HelloUltraviolet::Reference::Comptime,runComptimeReflectionReference,Source/Reference/Comptime/Reflection.uv,false,true,false,false,true
rule.22.CtBuiltin-Reflect-TypeName,HelloUltraviolet::Reference::Comptime,runComptimeReflectionReference,Source/Reference/Comptime/Reflection.uv,false,true,false,false,true
rule.22.CtBuiltin-Reflect-ModulePath,HelloUltraviolet::Reference::Comptime,runComptimeReflectionReference,Source/Reference/Comptime/Reflection.uv,false,true,false,false,true
requirement.22.ReflectionPurityAndImmutability,HelloUltraviolet::Audit::Catalog::CompileTimeExecutionAndMetaprogramming,comptimeAcceptedProjectReflectionConformanceMatches,Source/Audit/Catalog/CompileTimeExecutionAndMetaprogramming/CompilerConformanceExecution.uv,false,true,false,false,true
requirement.22.ReflectionLowering,HelloUltraviolet::Audit::Catalog::CompileTimeExecutionAndMetaprogramming,comptimeRuntimeErasureArtifactEvidenceMatches,Source/Audit/Catalog/CompileTimeExecutionAndMetaprogramming/LoweringErasureArtifactExecution.uv,false,true,false,false,true
grammar.22.QuoteSpliceEmission,HelloUltraviolet::Reference::Comptime,runComptimeQuoteSpliceEmissionReference,Source/Reference/Comptime/QuoteSpliceEmission.uv,false,true,false,false,true
def.22.QuoteParseJudg,HelloUltraviolet::Reference::Comptime,runComptimeQuoteSpliceEmissionReference,Source/Reference/Comptime/QuoteSpliceEmission.uv,false,true,false,false,true
def.22.CaptureQuotedTokens,HelloUltraviolet::Reference::Comptime,runComptimeQuoteSpliceEmissionReference,Source/Reference/Comptime/QuoteSpliceEmission.uv,false,true,false,false,true
rule.22.Parse-Quote-Raw,HelloUltraviolet::Reference::Comptime,runComptimeQuoteSpliceEmissionReference,Source/Reference/Comptime/QuoteSpliceEmission.uv,false,true,false,false,true
rule.22.Parse-Quote-Type,HelloUltraviolet::Reference::Comptime,runComptimeQuoteSpliceEmissionReference,Source/Reference/Comptime/QuoteSpliceEmission.uv,false,true,false,false,true
rule.22.Parse-Quote-Pattern,HelloUltraviolet::Reference::Comptime,runComptimeQuoteSpliceEmissionReference,Source/Reference/Comptime/QuoteSpliceEmission.uv,false,true,false,false,true
def.22.AstForms,HelloUltraviolet::Reference::Comptime,runComptimeQuoteSpliceEmissionReference,Source/Reference/Comptime/QuoteSpliceEmission.uv,false,true,false,false,true
def.22.QuoteSpliceHygieneForms,HelloUltraviolet::Reference::Comptime,runComptimeQuoteSpliceEmissionReference,Source/Reference/Comptime/QuoteSpliceEmission.uv,false,true,false,false,true
def.22.QuoteJudg,HelloUltraviolet::Reference::Comptime,runComptimeQuoteSpliceEmissionReference,Source/Reference/Comptime/QuoteSpliceEmission.uv,false,true,false,false,true
def.22.ExpectedAstKind,HelloUltraviolet::Reference::Comptime,runComptimeQuoteSpliceEmissionReference,Source/Reference/Comptime/QuoteSpliceEmission.uv,false,true,false,false,true
def.22.CtLiteralType,HelloUltraviolet::Reference::Comptime,runComptimeQuoteSpliceEmissionReference,Source/Reference/Comptime/QuoteSpliceEmission.uv,false,true,false,false,true
def.22.SpliceCompat,HelloUltraviolet::Reference::Comptime,runComptimeQuoteSpliceEmissionReference,Source/Reference/Comptime/QuoteSpliceEmission.uv,false,true,false,false,true
def.22.ResolveQuoteKind,HelloUltraviolet::Reference::Comptime,runComptimeQuoteSpliceEmissionReference,Source/Reference/Comptime/QuoteSpliceEmission.uv,false,true,false,false,true
requirement.22.StringSpliceIdentifierHygiene,HelloUltraviolet::Audit::Catalog::CompileTimeExecutionAndMetaprogramming,comptimeAcceptedProjectQuoteSpliceConformanceMatches,Source/Audit/Catalog/CompileTimeExecutionAndMetaprogramming/CompilerConformanceExecution.uv,false,true,false,false,true
def.22.ParseQuotedBody,HelloUltraviolet::Reference::Comptime,runComptimeQuoteSpliceEmissionReference,Source/Reference/Comptime/QuoteSpliceEmission.uv,false,true,false,false,true
def.22.RenderSplice,HelloUltraviolet::Reference::Comptime,runComptimeQuoteSpliceEmissionReference,Source/Reference/Comptime/QuoteSpliceEmission.uv,false,true,false,false,true
requirement.22.HygienizeAstProperties,HelloUltraviolet::Audit::Catalog::CompileTimeExecutionAndMetaprogramming,comptimeAcceptedProjectQuoteSpliceConformanceMatches,Source/Audit/Catalog/CompileTimeExecutionAndMetaprogramming/CompilerConformanceExecution.uv,false,true,false,false,true
requirement.22.HygienicInternalReferences,HelloUltraviolet::Audit::Catalog::CompileTimeExecutionAndMetaprogramming,comptimeAcceptedProjectQuoteSpliceConformanceMatches,Source/Audit/Catalog/CompileTimeExecutionAndMetaprogramming/CompilerConformanceExecution.uv,false,true,false,false,true
requirement.22.ImportUsingHygiene,HelloUltraviolet::Audit::Catalog::CompileTimeExecutionAndMetaprogramming,comptimeAcceptedProjectQuoteSpliceConformanceMatches,Source/Audit/Catalog/CompileTimeExecutionAndMetaprogramming/CompilerConformanceExecution.uv,false,true,false,false,true
rule.22.CtEval-Quote,HelloUltraviolet::Reference::Comptime,runComptimeQuoteSpliceEmissionReference,Source/Reference/Comptime/QuoteSpliceEmission.uv,false,true,false,false,true
requirement.22.QuoteBuildSpliceOrder,HelloUltraviolet::Audit::Catalog::CompileTimeExecutionAndMetaprogramming,comptimeAcceptedProjectQuoteSpliceConformanceMatches,Source/Audit/Catalog/CompileTimeExecutionAndMetaprogramming/CompilerConformanceExecution.uv,false,true,false,false,true
requirement.22.EmissionOrder,HelloUltraviolet::Audit::Catalog::CompileTimeExecutionAndMetaprogramming,comptimeAcceptedProjectQuoteSpliceConformanceMatches,Source/Audit/Catalog/CompileTimeExecutionAndMetaprogramming/CompilerConformanceExecution.uv,false,true,false,false,true
requirement.22.QuoteSpliceEmissionLowering,HelloUltraviolet::Audit::Catalog::CompileTimeExecutionAndMetaprogramming,comptimeRuntimeErasureArtifactEvidenceMatches,Source/Audit/Catalog/CompileTimeExecutionAndMetaprogramming/LoweringErasureArtifactExecution.uv,false,true,false,false,true
grammar.22.DeriveTargetsAndContracts,HelloUltraviolet::Reference::Comptime,runComptimeDeriveTargetsReference,Source/Reference/Comptime/DeriveTargets.uv,false,true,false,false,true
def.22.DeriveParseJudg,HelloUltraviolet::Reference::Comptime,runComptimeDeriveTargetsReference,Source/Reference/Comptime/DeriveTargets.uv,false,true,false,false,true
requirement.22.DeriveAttributeParsingReference,HelloUltraviolet::Audit::Catalog::CompileTimeExecutionAndMetaprogramming,comptimeAcceptedProjectDeriveConformanceMatches,Source/Audit/Catalog/CompileTimeExecutionAndMetaprogramming/CompilerConformanceExecution.uv,false,true,false,false,true
rule.22.Parse-DeriveTargetDecl,HelloUltraviolet::Reference::Comptime,runComptimeDeriveTargetsReference,Source/Reference/Comptime/DeriveTargets.uv,false,true,false,false,true
rule.22.Parse-DeriveContractOpt-None,HelloUltraviolet::Reference::Comptime,runComptimeDeriveTargetsReference,Source/Reference/Comptime/DeriveTargets.uv,false,true,false,false,true
rule.22.Parse-DeriveContractOpt-Yes,HelloUltraviolet::Reference::Comptime,runComptimeDeriveTargetsReference,Source/Reference/Comptime/DeriveTargets.uv,false,true,false,false,true
rule.22.Parse-DeriveClauseList-Cons,HelloUltraviolet::Reference::Comptime,runComptimeDeriveTargetsReference,Source/Reference/Comptime/DeriveTargets.uv,false,true,false,false,true
rule.22.Parse-DeriveClause-Requires,HelloUltraviolet::Audit::Catalog::CompileTimeExecutionAndMetaprogramming,comptimeAcceptedProjectDeriveConformanceMatches,Source/Audit/Catalog/CompileTimeExecutionAndMetaprogramming/CompilerConformanceExecution.uv,false,true,false,false,true
rule.22.Parse-DeriveClause-Emits,HelloUltraviolet::Reference::Comptime,runComptimeDeriveTargetsReference,Source/Reference/Comptime/DeriveTargets.uv,false,true,false,false,true
rule.22.Parse-DeriveClauseTail-End,HelloUltraviolet::Reference::Comptime,runComptimeDeriveTargetsReference,Source/Reference/Comptime/DeriveTargets.uv,false,true,false,false,true
rule.22.Parse-DeriveClauseTail-Comma,HelloUltraviolet::Reference::Comptime,runComptimeDeriveTargetsReference,Source/Reference/Comptime/DeriveTargets.uv,false,true,false,false,true
def.22.DeriveTargetDecl,HelloUltraviolet::Reference::Comptime,runComptimeDeriveTargetsReference,Source/Reference/Comptime/DeriveTargets.uv,false,true,false,false,true
def.22.DeriveGraphAndOrder,HelloUltraviolet::Reference::Comptime,runComptimeDeriveTargetsReference,Source/Reference/Comptime/DeriveTargets.uv,false,true,false,false,true
requirement.22.DeriveTargetBodyBindings,HelloUltraviolet::Audit::Catalog::CompileTimeExecutionAndMetaprogramming,comptimeAcceptedProjectDeriveConformanceMatches,Source/Audit/Catalog/CompileTimeExecutionAndMetaprogramming/CompilerConformanceExecution.uv,false,true,false,false,true
requirement.22.DeriveExecutionOrder,HelloUltraviolet::Audit::Catalog::CompileTimeExecutionAndMetaprogramming,comptimeAcceptedProjectDeriveConformanceMatches,Source/Audit/Catalog/CompileTimeExecutionAndMetaprogramming/CompilerConformanceExecution.uv,false,true,false,false,true
requirement.22.DeriveOrderTieBreaker,HelloUltraviolet::Audit::Catalog::CompileTimeExecutionAndMetaprogramming,comptimeAcceptedProjectDeriveConformanceMatches,Source/Audit/Catalog/CompileTimeExecutionAndMetaprogramming/CompilerConformanceExecution.uv,false,true,false,false,true
requirement.22.DeriveRequiresEmitsScope,HelloUltraviolet::Audit::Catalog::CompileTimeExecutionAndMetaprogramming,comptimeAcceptedProjectDeriveConformanceMatches,Source/Audit/Catalog/CompileTimeExecutionAndMetaprogramming/CompilerConformanceExecution.uv,false,true,false,false,true
requirement.22.DeriveTargetDeclPhase2Lifetime,HelloUltraviolet::Audit::Catalog::CompileTimeExecutionAndMetaprogramming,comptimeAcceptedProjectDeriveConformanceMatches,Source/Audit/Catalog/CompileTimeExecutionAndMetaprogramming/CompilerConformanceExecution.uv,false,true,false,false,true
rule.22.CtExpandItem-DeriveTargetDecl,HelloUltraviolet::Reference::Comptime,runComptimeDeriveTargetsReference,Source/Reference/Comptime/DeriveTargets.uv,false,true,false,false,true
rule.22.RunDeriveSet-Empty,HelloUltraviolet::Reference::Comptime,runComptimeDeriveTargetsReference,Source/Reference/Comptime/DeriveTargets.uv,false,true,false,false,true
rule.22.RunDeriveSet-Cons,HelloUltraviolet::Reference::Comptime,runComptimeDeriveTargetsReference,Source/Reference/Comptime/DeriveTargets.uv,false,true,false,false,true
rule.22.RunDeriveTarget,HelloUltraviolet::Reference::Comptime,runComptimeDeriveTargetsReference,Source/Reference/Comptime/DeriveTargets.uv,false,true,false,false,true
def.22.BindDeriveTargetInputs,HelloUltraviolet::Reference::Comptime,runComptimeDeriveTargetsReference,Source/Reference/Comptime/DeriveTargets.uv,false,true,false,false,true
rule.22.CtExpandItem-DeriveAnnotatedDecl,HelloUltraviolet::Reference::Comptime,runComptimeDeriveTargetsReference,Source/Reference/Comptime/DeriveTargets.uv,false,true,false,false,true
requirement.22.DeriveTargetExecutionTiming,HelloUltraviolet::Audit::Catalog::CompileTimeExecutionAndMetaprogramming,comptimeAcceptedProjectDeriveConformanceMatches,Source/Audit/Catalog/CompileTimeExecutionAndMetaprogramming/CompilerConformanceExecution.uv,false,true,false,false,true
requirement.22.DeriveTargetsLowering,HelloUltraviolet::Audit::Catalog::CompileTimeExecutionAndMetaprogramming,comptimeRuntimeErasureArtifactEvidenceMatches,Source/Audit/Catalog/CompileTimeExecutionAndMetaprogramming/LoweringErasureArtifactExecution.uv,false,true,false,false,true
requirement.23.FFIBoundaryDefinition,HelloUltraviolet::Audit,acceptedProjectHostedExercise,Source/Audit/AcceptedProjectExecution.uv,false,true,false,false,true
def.23.FFIBoundary,HelloUltraviolet::Reference::FFI,runFFIFfiSafeReference,Source/Reference/FFI/FfiSafe.uv,false,true,false,false,true
requirement.23.FfiSafeSyntaxNoAdditionalForm,HelloUltraviolet::Audit,artifactProjectEmitLlExercise,Source/Audit/ArtifactProjectExecution.uv,false,true,false,false,true
requirement.23.FfiSafeParsingNoAdditionalRules,HelloUltraviolet::Audit,artifactProjectEmitLlExercise,Source/Audit/ArtifactProjectExecution.uv,false,true,false,false,true
def.23.FfiSafeTypePredicateAstForm,HelloUltraviolet::Reference::FFI,runFFIFfiSafeReference,Source/Reference/FFI/FfiSafe.uv,false,true,false,false,true
def.23.FfiSafePredicateMeaning,HelloUltraviolet::Reference::FFI,runFFIFfiSafeReference,Source/Reference/FFI/FfiSafe.uv,false,true,false,false,true
def.23.FfiSafeJudgements,HelloUltraviolet::Reference::FFI,runFFIFfiSafeReference,Source/Reference/FFI/FfiSafe.uv,false,true,false,false,true
def.23.FfiPrimitiveTypes,HelloUltraviolet::Reference::FFI,runFFIFfiSafeReference,Source/Reference/FFI/FfiSafe.uv,false,true,false,false,true
def.23.FfiLayoutAndPayloadHelpers,HelloUltraviolet::Audit,artifactProjectEmitLlExercise,Source/Audit/ArtifactProjectExecution.uv,false,true,false,false,true
def.23.FfiTypeParameterSetHelper,HelloUltraviolet::Reference::FFI,runFFIFfiSafeReference,Source/Reference/FFI/FfiSafe.uv,false,true,false,false,true
def.23.FfiAliasHelpers,HelloUltraviolet::Reference::FFI,runFFIFfiSafeReference,Source/Reference/FFI/FfiSafe.uv,false,true,false,false,true
def.23.TypeSubst,HelloUltraviolet::Reference::FFI,runFFIFfiSafeReference,Source/Reference/FFI/FfiSafe.uv,false,true,false,false,true
def.23.TypeParamsIn,HelloUltraviolet::Reference::FFI,runFFIFfiSafeReference,Source/Reference/FFI/FfiSafe.uv,false,true,false,false,true
def.23.FfiFieldAndPayloadTypeParamHelpers,HelloUltraviolet::Reference::FFI,runFFIFfiSafeReference,Source/Reference/FFI/FfiSafe.uv,false,true,false,false,true
def.23.FfiSafePredicateClauseHelpers,HelloUltraviolet::Reference::FFI,runFFIFfiSafeReference,Source/Reference/FFI/FfiSafe.uv,false,true,false,false,true
def.23.FfiByValueHelpers,HelloUltraviolet::Reference::FFI,runFFIFfiSafeReference,Source/Reference/FFI/FfiSafe.uv,false,true,false,false,true
rule.23.FfiSafe-Prim,HelloUltraviolet::Reference::FFI,runFFIFfiSafeReference,Source/Reference/FFI/FfiSafe.uv,false,true,false,false,true
rule.23.FfiSafe-RawPtr,HelloUltraviolet::Reference::FFI,runFFIFfiSafeReference,Source/Reference/FFI/FfiSafe.uv,false,true,false,false,true
rule.23.FfiSafe-Array,HelloUltraviolet::Reference::FFI,runFFIFfiSafeReference,Source/Reference/FFI/FfiSafe.uv,false,true,false,false,true
rule.23.FfiSafe-Func,HelloUltraviolet::Reference::FFI,runFFIFfiSafeReference,Source/Reference/FFI/FfiSafe.uv,false,true,false,false,true
rule.23.FfiSafe-Perm,HelloUltraviolet::Reference::FFI,runFFIFfiSafeReference,Source/Reference/FFI/FfiSafe.uv,false,true,false,false,true
rule.23.FfiSafe-Alias,HelloUltraviolet::Reference::FFI,runFFIFfiSafeReference,Source/Reference/FFI/FfiSafe.uv,false,true,false,false,true
rule.23.FfiSafe-Alias-Apply,HelloUltraviolet::Reference::FFI,runFFIFfiSafeReference,Source/Reference/FFI/FfiSafe.uv,false,true,false,false,true
rule.23.FfiSafe-Record,HelloUltraviolet::Reference::FFI,runFFIFfiSafeReference,Source/Reference/FFI/FfiSafe.uv,false,true,false,false,true
rule.23.FfiSafe-Record-Apply,HelloUltraviolet::Reference::FFI,runFFIFfiSafeReference,Source/Reference/FFI/FfiSafe.uv,false,true,false,false,true
rule.23.FfiSafe-Enum,HelloUltraviolet::Reference::FFI,runFFIFfiSafeReference,Source/Reference/FFI/FfiSafe.uv,false,true,false,false,true
rule.23.FfiSafe-Enum-Apply,HelloUltraviolet::Reference::FFI,runFFIFfiSafeReference,Source/Reference/FFI/FfiSafe.uv,false,true,false,false,true
requirement.23.FfiSafeProhibitedCategories,HelloUltraviolet::Audit,artifactProjectEmitLlExercise,Source/Audit/ArtifactProjectExecution.uv,false,true,false,false,true
requirement.23.FfiSafeRaiiByValueRule,HelloUltraviolet::Audit,artifactProjectEmitLlExercise,Source/Audit/ArtifactProjectExecution.uv,false,true,false,false,true
requirement.23.FfiSafeGenericBounds,HelloUltraviolet::Audit,artifactProjectEmitLlExercise,Source/Audit/ArtifactProjectExecution.uv,false,true,false,false,true
requirement.23.FfiSafeDynamicSemantics,HelloUltraviolet::Audit,artifactProjectEmitLlExercise,Source/Audit/ArtifactProjectExecution.uv,false,true,false,false,true
requirement.23.FfiSafeLowering,HelloUltraviolet::Audit,artifactProjectEmitLlExercise,Source/Audit/ArtifactProjectExecution.uv,false,true,false,false,true
grammar.23.ExternProcedureDecl,HelloUltraviolet::Reference::FFI,runFFIExternProceduresReference,Source/Reference/FFI/ExternProcedures.uv,false,true,false,false,true
rule.23.Parse-ExternProcDecl,HelloUltraviolet::Reference::FFI,runFFIExternProceduresReference,Source/Reference/FFI/ExternProcedures.uv,false,true,false,false,true
ast.23.ExternProcDeclForm,HelloUltraviolet::Reference::FFI,runFFIExternProceduresReference,Source/Reference/FFI/ExternProcedures.uv,false,true,false,false,true
def.23.ExternProcedureDerivedForms,HelloUltraviolet::Reference::FFI,runFFIExternProceduresReference,Source/Reference/FFI/ExternProcedures.uv,false,true,false,false,true
def.23.ExternProcedureMeaning,HelloUltraviolet::Reference::FFI,runFFIExternProceduresReference,Source/Reference/FFI/ExternProcedures.uv,false,true,false,false,true
def.23.ExternAbiStrings,HelloUltraviolet::Audit,artifactProjectEmitLlExercise,Source/Audit/ArtifactProjectExecution.uv,false,true,false,false,true
def.23.ExternSignatureRequirements,HelloUltraviolet::Audit,artifactProjectEmitLlExercise,Source/Audit/ArtifactProjectExecution.uv,false,true,false,false,true
requirement.23.ExternFfiConstraints,HelloUltraviolet::Audit,artifactProjectEmitLlExercise,Source/Audit/ArtifactProjectExecution.uv,false,true,false,false,true
requirement.23.ExternDynamicSemantics,HelloUltraviolet::Audit,artifactProjectEmitLlExercise,Source/Audit/ArtifactProjectExecution.uv,false,true,false,false,true
requirement.23.ExternLowering,HelloUltraviolet::Audit,artifactProjectEmitLlExercise,Source/Audit/ArtifactProjectExecution.uv,false,true,false,false,true
requirement.23.RawExportedProcedureClassification,HelloUltraviolet::Audit,artifactProjectEmitLlExercise,Source/Audit/ArtifactProjectExecution.uv,false,true,false,false,true
requirement.23.RawExportParsingUsesOrdinaryProcedureParser,HelloUltraviolet::Audit,artifactProjectEmitLlExercise,Source/Audit/ArtifactProjectExecution.uv,false,true,false,false,true
requirement.23.RawExportParsingClassification,HelloUltraviolet::Audit,artifactProjectEmitLlExercise,Source/Audit/ArtifactProjectExecution.uv,false,true,false,false,true
ast.23.RawExportProcedureForm,HelloUltraviolet::Audit,artifactProjectEmitLlExercise,Source/Audit/ArtifactProjectExecution.uv,false,true,false,false,true
def.23.RawExportedProcedureMeaning,HelloUltraviolet::Audit,artifactProjectEmitLlExercise,Source/Audit/ArtifactProjectExecution.uv,false,true,false,false,true
def.23.ZeroValueHelpers,HelloUltraviolet::Audit,artifactProjectEmitLlExercise,Source/Audit/ArtifactProjectExecution.uv,false,true,false,false,true
def.23.ExportSignatureHelpers,HelloUltraviolet::Audit,artifactProjectEmitLlExercise,Source/Audit/ArtifactProjectExecution.uv,false,true,false,false,true
rule.23.ExportSig-Ok,HelloUltraviolet::Audit,artifactProjectEmitLlExercise,Source/Audit/ArtifactProjectExecution.uv,false,true,false,false,true
requirement.23.RawExportOrdinaryBodyAndCatchReturn,HelloUltraviolet::Audit,artifactProjectEmitLlExercise,Source/Audit/ArtifactProjectExecution.uv,false,true,false,false,true
requirement.23.RawExportLowering,HelloUltraviolet::Audit,artifactProjectEmitLlExercise,Source/Audit/ArtifactProjectExecution.uv,false,true,false,false,true
grammar.23.FfiAttributes,HelloUltraviolet::Reference::FFI,runFFIAttributesReference,Source/Reference/FFI/Attributes.uv,false,true,false,false,true
requirement.23.FfiAttributesParsing,HelloUltraviolet::Audit,artifactProjectEmitLlExercise,Source/Audit/ArtifactProjectExecution.uv,false,true,false,false,true
ast.23.FfiAttributesAttachedEntries,HelloUltraviolet::Reference::FFI,runFFIAttributesReference,Source/Reference/FFI/Attributes.uv,false,true,false,false,true
ast.23.FfiAttributeTargets,HelloUltraviolet::Reference::FFI,runFFIAttributesReference,Source/Reference/FFI/Attributes.uv,false,true,false,false,true
requirement.23.MangleAttributeSemantics,HelloUltraviolet::Audit,artifactProjectEmitLlExercise,Source/Audit/ArtifactProjectExecution.uv,false,true,false,false,true
def.23.LibraryLinkKinds,HelloUltraviolet::Audit,artifactProjectRawDylibExercise,Source/Audit/ArtifactProjectExecution.uv,false,true,false,false,true
requirement.23.LibraryAttributeSemantics,HelloUltraviolet::Audit,artifactProjectRawDylibExercise,Source/Audit/ArtifactProjectExecution.uv,false,true,false,false,true
def.23.UnwindModes,HelloUltraviolet::Audit,artifactProjectEmitLlExercise,Source/Audit/ArtifactProjectExecution.uv,false,true,false,false,true
requirement.23.UnwindDefaultMode,HelloUltraviolet::Audit,artifactProjectEmitLlExercise,Source/Audit/ArtifactProjectExecution.uv,false,true,false,false,true
requirement.23.ExportAttributeSemantics,HelloUltraviolet::Audit,artifactProjectEmitLlExercise,Source/Audit/ArtifactProjectExecution.uv,false,true,false,false,true
requirement.23.HostExportAttributeSemantics,HelloUltraviolet::Audit,acceptedProjectHostedExercise,Source/Audit/AcceptedProjectExecution.uv,false,true,false,false,true
requirement.23.FfiPassByValueAttributeSemantics,HelloUltraviolet::Audit,artifactProjectEmitLlExercise,Source/Audit/ArtifactProjectExecution.uv,false,true,false,false,true
requirement.23.FfiAttributesDynamicSemantics,HelloUltraviolet::Audit,artifactProjectEmitLlExercise,Source/Audit/ArtifactProjectExecution.uv,false,true,false,false,true
requirement.23.FfiAttributesLowering,HelloUltraviolet::Audit,artifactProjectEmitLlExercise,Source/Audit/ArtifactProjectExecution.uv,false,true,false,false,true
requirement.23.CapabilityIsolationSyntaxNoAdditionalForm,HelloUltraviolet::Audit,artifactProjectEmitLlExercise,Source/Audit/ArtifactProjectExecution.uv,false,true,false,false,true
requirement.23.CapabilityIsolationParsingNoAdditionalRules,HelloUltraviolet::Audit,artifactProjectEmitLlExercise,Source/Audit/ArtifactProjectExecution.uv,false,true,false,false,true
ast.23.CapabilityIsolationNoDedicatedAst,HelloUltraviolet::Audit,artifactProjectEmitLlExercise,Source/Audit/ArtifactProjectExecution.uv,false,true,false,false,true
requirement.23.CapabilityIsolationSemantics,HelloUltraviolet::Audit,artifactProjectEmitLlExercise,Source/Audit/ArtifactProjectExecution.uv,false,true,false,false,true
def.23.CapabilityIsolationHelpers,HelloUltraviolet::Audit,artifactProjectEmitLlExercise,Source/Audit/ArtifactProjectExecution.uv,false,true,false,false,true
requirement.23.CapabilityIsolationDynamicSemantics,HelloUltraviolet::Audit,artifactProjectEmitLlExercise,Source/Audit/ArtifactProjectExecution.uv,false,true,false,false,true
requirement.23.CapabilityIsolationLowering,HelloUltraviolet::Audit,artifactProjectEmitLlExercise,Source/Audit/ArtifactProjectExecution.uv,false,true,false,false,true
grammar.23.ForeignContracts,HelloUltraviolet::Reference::FFI,runFFIForeignContractsReference,Source/Reference/FFI/ForeignContracts.uv,false,true,false,false,true
def.23.ForeignContractStart,HelloUltraviolet::Reference::FFI,runFFIForeignContractsReference,Source/Reference/FFI/ForeignContracts.uv,false,true,false,false,true
rule.23.Parse-ForeignContractClauseListOpt-None,HelloUltraviolet::Reference::FFI,runFFIForeignContractsReference,Source/Reference/FFI/ForeignContracts.uv,false,true,false,false,true
rule.23.Parse-ForeignContractClauseListOpt-Yes,HelloUltraviolet::Reference::FFI,runFFIForeignContractsReference,Source/Reference/FFI/ForeignContracts.uv,false,true,false,false,true
rule.23.Parse-ForeignContractClauseList-Cons,HelloUltraviolet::Reference::FFI,runFFIForeignContractsReference,Source/Reference/FFI/ForeignContracts.uv,false,true,false,false,true
rule.23.Parse-ForeignContractClauseListTail-End,HelloUltraviolet::Reference::FFI,runFFIForeignContractsReference,Source/Reference/FFI/ForeignContracts.uv,false,true,false,false,true
rule.23.Parse-ForeignContractClauseListTail-Cons,HelloUltraviolet::Reference::FFI,runFFIForeignContractsReference,Source/Reference/FFI/ForeignContracts.uv,false,true,false,false,true
rule.23.Parse-ForeignContractClause-Assumes,HelloUltraviolet::Reference::FFI,runFFIForeignContractsReference,Source/Reference/FFI/ForeignContracts.uv,false,true,false,false,true
rule.23.Parse-ForeignContractClause-Ensures,HelloUltraviolet::Reference::FFI,runFFIForeignContractsReference,Source/Reference/FFI/ForeignContracts.uv,false,true,false,false,true
def.23.ForeignEnsuresKindAndExpr,HelloUltraviolet::Reference::FFI,runFFIForeignContractsReference,Source/Reference/FFI/ForeignContracts.uv,false,true,false,false,true
rule.23.Parse-EnsuresPredicate-NullResult,HelloUltraviolet::Reference::FFI,runFFIForeignContractsReference,Source/Reference/FFI/ForeignContracts.uv,false,true,false,false,true
rule.23.Parse-EnsuresPredicate-Plain,HelloUltraviolet::Reference::FFI,runFFIForeignContractsReference,Source/Reference/FFI/ForeignContracts.uv,false,true,false,false,true
ast.23.ForeignContractsForm,HelloUltraviolet::Reference::FFI,runFFIForeignContractsReference,Source/Reference/FFI/ForeignContracts.uv,false,true,false,false,true
ast.23.EnsuresPredicateForms,HelloUltraviolet::Reference::FFI,runFFIForeignContractsReference,Source/Reference/FFI/ForeignContracts.uv,false,true,false,false,true
def.23.ForeignPreconditions,HelloUltraviolet::Reference::FFI,runFFIForeignContractsReference,Source/Reference/FFI/ForeignContracts.uv,false,true,false,false,true
def.23.ForeignPreconditionVerificationModes,HelloUltraviolet::Reference::FFI,runFFIForeignContractsReference,Source/Reference/FFI/ForeignContracts.uv,false,true,false,false,true
requirement.23.ForeignPreconditionVerificationLowering,HelloUltraviolet::Audit,artifactProjectEmitLlExercise,Source/Audit/ArtifactProjectExecution.uv,false,true,false,false,true
def.23.ForeignPostconditions,HelloUltraviolet::Reference::FFI,runFFIForeignContractsReference,Source/Reference/FFI/ForeignContracts.uv,false,true,false,false,true
def.23.ForeignPostconditionClassification,HelloUltraviolet::Reference::FFI,runFFIForeignContractsReference,Source/Reference/FFI/ForeignContracts.uv,false,true,false,false,true
def.23.NullableFfiResult,HelloUltraviolet::Audit,artifactProjectEmitLlExercise,Source/Audit/ArtifactProjectExecution.uv,false,true,false,false,true
def.23.ForeignPostconditionVerificationModes,HelloUltraviolet::Reference::FFI,runFFIForeignContractsReference,Source/Reference/FFI/ForeignContracts.uv,false,true,false,false,true
requirement.23.ForeignPostconditionStaticVerification,HelloUltraviolet::Audit,artifactProjectEmitLlExercise,Source/Audit/ArtifactProjectExecution.uv,false,true,false,false,true
def.23.ForeignContractVerificationSummary,HelloUltraviolet::Reference::FFI,runFFIForeignContractsReference,Source/Reference/FFI/ForeignContracts.uv,false,true,false,false,true
requirement.23.ForeignPreconditionDynamicFailure,HelloUltraviolet::Audit,artifactProjectEmitLlExercise,Source/Audit/ArtifactProjectExecution.uv,false,true,false,false,true
requirement.23.ForeignPostconditionDynamicChecks,HelloUltraviolet::Audit,artifactProjectEmitLlExercise,Source/Audit/ArtifactProjectExecution.uv,false,true,false,false,true
requirement.23.ForeignContractsLowering,HelloUltraviolet::Audit,artifactProjectEmitLlExercise,Source/Audit/ArtifactProjectExecution.uv,false,true,false,false,true
requirement.23.BoundaryUnwindingSyntax,HelloUltraviolet::Audit,artifactProjectEmitLlExercise,Source/Audit/ArtifactProjectExecution.uv,false,true,false,false,true
requirement.23.BoundaryUnwindingParsingNoAdditionalRules,HelloUltraviolet::Audit,artifactProjectEmitLlExercise,Source/Audit/ArtifactProjectExecution.uv,false,true,false,false,true
ast.23.BoundaryUnwindPolicySource,HelloUltraviolet::Audit,artifactProjectEmitLlExercise,Source/Audit/ArtifactProjectExecution.uv,false,true,false,false,true
def.23.UnwindModeAstHelpers,HelloUltraviolet::Audit,artifactProjectEmitLlExercise,Source/Audit/ArtifactProjectExecution.uv,false,true,false,false,true
def.23.DetermineUnwindMode,HelloUltraviolet::Audit,artifactProjectEmitLlExercise,Source/Audit/ArtifactProjectExecution.uv,false,true,false,false,true
def.23.ParseUnwindArg,HelloUltraviolet::Audit,artifactProjectEmitLlExercise,Source/Audit/ArtifactProjectExecution.uv,false,true,false,false,true
rule.23.UnwindMode-Valid,HelloUltraviolet::Audit,artifactProjectEmitLlExercise,Source/Audit/ArtifactProjectExecution.uv,false,true,false,false,true
requirement.23.BoundaryUnwindDynamicEffects,HelloUltraviolet::Audit,artifactProjectEmitLlExercise,Source/Audit/ArtifactProjectExecution.uv,false,true,false,false,true
requirement.23.GeneralDestructionAndUnwindCleanupReference,HelloUltraviolet::Audit,artifactProjectEmitLlExercise,Source/Audit/ArtifactProjectExecution.uv,false,true,false,false,true
def.23.BoundaryUnwindCodeGenerationEffects,HelloUltraviolet::Audit,artifactProjectEmitLlExercise,Source/Audit/ArtifactProjectExecution.uv,false,true,false,false,true
rule.23.CodeGen-UnwindAbort-Import,HelloUltraviolet::Audit,artifactProjectEmitLlExercise,Source/Audit/ArtifactProjectExecution.uv,false,true,false,false,true
rule.23.CodeGen-UnwindCatch-Import,HelloUltraviolet::Audit,artifactProjectEmitLlExercise,Source/Audit/ArtifactProjectExecution.uv,false,true,false,false,true
rule.23.CodeGen-UnwindAbort-Export,HelloUltraviolet::Audit,artifactProjectEmitLlExercise,Source/Audit/ArtifactProjectExecution.uv,false,true,false,false,true
rule.23.CodeGen-UnwindCatch-Export,HelloUltraviolet::Audit,artifactProjectEmitLlExercise,Source/Audit/ArtifactProjectExecution.uv,false,true,false,false,true
diagnostics.23.BoundaryUnwindingNoAdditionalDiagnostics,HelloUltraviolet::Audit,rejectedSourceFixturesCompileAndEmitExpectedDiagnostics,Source/Audit/DiagnosticFixtureExecution.uv,false,true,false,false,true
requirement.24.SharedLoweringScope,HelloUltraviolet::Audit,artifactProjectEmitLlExercise,Source/Audit/ArtifactProjectExecution.uv,false,true,false,false,true
def.24.CodegenModelAndTargets,HelloUltraviolet::Audit,artifactProjectEmitLlExercise,Source/Audit/ArtifactProjectExecution.uv,false,true,false,false,true
def.24.CodegenJudgements,HelloUltraviolet::Audit,artifactProjectEmitLlExercise,Source/Audit/ArtifactProjectExecution.uv,false,true,false,false,true
def.24.IRDefined,HelloUltraviolet::Audit,artifactProjectEmitLlExercise,Source/Audit/ArtifactProjectExecution.uv,false,true,false,false,true
def.24.CodegenCorrectnessPredicates,HelloUltraviolet::Audit,artifactProjectEmitLlExercise,Source/Audit/ArtifactProjectExecution.uv,false,true,false,false,true
def.24.CodegenCorrectAndUndefined,HelloUltraviolet::Audit,artifactProjectEmitLlExercise,Source/Audit/ArtifactProjectExecution.uv,false,true,false,false,true
def.24.IRFormsAndEmissionJudgements,HelloUltraviolet::Audit,artifactProjectEmitLlExercise,Source/Audit/ArtifactProjectExecution.uv,false,true,false,false,true
def.24.PanicOutCodegenParams,HelloUltraviolet::Audit,artifactProjectEmitLlExercise,Source/Audit/ArtifactProjectExecution.uv,false,true,false,false,true
def.24.MethodAndTransitionParams,HelloUltraviolet::Audit,artifactProjectEmitLlExercise,Source/Audit/ArtifactProjectExecution.uv,false,true,false,false,true
def.24.SeqIR,HelloUltraviolet::Audit,artifactProjectEmitLlExercise,Source/Audit/ArtifactProjectExecution.uv,false,true,false,false,true
def.24.EvalOrderJudgements,HelloUltraviolet::Audit,artifactProjectEmitLlExercise,Source/Audit/ArtifactProjectExecution.uv,false,true,false,false,true
def.24.ChildExpressionListHelpers,HelloUltraviolet::Audit,artifactProjectEmitLlExercise,Source/Audit/ArtifactProjectExecution.uv,false,true,false,false,true
def.24.ChildrenLTRExpressions,HelloUltraviolet::Audit,artifactProjectEmitLlExercise,Source/Audit/ArtifactProjectExecution.uv,false,true,false,false,true
def.24.LowerExprJudgementsAndRetType,HelloUltraviolet::Audit,artifactProjectEmitLlExercise,Source/Audit/ArtifactProjectExecution.uv,false,true,false,false,true
rule.24.Lower-Expr-Correctness,HelloUltraviolet::Audit,artifactProjectEmitLlExercise,Source/Audit/ArtifactProjectExecution.uv,false,true,false,false,true
def.24.LowerExprTotal,HelloUltraviolet::Audit,artifactProjectEmitLlExercise,Source/Audit/ArtifactProjectExecution.uv,false,true,false,false,true
def.24.ExecIRJudgements,HelloUltraviolet::Audit,artifactProjectEmitLlExercise,Source/Audit/ArtifactProjectExecution.uv,false,true,false,false,true
rule.24.ExecIR-ReadVar,HelloUltraviolet::Audit,artifactProjectEmitLlExercise,Source/Audit/ArtifactProjectExecution.uv,false,true,false,false,true
rule.24.ExecIR-ReadPath,HelloUltraviolet::Audit,artifactProjectEmitLlExercise,Source/Audit/ArtifactProjectExecution.uv,false,true,false,false,true
rule.24.ExecIR-StoreVar,HelloUltraviolet::Audit,artifactProjectEmitLlExercise,Source/Audit/ArtifactProjectExecution.uv,false,true,false,false,true
rule.24.ExecIR-StoreVarNoDrop,HelloUltraviolet::Audit,artifactProjectEmitLlExercise,Source/Audit/ArtifactProjectExecution.uv,false,true,false,false,true
rule.24.ExecIR-BindVar,HelloUltraviolet::Audit,artifactProjectEmitLlExercise,Source/Audit/ArtifactProjectExecution.uv,false,true,false,false,true
rule.24.ExecIR-ReadPtr,HelloUltraviolet::Audit,artifactProjectEmitLlExercise,Source/Audit/ArtifactProjectExecution.uv,false,true,false,false,true
rule.24.ExecIR-WritePtr,HelloUltraviolet::Audit,artifactProjectEmitLlExercise,Source/Audit/ArtifactProjectExecution.uv,false,true,false,false,true
def.24.AllocTarget,HelloUltraviolet::Audit,artifactProjectEmitLlExercise,Source/Audit/ArtifactProjectExecution.uv,false,true,false,false,true
rule.24.ExecIR-Alloc,HelloUltraviolet::Audit,artifactProjectEmitLlExercise,Source/Audit/ArtifactProjectExecution.uv,false,true,false,false,true
rule.24.MoveState-Root,HelloUltraviolet::Audit,artifactProjectEmitLlExercise,Source/Audit/ArtifactProjectExecution.uv,false,true,false,false,true
rule.24.MoveState-Field,HelloUltraviolet::Audit,artifactProjectEmitLlExercise,Source/Audit/ArtifactProjectExecution.uv,false,true,false,false,true
rule.24.ExecIR-MoveState,HelloUltraviolet::Audit,artifactProjectEmitLlExercise,Source/Audit/ArtifactProjectExecution.uv,false,true,false,false,true
def.24.ExecIRControlResults,HelloUltraviolet::Audit,artifactProjectEmitLlExercise,Source/Audit/ArtifactProjectExecution.uv,false,true,false,false,true
rule.24.ExecIR-Defer,HelloUltraviolet::Audit,artifactProjectEmitLlExercise,Source/Audit/ArtifactProjectExecution.uv,false,true,false,false,true
def.24.ExecIRBlockHelpers,HelloUltraviolet::Audit,artifactProjectEmitLlExercise,Source/Audit/ArtifactProjectExecution.uv,false,true,false,false,true
rule.24.ExecIR-If-True,HelloUltraviolet::Audit,artifactProjectEmitLlExercise,Source/Audit/ArtifactProjectExecution.uv,false,true,false,false,true
rule.24.ExecIR-If-False,HelloUltraviolet::Audit,artifactProjectEmitLlExercise,Source/Audit/ArtifactProjectExecution.uv,false,true,false,false,true
rule.24.ExecIR-Block,HelloUltraviolet::Audit,artifactProjectEmitLlExercise,Source/Audit/ArtifactProjectExecution.uv,false,true,false,false,true
rule.24.ExecIR-IfCase,HelloUltraviolet::Audit,artifactProjectEmitLlExercise,Source/Audit/ArtifactProjectExecution.uv,false,true,false,false,true
rule.24.ExecIR-Loop-Infinite-Step,HelloUltraviolet::Audit,artifactProjectEmitLlExercise,Source/Audit/ArtifactProjectExecution.uv,false,true,false,false,true
rule.24.ExecIR-Loop-Infinite-Continue,HelloUltraviolet::Audit,artifactProjectEmitLlExercise,Source/Audit/ArtifactProjectExecution.uv,false,true,false,false,true
rule.24.ExecIR-Loop-Infinite-Break,HelloUltraviolet::Audit,artifactProjectEmitLlExercise,Source/Audit/ArtifactProjectExecution.uv,false,true,false,false,true
rule.24.ExecIR-Loop-Infinite-Ctrl,HelloUltraviolet::Audit,artifactProjectEmitLlExercise,Source/Audit/ArtifactProjectExecution.uv,false,true,false,false,true
rule.24.ExecIR-Loop-Cond-False,HelloUltraviolet::Audit,artifactProjectEmitLlExercise,Source/Audit/ArtifactProjectExecution.uv,false,true,false,false,true
rule.24.ExecIR-Loop-Cond-True-Step,HelloUltraviolet::Audit,artifactProjectEmitLlExercise,Source/Audit/ArtifactProjectExecution.uv,false,true,false,false,true
rule.24.ExecIR-Loop-Cond-Continue,HelloUltraviolet::Audit,artifactProjectEmitLlExercise,Source/Audit/ArtifactProjectExecution.uv,false,true,false,false,true
rule.24.ExecIR-Loop-Cond-Break,HelloUltraviolet::Audit,artifactProjectEmitLlExercise,Source/Audit/ArtifactProjectExecution.uv,false,true,false,false,true
rule.24.ExecIR-Loop-Cond-Ctrl,HelloUltraviolet::Audit,artifactProjectEmitLlExercise,Source/Audit/ArtifactProjectExecution.uv,false,true,false,false,true
rule.24.ExecIR-Loop-Cond-Body-Ctrl,HelloUltraviolet::Audit,artifactProjectEmitLlExercise,Source/Audit/ArtifactProjectExecution.uv,false,true,false,false,true
def.24.LoopIterIRJudgement,HelloUltraviolet::Audit,artifactProjectEmitLlExercise,Source/Audit/ArtifactProjectExecution.uv,false,true,false,false,true
rule.24.ExecIR-Loop-Iter,HelloUltraviolet::Audit,artifactProjectEmitLlExercise,Source/Audit/ArtifactProjectExecution.uv,false,true,false,false,true
rule.24.ExecIR-Loop-Iter-Ctrl,HelloUltraviolet::Audit,artifactProjectEmitLlExercise,Source/Audit/ArtifactProjectExecution.uv,false,true,false,false,true
rule.24.LoopIterIR-Done,HelloUltraviolet::Audit,artifactProjectEmitLlExercise,Source/Audit/ArtifactProjectExecution.uv,false,true,false,false,true
rule.24.LoopIterIR-Step-Val,HelloUltraviolet::Audit,artifactProjectEmitLlExercise,Source/Audit/ArtifactProjectExecution.uv,false,true,false,false,true
rule.24.LoopIterIR-Step-Continue,HelloUltraviolet::Audit,artifactProjectEmitLlExercise,Source/Audit/ArtifactProjectExecution.uv,false,true,false,false,true
rule.24.LoopIterIR-Step-Break,HelloUltraviolet::Audit,artifactProjectEmitLlExercise,Source/Audit/ArtifactProjectExecution.uv,false,true,false,false,true
rule.24.LoopIterIR-Step-Ctrl,HelloUltraviolet::Audit,artifactProjectEmitLlExercise,Source/Audit/ArtifactProjectExecution.uv,false,true,false,false,true
rule.24.ExecIR-Region,HelloUltraviolet::Audit,artifactProjectEmitLlExercise,Source/Audit/ArtifactProjectExecution.uv,false,true,false,false,true
rule.24.ExecIR-Frame-Implicit,HelloUltraviolet::Audit,artifactProjectEmitLlExercise,Source/Audit/ArtifactProjectExecution.uv,false,true,false,false,true
rule.24.ExecIR-Frame-Explicit,HelloUltraviolet::Audit,artifactProjectEmitLlExercise,Source/Audit/ArtifactProjectExecution.uv,false,true,false,false,true
rule.24.LowerList-Empty,HelloUltraviolet::Audit,artifactProjectEmitLlExercise,Source/Audit/ArtifactProjectExecution.uv,false,true,false,false,true
rule.24.LowerList-Cons,HelloUltraviolet::Audit,artifactProjectEmitLlExercise,Source/Audit/ArtifactProjectExecution.uv,false,true,false,false,true
rule.24.LowerFieldInits-Empty,HelloUltraviolet::Audit,artifactProjectEmitLlExercise,Source/Audit/ArtifactProjectExecution.uv,false,true,false,false,true
rule.24.LowerFieldInits-Cons,HelloUltraviolet::Audit,artifactProjectEmitLlExercise,Source/Audit/ArtifactProjectExecution.uv,false,true,false,false,true
rule.24.LowerOpt-None,HelloUltraviolet::Audit,artifactProjectEmitLlExercise,Source/Audit/ArtifactProjectExecution.uv,false,true,false,false,true
rule.24.LowerOpt-Some,HelloUltraviolet::Audit,artifactProjectEmitLlExercise,Source/Audit/ArtifactProjectExecution.uv,false,true,false,false,true
def.24.RefSyms,HelloUltraviolet::Audit,artifactProjectEmitLlExercise,Source/Audit/ArtifactProjectExecution.uv,false,true,false,false,true
def.24.ExpandIR,HelloUltraviolet::Audit,artifactProjectEmitLlExercise,Source/Audit/ArtifactProjectExecution.uv,false,true,false,false,true
def.24.UniqueEmits,HelloUltraviolet::Audit,artifactProjectEmitLlExercise,Source/Audit/ArtifactProjectExecution.uv,false,true,false,false,true
def.24.ModuleItems,HelloUltraviolet::Audit,artifactProjectEmitLlExercise,Source/Audit/ArtifactProjectExecution.uv,false,true,false,false,true
rule.24.CG-Project,HelloUltraviolet::Audit,artifactProjectEmitLlExercise,Source/Audit/ArtifactProjectExecution.uv,false,true,false,false,true
requirement.24.NoAdditionalFeatureLocalCodegenItemRules,HelloUltraviolet::Audit,artifactProjectEmitLlExercise,Source/Audit/ArtifactProjectExecution.uv,false,true,false,false,true
rule.24.CG-Module,HelloUltraviolet::Audit,artifactProjectEmitLlExercise,Source/Audit/ArtifactProjectExecution.uv,false,true,false,false,true
rule.24.CG-Expr,HelloUltraviolet::Audit,artifactProjectEmitLlExercise,Source/Audit/ArtifactProjectExecution.uv,false,true,false,false,true
rule.24.CG-Stmt,HelloUltraviolet::Audit,artifactProjectEmitLlExercise,Source/Audit/ArtifactProjectExecution.uv,false,true,false,false,true
rule.24.CG-Block,HelloUltraviolet::Audit,artifactProjectEmitLlExercise,Source/Audit/ArtifactProjectExecution.uv,false,true,false,false,true
rule.24.CG-Place,HelloUltraviolet::Audit,artifactProjectEmitLlExercise,Source/Audit/ArtifactProjectExecution.uv,false,true,false,false,true
rule.24.LowerIR-Module,HelloUltraviolet::Audit,artifactProjectEmitLlExercise,Source/Audit/ArtifactProjectExecution.uv,false,true,false,false,true
rule.24.EmitLLVM-Ok,HelloUltraviolet::Audit,artifactProjectEmitLlExercise,Source/Audit/ArtifactProjectExecution.uv,false,true,false,false,true
rule.24.EmitObj-Ok,HelloUltraviolet::Audit,artifactProjectEmitLlExercise,Source/Audit/ArtifactProjectExecution.uv,false,true,false,false,true
def.24.LLVMEmitObj21,HelloUltraviolet::Audit,artifactProjectEmitLlExercise,Source/Audit/ArtifactProjectExecution.uv,false,true,false,false,true
def.24.PointerPrimitiveSizeAndAlignment,HelloUltraviolet::Audit,artifactProjectEmitLlExercise,Fixtures/ArtifactProjects/EmitLlLibrary/Source/Library.uv,false,true,false,false,true
def.24.LayoutJudgements,HelloUltraviolet::Audit,artifactProjectEmitLlExercise,Fixtures/ArtifactProjects/EmitLlLibrary/Source/Library.uv,false,true,false,false,true
rule.24.Size-Prim,HelloUltraviolet::Audit,artifactProjectEmitLlExercise,Fixtures/ArtifactProjects/EmitLlLibrary/Source/Library.uv,false,true,false,false,true
rule.24.Align-Prim,HelloUltraviolet::Audit,artifactProjectEmitLlExercise,Fixtures/ArtifactProjects/EmitLlLibrary/Source/Library.uv,false,true,false,false,true
rule.24.Layout-Prim,HelloUltraviolet::Audit,artifactProjectEmitLlExercise,Fixtures/ArtifactProjects/EmitLlLibrary/Source/Library.uv,false,true,false,false,true
def.24.ConstantEncodingHelpers,HelloUltraviolet::Audit,artifactProjectEmitLlExercise,Fixtures/ArtifactProjects/EmitLlLibrary/Source/Library.uv,false,true,false,false,true
rule.24.Encode-Bool,HelloUltraviolet::Audit,artifactProjectEmitLlExercise,Fixtures/ArtifactProjects/EmitLlLibrary/Source/Library.uv,false,true,false,false,true
rule.24.Encode-Char,HelloUltraviolet::Audit,artifactProjectEmitLlExercise,Fixtures/ArtifactProjects/EmitLlLibrary/Source/Library.uv,false,true,false,false,true
rule.24.Encode-Int,HelloUltraviolet::Audit,artifactProjectEmitLlExercise,Fixtures/ArtifactProjects/EmitLlLibrary/Source/Library.uv,false,true,false,false,true
rule.24.Encode-Float,HelloUltraviolet::Audit,artifactProjectEmitLlExercise,Fixtures/ArtifactProjects/EmitLlLibrary/Source/Library.uv,false,true,false,false,true
rule.24.Encode-Unit,HelloUltraviolet::Audit,artifactProjectEmitLlExercise,Fixtures/ArtifactProjects/EmitLlLibrary/Source/Library.uv,false,true,false,false,true
rule.24.Encode-Never,HelloUltraviolet::Audit,artifactProjectEmitLlExercise,Fixtures/ArtifactProjects/EmitLlLibrary/Source/Library.uv,false,true,false,false,true
rule.24.Encode-RawPtr-Null,HelloUltraviolet::Audit,artifactProjectEmitLlExercise,Fixtures/ArtifactProjects/EmitLlLibrary/Source/Library.uv,false,true,false,false,true
def.24.ValidValueJudgement,HelloUltraviolet::Audit,artifactProjectEmitLlExercise,Fixtures/ArtifactProjects/EmitLlLibrary/Source/Library.uv,false,true,false,false,true
rule.24.Valid-Bool,HelloUltraviolet::Audit,artifactProjectEmitLlExercise,Fixtures/ArtifactProjects/EmitLlLibrary/Source/Library.uv,false,true,false,false,true
rule.24.Valid-Char,HelloUltraviolet::Audit,artifactProjectEmitLlExercise,Fixtures/ArtifactProjects/EmitLlLibrary/Source/Library.uv,false,true,false,false,true
rule.24.Valid-Scalar,HelloUltraviolet::Audit,artifactProjectEmitLlExercise,Fixtures/ArtifactProjects/EmitLlLibrary/Source/Library.uv,false,true,false,false,true
rule.24.Valid-Unit,HelloUltraviolet::Audit,artifactProjectEmitLlExercise,Fixtures/ArtifactProjects/EmitLlLibrary/Source/Library.uv,false,true,false,false,true
rule.24.Valid-Never,HelloUltraviolet::Audit,artifactProjectEmitLlExercise,Fixtures/ArtifactProjects/EmitLlLibrary/Source/Library.uv,false,true,false,false,true
def.24.ValidValueFallback,HelloUltraviolet::Audit,artifactProjectEmitLlExercise,Fixtures/ArtifactProjects/EmitLlLibrary/Source/Library.uv,false,true,false,false,true
rule.24.Layout-Perm,HelloUltraviolet::Audit,artifactProjectEmitLlExercise,Fixtures/ArtifactProjects/EmitLlLibrary/Source/Library.uv,false,true,false,false,true
rule.24.Size-Perm,HelloUltraviolet::Audit,artifactProjectEmitLlExercise,Fixtures/ArtifactProjects/EmitLlLibrary/Source/Library.uv,false,true,false,false,true
rule.24.Align-Perm,HelloUltraviolet::Audit,artifactProjectEmitLlExercise,Fixtures/ArtifactProjects/EmitLlLibrary/Source/Library.uv,false,true,false,false,true
def.24.ValueBitsPerm,HelloUltraviolet::Audit,artifactProjectEmitLlExercise,Fixtures/ArtifactProjects/EmitLlLibrary/Source/Library.uv,false,true,false,false,true
rule.24.Size-Ptr,HelloUltraviolet::Audit,artifactProjectEmitLlExercise,Fixtures/ArtifactProjects/EmitLlLibrary/Source/Library.uv,false,true,false,false,true
rule.24.Align-Ptr,HelloUltraviolet::Audit,artifactProjectEmitLlExercise,Fixtures/ArtifactProjects/EmitLlLibrary/Source/Library.uv,false,true,false,false,true
rule.24.Layout-Ptr,HelloUltraviolet::Audit,artifactProjectEmitLlExercise,Fixtures/ArtifactProjects/EmitLlLibrary/Source/Library.uv,false,true,false,false,true
rule.24.Size-RawPtr,HelloUltraviolet::Audit,artifactProjectEmitLlExercise,Fixtures/ArtifactProjects/EmitLlLibrary/Source/Library.uv,false,true,false,false,true
rule.24.Align-RawPtr,HelloUltraviolet::Audit,artifactProjectEmitLlExercise,Fixtures/ArtifactProjects/EmitLlLibrary/Source/Library.uv,false,true,false,false,true
rule.24.Layout-RawPtr,HelloUltraviolet::Audit,artifactProjectEmitLlExercise,Fixtures/ArtifactProjects/EmitLlLibrary/Source/Library.uv,false,true,false,false,true
rule.24.Size-Func,HelloUltraviolet::Audit,artifactProjectEmitLlExercise,Fixtures/ArtifactProjects/EmitLlLibrary/Source/Library.uv,false,true,false,false,true
rule.24.Align-Func,HelloUltraviolet::Audit,artifactProjectEmitLlExercise,Fixtures/ArtifactProjects/EmitLlLibrary/Source/Library.uv,false,true,false,false,true
rule.24.Layout-Func,HelloUltraviolet::Audit,artifactProjectEmitLlExercise,Fixtures/ArtifactProjects/EmitLlLibrary/Source/Library.uv,false,true,false,false,true
def.24.DefaultCallingConventionAndTargetArtifacts,HelloUltraviolet::Audit,artifactProjectEmitLlExercise,Fixtures/ArtifactProjects/EmitLlLibrary/Source/Library.uv,false,true,false,false,true
def.24.ExternAbiSetAndConventionMapping,HelloUltraviolet::Audit,artifactProjectEmitLlExercise,Fixtures/ArtifactProjects/EmitLlLibrary/Source/Library.uv,false,true,false,false,true
def.24.ConventionLayout,HelloUltraviolet::Audit,artifactProjectEmitLlExercise,Fixtures/ArtifactProjects/EmitLlLibrary/Source/Library.uv,false,true,false,false,true
def.24.AssignParamRegs,HelloUltraviolet::Audit,artifactProjectEmitLlExercise,Fixtures/ArtifactProjects/EmitLlLibrary/Source/Library.uv,false,true,false,false,true
def.24.StackFrameForm,HelloUltraviolet::Audit,artifactProjectEmitLlExercise,Fixtures/ArtifactProjects/EmitLlLibrary/Source/Library.uv,false,true,false,false,true
rule.24.StackFrame-Layout,HelloUltraviolet::Audit,artifactProjectEmitLlExercise,Fixtures/ArtifactProjects/EmitLlLibrary/Source/Library.uv,false,true,false,false,true
rule.24.Conv-Compatible,HelloUltraviolet::Audit,artifactProjectEmitLlExercise,Fixtures/ArtifactProjects/EmitLlLibrary/Source/Library.uv,false,true,false,false,true
rule.24.Conv-FFI-Required,HelloUltraviolet::Audit,artifactProjectEmitLlExercise,Fixtures/ArtifactProjects/EmitLlLibrary/Source/Library.uv,false,true,false,false,true
def.24.ABITypeAndABITyJudgement,HelloUltraviolet::Audit,artifactProjectEmitLlExercise,Fixtures/ArtifactProjects/EmitLlLibrary/Source/Library.uv,false,true,false,false,true
rule.24.ABI-Prim,HelloUltraviolet::Audit,artifactProjectEmitLlExercise,Fixtures/ArtifactProjects/EmitLlLibrary/Source/Library.uv,false,true,false,false,true
rule.24.ABI-Perm,HelloUltraviolet::Audit,artifactProjectEmitLlExercise,Fixtures/ArtifactProjects/EmitLlLibrary/Source/Library.uv,false,true,false,false,true
rule.24.ABI-Ptr,HelloUltraviolet::Audit,artifactProjectEmitLlExercise,Fixtures/ArtifactProjects/EmitLlLibrary/Source/Library.uv,false,true,false,false,true
rule.24.ABI-RawPtr,HelloUltraviolet::Audit,artifactProjectEmitLlExercise,Fixtures/ArtifactProjects/EmitLlLibrary/Source/Library.uv,false,true,false,false,true
rule.24.ABI-Func,HelloUltraviolet::Audit,artifactProjectEmitLlExercise,Fixtures/ArtifactProjects/EmitLlLibrary/Source/Library.uv,false,true,false,false,true
rule.24.ABI-Alias,HelloUltraviolet::Audit,artifactProjectEmitLlExercise,Fixtures/ArtifactProjects/EmitLlLibrary/Source/Library.uv,false,true,false,false,true
rule.24.ABI-Record,HelloUltraviolet::Audit,artifactProjectEmitLlExercise,Fixtures/ArtifactProjects/EmitLlLibrary/Source/Library.uv,false,true,false,false,true
rule.24.ABI-Tuple,HelloUltraviolet::Audit,artifactProjectEmitLlExercise,Fixtures/ArtifactProjects/EmitLlLibrary/Source/Library.uv,false,true,false,false,true
rule.24.ABI-Array,HelloUltraviolet::Audit,artifactProjectEmitLlExercise,Fixtures/ArtifactProjects/EmitLlLibrary/Source/Library.uv,false,true,false,false,true
rule.24.ABI-Slice,HelloUltraviolet::Audit,artifactProjectEmitLlExercise,Fixtures/ArtifactProjects/EmitLlLibrary/Source/Library.uv,false,true,false,false,true
rule.24.ABI-Range,HelloUltraviolet::Audit,artifactProjectEmitLlExercise,Fixtures/ArtifactProjects/EmitLlLibrary/Source/Library.uv,false,true,false,false,true
rule.24.ABI-RangeInclusive,HelloUltraviolet::Audit,artifactProjectEmitLlExercise,Fixtures/ArtifactProjects/EmitLlLibrary/Source/Library.uv,false,true,false,false,true
rule.24.ABI-RangeFrom,HelloUltraviolet::Audit,artifactProjectEmitLlExercise,Fixtures/ArtifactProjects/EmitLlLibrary/Source/Library.uv,false,true,false,false,true
rule.24.ABI-RangeTo,HelloUltraviolet::Audit,artifactProjectEmitLlExercise,Fixtures/ArtifactProjects/EmitLlLibrary/Source/Library.uv,false,true,false,false,true
rule.24.ABI-RangeToInclusive,HelloUltraviolet::Audit,artifactProjectEmitLlExercise,Fixtures/ArtifactProjects/EmitLlLibrary/Source/Library.uv,false,true,false,false,true
rule.24.ABI-RangeFull,HelloUltraviolet::Audit,artifactProjectEmitLlExercise,Fixtures/ArtifactProjects/EmitLlLibrary/Source/Library.uv,false,true,false,false,true
rule.24.ABI-Enum,HelloUltraviolet::Audit,artifactProjectEmitLlExercise,Fixtures/ArtifactProjects/EmitLlLibrary/Source/Library.uv,false,true,false,false,true
rule.24.ABI-Union,HelloUltraviolet::Audit,artifactProjectEmitLlExercise,Fixtures/ArtifactProjects/EmitLlLibrary/Source/Library.uv,false,true,false,false,true
rule.24.ABI-Modal,HelloUltraviolet::Audit,artifactProjectEmitLlExercise,Fixtures/ArtifactProjects/EmitLlLibrary/Source/Library.uv,false,true,false,false,true
rule.24.ABI-Dynamic,HelloUltraviolet::Audit,artifactProjectEmitLlExercise,Fixtures/ArtifactProjects/EmitLlLibrary/Source/Library.uv,false,true,false,false,true
rule.24.ABI-StringBytes,HelloUltraviolet::Audit,artifactProjectEmitLlExercise,Fixtures/ArtifactProjects/EmitLlLibrary/Source/Library.uv,false,true,false,false,true
def.24.ABIParameterReturnPassingHelpers,HelloUltraviolet::Audit,artifactProjectEmitLlExercise,Fixtures/ArtifactProjects/EmitLlLibrary/Source/Library.uv,false,true,false,false,true
requirement.24.ForeignVisibleABIUsesForeignJudgements,HelloUltraviolet::Audit,artifactProjectEmitLlExercise,Fixtures/ArtifactProjects/EmitLlLibrary/Source/Library.uv,false,true,false,false,true
rule.24.ABI-Param-ByRef-Alias,HelloUltraviolet::Audit,artifactProjectEmitLlExercise,Fixtures/ArtifactProjects/EmitLlLibrary/Source/Library.uv,false,true,false,false,true
rule.24.ABI-Param-ByRef-Move,HelloUltraviolet::Audit,artifactProjectEmitLlExercise,Fixtures/ArtifactProjects/EmitLlLibrary/Source/Library.uv,false,true,false,false,true
rule.24.ABI-Ret-ByValue,HelloUltraviolet::Audit,artifactProjectEmitLlExercise,Fixtures/ArtifactProjects/EmitLlLibrary/Source/Library.uv,false,true,false,false,true
rule.24.ABI-Ret-ByRef,HelloUltraviolet::Audit,artifactProjectEmitLlExercise,Fixtures/ArtifactProjects/EmitLlLibrary/Source/Library.uv,false,true,false,false,true
rule.24.ABI-Call,HelloUltraviolet::Audit,artifactProjectEmitLlExercise,Fixtures/ArtifactProjects/EmitLlLibrary/Source/Library.uv,false,true,false,false,true
rule.24.ABI-ForeignParam-ByValue,HelloUltraviolet::Audit,artifactProjectEmitLlExercise,Fixtures/ArtifactProjects/EmitLlLibrary/Source/Library.uv,false,true,false,false,true
rule.24.ABI-ForeignParam-ByRef,HelloUltraviolet::Audit,artifactProjectEmitLlExercise,Fixtures/ArtifactProjects/EmitLlLibrary/Source/Library.uv,false,true,false,false,true
rule.24.ABI-ForeignCall,HelloUltraviolet::Audit,artifactProjectEmitLlExercise,Fixtures/ArtifactProjects/EmitLlLibrary/Source/Library.uv,false,true,false,false,true
def.24.PanicRecordAndPanicOut,HelloUltraviolet::Audit,artifactProjectEmitLlExercise,Fixtures/ArtifactProjects/EmitLlLibrary/Source/Library.uv,false,true,false,false,true
def.24.MangleJudgementAndConstructors,HelloUltraviolet::Audit,artifactProjectEmitLlExercise,Source/Audit/ArtifactProjectExecution.uv,false,true,false,false,true
def.24.PathSymbolHelpers,HelloUltraviolet::Audit,artifactProjectEmitLlExercise,Source/Audit/ArtifactProjectExecution.uv,false,true,false,false,true
def.24.ItemPath,HelloUltraviolet::Audit,artifactProjectEmitLlExercise,Source/Audit/ArtifactProjectExecution.uv,false,true,false,false,true
def.24.PathOfTypeAndClassPath,HelloUltraviolet::Audit,artifactProjectEmitLlExercise,Source/Audit/ArtifactProjectExecution.uv,false,true,false,false,true
def.24.LiteralSymbolHashing,HelloUltraviolet::Audit,artifactProjectEmitLlExercise,Source/Audit/ArtifactProjectExecution.uv,false,true,false,false,true
def.24.ScopedRawAndHostBodySymbols,HelloUltraviolet::Audit,acceptedProjectHostedExercise,Source/Audit/AcceptedProjectExecution.uv,false,true,false,false,true
def.24.AttributeSymbolHelpers,HelloUltraviolet::Audit,artifactProjectEmitLlExercise,Source/Audit/ArtifactProjectExecution.uv,false,true,false,false,true
def.24.ExternAbiSymbolHelpers,HelloUltraviolet::Audit,artifactProjectEmitLlExercise,Source/Audit/ArtifactProjectExecution.uv,false,true,false,false,true
def.24.LinkName,HelloUltraviolet::Audit,acceptedProjectHostedExercise,Source/Audit/AcceptedProjectExecution.uv,false,true,false,false,true
def.24.HostThunkLinkNameAndItemName,HelloUltraviolet::Audit,acceptedProjectHostedExercise,Source/Audit/AcceptedProjectExecution.uv,false,true,false,false,true
rule.24.Mangle-HostExport-Proc,HelloUltraviolet::Audit,acceptedProjectHostedExercise,Source/Audit/AcceptedProjectExecution.uv,false,true,false,false,true
rule.24.Mangle-Proc,HelloUltraviolet::Audit,artifactProjectEmitLlExercise,Source/Audit/ArtifactProjectExecution.uv,false,true,false,false,true
rule.24.Mangle-ExternProc,HelloUltraviolet::Audit,artifactProjectRawDylibExercise,Source/Audit/ArtifactProjectExecution.uv,false,true,false,false,true
rule.24.Mangle-Main,HelloUltraviolet::Audit,artifactProjectExecutableExercise,Source/Audit/ArtifactProjectExecution.uv,false,true,false,false,true
rule.24.Mangle-Record-Method,HelloUltraviolet::Audit,artifactProjectEmitLlExercise,Source/Audit/ArtifactProjectExecution.uv,false,true,false,false,true
rule.24.Mangle-Class-Method,HelloUltraviolet::Audit,artifactProjectEmitLlExercise,Source/Audit/ArtifactProjectExecution.uv,false,true,false,false,true
rule.24.Mangle-State-Method,HelloUltraviolet::Audit,artifactProjectEmitLlExercise,Source/Audit/ArtifactProjectExecution.uv,false,true,false,false,true
rule.24.Mangle-Transition,HelloUltraviolet::Audit,artifactProjectEmitLlExercise,Source/Audit/ArtifactProjectExecution.uv,false,true,false,false,true
rule.24.Mangle-Static,HelloUltraviolet::Audit,artifactProjectEmitLlExercise,Source/Audit/ArtifactProjectExecution.uv,false,true,false,false,true
rule.24.Mangle-StaticBinding,HelloUltraviolet::Audit,artifactProjectEmitLlExercise,Source/Audit/ArtifactProjectExecution.uv,false,true,false,false,true
rule.24.Mangle-VTable,HelloUltraviolet::Audit,artifactProjectEmitLlExercise,Source/Audit/ArtifactProjectExecution.uv,false,true,false,false,true
rule.24.Mangle-Literal,HelloUltraviolet::Audit,artifactProjectEmitLlExercise,Source/Audit/ArtifactProjectExecution.uv,false,true,false,false,true
rule.24.Mangle-DefaultImpl,HelloUltraviolet::Audit,artifactProjectEmitLlExercise,Source/Audit/ArtifactProjectExecution.uv,false,true,false,false,true
req.24.ClosureIndexUniqueness,HelloUltraviolet::Audit,artifactProjectEmitLlExercise,Source/Audit/ArtifactProjectExecution.uv,false,true,false,false,true
def.24.EnclosingSym,HelloUltraviolet::Audit,artifactProjectEmitLlExercise,Source/Audit/ArtifactProjectExecution.uv,false,true,false,false,true
rule.24.Mangle-Closure,HelloUltraviolet::Audit,artifactProjectEmitLlExercise,Source/Audit/ArtifactProjectExecution.uv,false,true,false,false,true
rule.24.Mangle-ClosureEnv,HelloUltraviolet::Audit,artifactProjectEmitLlExercise,Source/Audit/ArtifactProjectExecution.uv,false,true,false,false,true
def.24.ClosureCodeSym,HelloUltraviolet::Audit,artifactProjectEmitLlExercise,Source/Audit/ArtifactProjectExecution.uv,false,true,false,false,true
def.24.LinkageDefinitions,HelloUltraviolet::Audit,artifactProjectEmitLlExercise,Source/Audit/ArtifactProjectExecution.uv,false,true,false,false,true
rule.24.Linkage-UserItem,HelloUltraviolet::Audit,artifactProjectEmitLlExercise,Source/Audit/ArtifactProjectExecution.uv,false,true,false,false,true
rule.24.Linkage-ExternProc,HelloUltraviolet::Audit,artifactProjectRawDylibExercise,Source/Audit/ArtifactProjectExecution.uv,false,true,false,false,true
rule.24.Linkage-UserItem-Internal,HelloUltraviolet::Audit,artifactProjectEmitLlExercise,Source/Audit/ArtifactProjectExecution.uv,false,true,false,false,true
rule.24.Linkage-StaticBinding,HelloUltraviolet::Audit,artifactProjectEmitLlExercise,Source/Audit/ArtifactProjectExecution.uv,false,true,false,false,true
rule.24.Linkage-StaticBinding-Internal,HelloUltraviolet::Audit,artifactProjectEmitLlExercise,Source/Audit/ArtifactProjectExecution.uv,false,true,false,false,true
rule.24.Linkage-ClassMethod,HelloUltraviolet::Audit,artifactProjectEmitLlExercise,Source/Audit/ArtifactProjectExecution.uv,false,true,false,false,true
rule.24.Linkage-ClassMethod-Internal,HelloUltraviolet::Audit,artifactProjectEmitLlExercise,Source/Audit/ArtifactProjectExecution.uv,false,true,false,false,true
rule.24.Linkage-StateMethod,HelloUltraviolet::Audit,artifactProjectEmitLlExercise,Source/Audit/ArtifactProjectExecution.uv,false,true,false,false,true
rule.24.Linkage-StateMethod-Internal,HelloUltraviolet::Audit,artifactProjectEmitLlExercise,Source/Audit/ArtifactProjectExecution.uv,false,true,false,false,true
rule.24.Linkage-Transition,HelloUltraviolet::Audit,artifactProjectEmitLlExercise,Source/Audit/ArtifactProjectExecution.uv,false,true,false,false,true
rule.24.Linkage-Transition-Internal,HelloUltraviolet::Audit,artifactProjectEmitLlExercise,Source/Audit/ArtifactProjectExecution.uv,false,true,false,false,true
rule.24.Linkage-InitFn,HelloUltraviolet::Audit,artifactProjectEmitLlExercise,Source/Audit/ArtifactProjectExecution.uv,false,true,false,false,true
rule.24.Linkage-DeinitFn,HelloUltraviolet::Audit,artifactProjectEmitLlExercise,Source/Audit/ArtifactProjectExecution.uv,false,true,false,false,true
rule.24.Linkage-VTable,HelloUltraviolet::Audit,artifactProjectEmitLlExercise,Source/Audit/ArtifactProjectExecution.uv,false,true,false,false,true
rule.24.Linkage-LiteralData,HelloUltraviolet::Audit,artifactProjectEmitLlExercise,Source/Audit/ArtifactProjectExecution.uv,false,true,false,false,true
rule.24.Linkage-DropGlue,HelloUltraviolet::Audit,artifactProjectEmitLlExercise,Source/Audit/ArtifactProjectExecution.uv,false,true,false,false,true
rule.24.Linkage-DefaultImpl,HelloUltraviolet::Audit,artifactProjectEmitLlExercise,Source/Audit/ArtifactProjectExecution.uv,false,true,false,false,true
rule.24.Linkage-DefaultImpl-Internal,HelloUltraviolet::Audit,artifactProjectEmitLlExercise,Source/Audit/ArtifactProjectExecution.uv,false,true,false,false,true
rule.24.Linkage-PanicSym,HelloUltraviolet::Audit,artifactProjectEmitLlExercise,Source/Audit/ArtifactProjectExecution.uv,false,true,false,false,true
rule.24.Linkage-BuiltinModalSym,HelloUltraviolet::Audit,artifactProjectEmitLlExercise,Source/Audit/ArtifactProjectExecution.uv,false,true,false,false,true
rule.24.Linkage-BuiltinSym,HelloUltraviolet::Audit,artifactProjectEmitLlExercise,Source/Audit/ArtifactProjectExecution.uv,false,true,false,false,true
rule.24.Linkage-EntrySym,HelloUltraviolet::Audit,artifactProjectExecutableExercise,Source/Audit/ArtifactProjectExecution.uv,false,true,false,false,true
def.24.GlobalsJudg,HelloUltraviolet::Audit,artifactProjectEmitLlExercise,Source/Audit/ArtifactProjectExecution.uv,false,true,false,false,true
def.24.ConstInitJudg,HelloUltraviolet::Audit,artifactProjectEmitLlExercise,Source/Audit/ArtifactProjectExecution.uv,false,true,false,false,true
def.24.ConstInitLiteral,HelloUltraviolet::Audit,artifactProjectEmitLlExercise,Source/Audit/ArtifactProjectExecution.uv,false,true,false,false,true
def.24.StaticName,HelloUltraviolet::Audit,artifactProjectEmitLlExercise,Source/Audit/ArtifactProjectExecution.uv,false,true,false,false,true
def.24.StaticBindTypes,HelloUltraviolet::Audit,artifactProjectEmitLlExercise,Source/Audit/ArtifactProjectExecution.uv,false,true,false,false,true
def.24.StaticBindList,HelloUltraviolet::Audit,artifactProjectEmitLlExercise,Source/Audit/ArtifactProjectExecution.uv,false,true,false,false,true
def.24.StaticBinding,HelloUltraviolet::Audit,artifactProjectEmitLlExercise,Source/Audit/ArtifactProjectExecution.uv,false,true,false,false,true
def.24.StaticSym,HelloUltraviolet::Audit,artifactProjectEmitLlExercise,Source/Audit/ArtifactProjectExecution.uv,false,true,false,false,true
rule.24.Emit-Static-Const,HelloUltraviolet::Audit,artifactProjectEmitLlExercise,Source/Audit/ArtifactProjectExecution.uv,false,true,false,false,true
rule.24.Emit-Static-Init,HelloUltraviolet::Audit,artifactProjectEmitLlExercise,Source/Audit/ArtifactProjectExecution.uv,false,true,false,false,true
rule.24.Emit-Static-Multi,HelloUltraviolet::Audit,artifactProjectEmitLlExercise,Source/Audit/ArtifactProjectExecution.uv,false,true,false,false,true
def.24.InitSym,HelloUltraviolet::Audit,artifactProjectEmitLlExercise,Source/Audit/ArtifactProjectExecution.uv,false,true,false,false,true
rule.24.InitFn,HelloUltraviolet::Audit,artifactProjectEmitLlExercise,Source/Audit/ArtifactProjectExecution.uv,false,true,false,false,true
def.24.DeinitSym,HelloUltraviolet::Audit,artifactProjectEmitLlExercise,Source/Audit/ArtifactProjectExecution.uv,false,true,false,false,true
rule.24.DeinitFn,HelloUltraviolet::Audit,artifactProjectEmitLlExercise,Source/Audit/ArtifactProjectExecution.uv,false,true,false,false,true
def.24.StaticItems,HelloUltraviolet::Audit,artifactProjectEmitLlExercise,Source/Audit/ArtifactProjectExecution.uv,false,true,false,false,true
def.24.StaticItemOf,HelloUltraviolet::Audit,artifactProjectEmitLlExercise,Source/Audit/ArtifactProjectExecution.uv,false,true,false,false,true
def.24.StaticSymPath,HelloUltraviolet::Audit,artifactProjectEmitLlExercise,Source/Audit/ArtifactProjectExecution.uv,false,true,false,false,true
def.24.StaticAddr,HelloUltraviolet::Audit,artifactProjectEmitLlExercise,Source/Audit/ArtifactProjectExecution.uv,false,true,false,false,true
req.24.HostedStaticAddrSessionInterpretation,HelloUltraviolet::Audit,acceptedProjectHostedExercise,Source/Audit/AcceptedProjectExecution.uv,false,true,false,false,true
def.24.AddrOfSym,HelloUltraviolet::Audit,artifactProjectEmitLlExercise,Source/Audit/ArtifactProjectExecution.uv,false,true,false,false,true
def.24.StaticType,HelloUltraviolet::Audit,artifactProjectEmitLlExercise,Source/Audit/ArtifactProjectExecution.uv,false,true,false,false,true
def.24.StaticBindInfo,HelloUltraviolet::Audit,artifactProjectEmitLlExercise,Source/Audit/ArtifactProjectExecution.uv,false,true,false,false,true
def.24.SeqIRList,HelloUltraviolet::Audit,artifactProjectEmitLlExercise,Source/Audit/ArtifactProjectExecution.uv,false,true,false,false,true
def.24.StaticStoreIR,HelloUltraviolet::Audit,artifactProjectEmitLlExercise,Source/Audit/ArtifactProjectExecution.uv,false,true,false,false,true
rule.24.Lower-StaticInit-Item,HelloUltraviolet::Audit,artifactProjectEmitLlExercise,Source/Audit/ArtifactProjectExecution.uv,false,true,false,false,true
rule.24.Lower-StaticInitItems-Empty,HelloUltraviolet::Audit,artifactProjectEmitLlExercise,Source/Audit/ArtifactProjectExecution.uv,false,true,false,false,true
rule.24.Lower-StaticInitItems-Cons,HelloUltraviolet::Audit,artifactProjectEmitLlExercise,Source/Audit/ArtifactProjectExecution.uv,false,true,false,false,true
rule.24.Lower-StaticInit,HelloUltraviolet::Audit,artifactProjectEmitLlExercise,Source/Audit/ArtifactProjectExecution.uv,false,true,false,false,true
rule.24.InitCallIR,HelloUltraviolet::Audit,artifactProjectEmitLlExercise,Source/Audit/ArtifactProjectExecution.uv,false,true,false,false,true
def.24.Rev,HelloUltraviolet::Audit,artifactProjectEmitLlExercise,Source/Audit/ArtifactProjectExecution.uv,false,true,false,false,true
rule.24.Lower-StaticDeinitNames-Empty,HelloUltraviolet::Audit,artifactProjectEmitLlExercise,Source/Audit/ArtifactProjectExecution.uv,false,true,false,false,true
rule.24.Lower-StaticDeinitNames-Cons-Resp,HelloUltraviolet::Audit,artifactProjectEmitLlExercise,Source/Audit/ArtifactProjectExecution.uv,false,true,false,false,true
rule.24.Lower-StaticDeinitNames-Cons-NoResp,HelloUltraviolet::Audit,artifactProjectEmitLlExercise,Source/Audit/ArtifactProjectExecution.uv,false,true,false,false,true
rule.24.Lower-StaticDeinit-Item,HelloUltraviolet::Audit,artifactProjectEmitLlExercise,Source/Audit/ArtifactProjectExecution.uv,false,true,false,false,true
rule.24.Lower-StaticDeinitItems-Empty,HelloUltraviolet::Audit,artifactProjectEmitLlExercise,Source/Audit/ArtifactProjectExecution.uv,false,true,false,false,true
rule.24.Lower-StaticDeinitItems-Cons,HelloUltraviolet::Audit,artifactProjectEmitLlExercise,Source/Audit/ArtifactProjectExecution.uv,false,true,false,false,true
rule.24.Lower-StaticDeinit,HelloUltraviolet::Audit,artifactProjectEmitLlExercise,Source/Audit/ArtifactProjectExecution.uv,false,true,false,false,true
rule.24.DeinitCallIR,HelloUltraviolet::Audit,artifactProjectEmitLlExercise,Source/Audit/ArtifactProjectExecution.uv,false,true,false,false,true
def.24.HostedStateAddressDefinitions,HelloUltraviolet::Audit,acceptedProjectHostedExercise,Source/Audit/AcceptedProjectExecution.uv,false,true,false,false,true
def.24.LibraryStateSymbolDefinitions,HelloUltraviolet::Audit,artifactProjectEmitLlExercise,Source/Audit/ArtifactProjectExecution.uv,false,true,false,false,true
def.24.HostedStateJudg,HelloUltraviolet::Audit,acceptedProjectHostedExercise,Source/Audit/AcceptedProjectExecution.uv,false,true,false,false,true
req.24.SessionStateInitDefinesHostedCells,HelloUltraviolet::Audit,acceptedProjectHostedExercise,Source/Audit/AcceptedProjectExecution.uv,false,true,false,false,true
req.24.SessionStateDestroyRemovesHostedCells,HelloUltraviolet::Audit,acceptedProjectHostedExercise,Source/Audit/AcceptedProjectExecution.uv,false,true,false,false,true
req.24.HostedLibraryStateAddressInterpretation,HelloUltraviolet::Audit,acceptedProjectHostedExercise,Source/Audit/AcceptedProjectExecution.uv,false,true,false,false,true
def.24.InitializationGraphOrdering,HelloUltraviolet::Audit,artifactProjectEmitLlExercise,Source/Audit/ArtifactProjectExecution.uv,false,true,false,false,true
rule.24.Topo-Ok,HelloUltraviolet::Audit,artifactProjectEmitLlExercise,Source/Audit/ArtifactProjectExecution.uv,false,true,false,false,true
def.24.ProjectInitializationItems,HelloUltraviolet::Audit,artifactProjectEmitLlExercise,Source/Audit/ArtifactProjectExecution.uv,false,true,false,false,true
def.24.InitializationPlanDefinitions,HelloUltraviolet::Audit,artifactProjectEmitLlExercise,Source/Audit/ArtifactProjectExecution.uv,false,true,false,false,true
def.24.EvalFromEvalSigma,HelloUltraviolet::Audit,artifactProjectEmitLlExercise,Source/Audit/ArtifactProjectExecution.uv,false,true,false,false,true
rule.24.EmitInitPlan,HelloUltraviolet::Audit,artifactProjectEmitLlExercise,Source/Audit/ArtifactProjectExecution.uv,false,true,false,false,true
rule.24.EmitDeinitPlan,HelloUltraviolet::Audit,artifactProjectEmitLlExercise,Source/Audit/ArtifactProjectExecution.uv,false,true,false,false,true
def.24.InitStateMachineDefinitions,HelloUltraviolet::Audit,artifactProjectEmitLlExercise,Source/Audit/ArtifactProjectExecution.uv,false,true,false,false,true
rule.24.Init-Start,HelloUltraviolet::Audit,artifactProjectEmitLlExercise,Source/Audit/ArtifactProjectExecution.uv,false,true,false,false,true
rule.24.Init-Step,HelloUltraviolet::Audit,artifactProjectEmitLlExercise,Source/Audit/ArtifactProjectExecution.uv,false,true,false,false,true
rule.24.Init-Next-Module,HelloUltraviolet::Audit,artifactProjectEmitLlExercise,Source/Audit/ArtifactProjectExecution.uv,false,true,false,false,true
rule.24.Init-Done,HelloUltraviolet::Audit,artifactProjectEmitLlExercise,Source/Audit/ArtifactProjectExecution.uv,false,true,false,false,true
rule.24.Init-Ok,HelloUltraviolet::Audit,artifactProjectEmitLlExercise,Source/Audit/ArtifactProjectExecution.uv,false,true,false,false,true
rule.24.Deinit-Ok,HelloUltraviolet::Audit,artifactProjectEmitLlExercise,Source/Audit/ArtifactProjectExecution.uv,false,true,false,false,true
def.24.EntryJudg,HelloUltraviolet::Audit,artifactProjectEmitLlExercise,Source/Audit/ArtifactProjectExecution.uv,false,true,false,false,true
rule.24.EntrySym-Decl,HelloUltraviolet::Audit,artifactProjectEmitLlExercise,Source/Audit/ArtifactProjectExecution.uv,false,true,false,false,true
rule.24.ContextInitSym-Decl,HelloUltraviolet::Audit,artifactProjectEmitLlExercise,Source/Audit/ArtifactProjectExecution.uv,false,true,false,false,true
def.24.ProcessInvocationNormalization,HelloUltraviolet::Audit,artifactProjectEmitLlExercise,Source/Audit/ArtifactProjectExecution.uv,false,true,false,false,true
req.24.ProcessInvocationPlatformIsolation,HelloUltraviolet::Audit,artifactProjectEmitLlExercise,Source/Audit/ArtifactProjectExecution.uv,false,true,false,false,true
def.24.PanicRecordInit,HelloUltraviolet::Audit,artifactProjectEmitLlExercise,Source/Audit/ArtifactProjectExecution.uv,false,true,false,false,true
def.24.EntryStubSpec,HelloUltraviolet::Audit,artifactProjectEmitLlExercise,Source/Audit/ArtifactProjectExecution.uv,false,true,false,false,true
rule.24.EntryStub-Decl,HelloUltraviolet::Audit,artifactProjectEmitLlExercise,Source/Audit/ArtifactProjectExecution.uv,false,true,false,false,true
def.24.LibraryImageJudg,HelloUltraviolet::Audit,artifactProjectEmitLlExercise,Source/Audit/ArtifactProjectExecution.uv,false,true,false,false,true
def.24.LibraryImageStateDefinitions,HelloUltraviolet::Audit,artifactProjectEmitLlExercise,Source/Audit/ArtifactProjectExecution.uv,false,true,false,false,true
req.24.DistinctLibraryImageState,HelloUltraviolet::Audit,artifactProjectEmitLlExercise,Source/Audit/ArtifactProjectExecution.uv,false,true,false,false,true
req.24.LibraryImageLivenessTransitions,HelloUltraviolet::Audit,artifactProjectEmitLlExercise,Source/Audit/ArtifactProjectExecution.uv,false,true,false,false,true
req.24.LibraryImageInitDefinesSharedCells,HelloUltraviolet::Audit,artifactProjectEmitLlExercise,Source/Audit/ArtifactProjectExecution.uv,false,true,false,false,true
req.24.LibraryImageDestroyRemovesSharedCells,HelloUltraviolet::Audit,artifactProjectEmitLlExercise,Source/Audit/ArtifactProjectExecution.uv,false,true,false,false,true
req.24.SharedLibraryImageStateInterpretation,HelloUltraviolet::Audit,acceptedProjectHostedExercise,Source/Audit/AcceptedProjectExecution.uv,false,true,false,false,true
req.24.PartialInitPanicCleanupPrefix,HelloUltraviolet::Audit,acceptedProjectHostedExercise,Source/Audit/AcceptedProjectExecution.uv,false,true,false,false,true
req.24.RawExportImageLifecycle,HelloUltraviolet::Audit,artifactProjectEmitLlExercise,Source/Audit/ArtifactProjectExecution.uv,false,true,false,false,true
req.24.SharedLibraryLinkedCallImageLifecycle,HelloUltraviolet::Audit,acceptedProjectHostedExercise,Source/Audit/AcceptedProjectExecution.uv,false,true,false,false,true
req.24.SharedLibraryLoaderEntrypoint,HelloUltraviolet::Audit,acceptedProjectHostedExercise,Source/Audit/AcceptedProjectExecution.uv,false,true,false,false,true
rule.24.LibraryImageInitSigma,HelloUltraviolet::Audit,artifactProjectEmitLlExercise,Source/Audit/ArtifactProjectExecution.uv,false,true,false,false,true
rule.24.RawLibraryCallSigma-Ok,HelloUltraviolet::Audit,artifactProjectEmitLlExercise,Source/Audit/ArtifactProjectExecution.uv,false,true,false,false,true
rule.24.LibraryImageDestroySigma,HelloUltraviolet::Audit,artifactProjectEmitLlExercise,Source/Audit/ArtifactProjectExecution.uv,false,true,false,false,true
def.24.HostedSessionJudg,HelloUltraviolet::Audit,acceptedProjectHostedExercise,Source/Audit/AcceptedProjectExecution.uv,false,true,false,false,true
def.24.HostedSessionStateDefinitions,HelloUltraviolet::Audit,acceptedProjectHostedExercise,Source/Audit/AcceptedProjectExecution.uv,false,true,false,false,true
req.24.DistinctHostedState,HelloUltraviolet::Audit,acceptedProjectHostedExercise,Source/Audit/AcceptedProjectExecution.uv,false,true,false,false,true
req.24.HostedSessionLifecycleState,HelloUltraviolet::Audit,acceptedProjectHostedExercise,Source/Audit/AcceptedProjectExecution.uv,false,true,false,false,true
req.24.HostedSessionNoConcurrentReentry,HelloUltraviolet::Audit,acceptedProjectHostedExercise,Source/Audit/AcceptedProjectExecution.uv,false,true,false,false,true
rule.24.HostSessionInitSigma,HelloUltraviolet::Audit,acceptedProjectHostedExercise,Source/Audit/AcceptedProjectExecution.uv,false,true,false,false,true
rule.24.HostedCallSigma-Ok,HelloUltraviolet::Audit,acceptedProjectHostedExercise,Source/Audit/AcceptedProjectExecution.uv,false,true,false,false,true
rule.24.HostSessionDestroySigma,HelloUltraviolet::Audit,acceptedProjectHostedExercise,Source/Audit/AcceptedProjectExecution.uv,false,true,false,false,true
def.24.InterpJudg,HelloUltraviolet::Audit,artifactProjectEmitLlExercise,Source/Audit/ArtifactProjectExecution.uv,false,true,false,false,true
def.24.ContextValue,HelloUltraviolet::Audit,artifactProjectEmitLlExercise,Source/Audit/ArtifactProjectExecution.uv,false,true,false,false,true
rule.24.ContextInitSigma,HelloUltraviolet::Audit,artifactProjectEmitLlExercise,Source/Audit/ArtifactProjectExecution.uv,false,true,false,false,true
rule.24.Interpret-Project-Ok,HelloUltraviolet::Audit,artifactProjectEmitLlExercise,Source/Audit/ArtifactProjectExecution.uv,false,true,false,false,true
rule.24.Interpret-Project-Main-Ctrl,HelloUltraviolet::Audit,artifactProjectEmitLlExercise,Source/Audit/ArtifactProjectExecution.uv,false,true,false,false,true
def.24.CleanupJudg,HelloUltraviolet::Audit,artifactProjectEmitLlExercise,Source/Audit/ArtifactProjectExecution.uv,false,true,false,false,true
rule.24.CleanupPlan,HelloUltraviolet::Audit,artifactProjectEmitLlExercise,Source/Audit/ArtifactProjectExecution.uv,false,true,false,false,true
def.24.EmitDropSpec,HelloUltraviolet::Audit,artifactProjectEmitLlExercise,Source/Audit/ArtifactProjectExecution.uv,false,true,false,false,true
def.24.PanicOutAddr,HelloUltraviolet::Audit,artifactProjectEmitLlExercise,Source/Audit/ArtifactProjectExecution.uv,false,true,false,false,true
def.24.PanicRecordOf,HelloUltraviolet::Audit,artifactProjectEmitLlExercise,Source/Audit/ArtifactProjectExecution.uv,false,true,false,false,true
def.24.WritePanicRecord,HelloUltraviolet::Audit,artifactProjectEmitLlExercise,Source/Audit/ArtifactProjectExecution.uv,false,true,false,false,true
def.24.InitPanicHandle,HelloUltraviolet::Audit,artifactProjectEmitLlExercise,Source/Audit/ArtifactProjectExecution.uv,false,true,false,false,true
req.24.InitPanicHandleResponsiblePrefix,HelloUltraviolet::Audit,artifactProjectEmitLlExercise,Source/Audit/ArtifactProjectExecution.uv,false,true,false,false,true
rule.24.PanicSym,HelloUltraviolet::Audit,artifactProjectEmitLlExercise,Source/Audit/ArtifactProjectExecution.uv,false,true,false,false,true
def.24.PanicReasonCodes,HelloUltraviolet::Audit,artifactProjectEmitLlExercise,Source/Audit/ArtifactProjectExecution.uv,false,true,false,false,true
def.24.PanicSites,HelloUltraviolet::Audit,artifactProjectEmitLlExercise,Source/Audit/ArtifactProjectExecution.uv,false,true,false,false,true
def.24.ClearPanic,HelloUltraviolet::Audit,artifactProjectEmitLlExercise,Source/Audit/ArtifactProjectExecution.uv,false,true,false,false,true
def.24.PanicCheck,HelloUltraviolet::Audit,artifactProjectEmitLlExercise,Source/Audit/ArtifactProjectExecution.uv,false,true,false,false,true
def.24.LowerPanic,HelloUltraviolet::Audit,artifactProjectEmitLlExercise,Source/Audit/ArtifactProjectExecution.uv,false,true,false,false,true
def.24.ResponsibleBinding,HelloUltraviolet::Audit,artifactProjectEmitLlExercise,Source/Audit/ArtifactProjectExecution.uv,false,true,false,false,true
grammar.24.CleanupItem,HelloUltraviolet::Audit,artifactProjectEmitLlExercise,Source/Audit/ArtifactProjectExecution.uv,false,true,false,false,true
def.24.DropJudgmentDefinitions,HelloUltraviolet::Audit,artifactProjectEmitLlExercise,Source/Audit/ArtifactProjectExecution.uv,false,true,false,false,true
def.24.RecordType,HelloUltraviolet::Audit,artifactProjectEmitLlExercise,Source/Audit/ArtifactProjectExecution.uv,false,true,false,false,true
def.24.DropCall,HelloUltraviolet::Audit,artifactProjectEmitLlExercise,Source/Audit/ArtifactProjectExecution.uv,false,true,false,false,true
def.24.DropChildren,HelloUltraviolet::Audit,artifactProjectEmitLlExercise,Source/Audit/ArtifactProjectExecution.uv,false,true,false,false,true
def.24.DropList,HelloUltraviolet::Audit,artifactProjectEmitLlExercise,Source/Audit/ArtifactProjectExecution.uv,false,true,false,false,true
rule.24.DropAction-Moved,HelloUltraviolet::Audit,artifactProjectEmitLlExercise,Source/Audit/ArtifactProjectExecution.uv,false,true,false,false,true
rule.24.DropAction-Partial,HelloUltraviolet::Audit,artifactProjectEmitLlExercise,Source/Audit/ArtifactProjectExecution.uv,false,true,false,false,true
rule.24.DropAction-Valid,HelloUltraviolet::Audit,artifactProjectEmitLlExercise,Source/Audit/ArtifactProjectExecution.uv,false,true,false,false,true
rule.24.DropStaticAction,HelloUltraviolet::Audit,artifactProjectEmitLlExercise,Source/Audit/ArtifactProjectExecution.uv,false,true,false,false,true
def.24.NonRecordFOk,HelloUltraviolet::Audit,artifactProjectEmitLlExercise,Source/Audit/ArtifactProjectExecution.uv,false,true,false,false,true
rule.24.DropValueOut-Ok,HelloUltraviolet::Audit,artifactProjectEmitLlExercise,Source/Audit/ArtifactProjectExecution.uv,false,true,false,false,true
def.24.CleanupStateDefinitions,HelloUltraviolet::Audit,artifactProjectEmitLlExercise,Source/Audit/ArtifactProjectExecution.uv,false,true,false,false,true
rule.24.Cleanup-Start,HelloUltraviolet::Audit,artifactProjectEmitLlExercise,Source/Audit/ArtifactProjectExecution.uv,false,true,false,false,true
rule.24.Cleanup-Step-Drop-Ok,HelloUltraviolet::Audit,artifactProjectEmitLlExercise,Source/Audit/ArtifactProjectExecution.uv,false,true,false,false,true
rule.24.Cleanup-Step-Drop-Abort,HelloUltraviolet::Audit,artifactProjectEmitLlExercise,Source/Audit/ArtifactProjectExecution.uv,false,true,false,false,true
rule.24.Cleanup-Step-DropStatic-Ok,HelloUltraviolet::Audit,artifactProjectEmitLlExercise,Source/Audit/ArtifactProjectExecution.uv,false,true,false,false,true
rule.24.Cleanup-Step-DropStatic-Abort,HelloUltraviolet::Audit,artifactProjectEmitLlExercise,Source/Audit/ArtifactProjectExecution.uv,false,true,false,false,true
rule.24.Cleanup-Step-Defer-Ok,HelloUltraviolet::Audit,artifactProjectEmitLlExercise,Source/Audit/ArtifactProjectExecution.uv,false,true,false,false,true
rule.24.Cleanup-Step-Defer-Abort,HelloUltraviolet::Audit,artifactProjectEmitLlExercise,Source/Audit/ArtifactProjectExecution.uv,false,true,false,false,true
rule.24.Cleanup-Done,HelloUltraviolet::Audit,artifactProjectEmitLlExercise,Source/Audit/ArtifactProjectExecution.uv,false,true,false,false,true
rule.24.Destroy-Empty,HelloUltraviolet::Audit,artifactProjectEmitLlExercise,Source/Audit/ArtifactProjectExecution.uv,false,true,false,false,true
rule.24.Destroy-Cons,HelloUltraviolet::Audit,artifactProjectEmitLlExercise,Source/Audit/ArtifactProjectExecution.uv,false,true,false,false,true
def.24.CleanupJudgDyn,HelloUltraviolet::Audit,artifactProjectEmitLlExercise,Source/Audit/ArtifactProjectExecution.uv,false,true,false,false,true
rule.24.Cleanup-Empty,HelloUltraviolet::Audit,artifactProjectEmitLlExercise,Source/Audit/ArtifactProjectExecution.uv,false,true,false,false,true
rule.24.Cleanup-Cons-Drop,HelloUltraviolet::Audit,artifactProjectEmitLlExercise,Source/Audit/ArtifactProjectExecution.uv,false,true,false,false,true
rule.24.Cleanup-Cons-DropStatic,HelloUltraviolet::Audit,artifactProjectEmitLlExercise,Source/Audit/ArtifactProjectExecution.uv,false,true,false,false,true
rule.24.Cleanup-Cons-Defer-Ok,HelloUltraviolet::Audit,artifactProjectEmitLlExercise,Source/Audit/ArtifactProjectExecution.uv,false,true,false,false,true
def.24.CleanupScopeJudg,HelloUltraviolet::Audit,artifactProjectEmitLlExercise,Source/Audit/ArtifactProjectExecution.uv,false,true,false,false,true
rule.24.CleanupScope-From-SmallStep,HelloUltraviolet::Audit,artifactProjectEmitLlExercise,Source/Audit/ArtifactProjectExecution.uv,false,true,false,false,true
rule.24.Unwind-Step,HelloUltraviolet::Audit,artifactProjectEmitLlExercise,Source/Audit/ArtifactProjectExecution.uv,false,true,false,false,true
rule.24.Unwind-Abort,HelloUltraviolet::Audit,artifactProjectEmitLlExercise,Source/Audit/ArtifactProjectExecution.uv,false,true,false,false,true
def.24.RuntimeIfcJudg,HelloUltraviolet::Audit,artifactProjectRuntimeInterfaceSymbolsExercise,Source/Audit/RuntimeInterfaceArtifactExecution.uv,false,true,false,false,true
def.24.BuiltinModalLayoutSpec,HelloUltraviolet::Audit,artifactProjectRuntimeInterfaceSymbolsExercise,Source/Audit/RuntimeInterfaceArtifactExecution.uv,false,true,false,false,true
rule.24.BuiltinModalLayout,HelloUltraviolet::Audit,artifactProjectRuntimeInterfaceSymbolsExercise,Source/Audit/RuntimeInterfaceArtifactExecution.uv,false,true,false,false,true
def.24.BuiltinModalSymMap,HelloUltraviolet::Audit,artifactProjectRuntimeInterfaceSymbolsExercise,Source/Audit/RuntimeInterfaceArtifactExecution.uv,false,true,false,false,true
rule.24.BuiltinModalSym,HelloUltraviolet::Audit,artifactProjectRuntimeInterfaceSymbolsExercise,Source/Audit/RuntimeInterfaceArtifactExecution.uv,false,true,false,false,true
rule.24.RegionAddr-AddrIsActive,HelloUltraviolet::Audit,artifactProjectRuntimeInterfaceSymbolsExercise,Source/Audit/RuntimeInterfaceArtifactExecution.uv,false,true,false,false,true
rule.24.RegionAddr-AddrTagFrom,HelloUltraviolet::Audit,artifactProjectRuntimeInterfaceSymbolsExercise,Source/Audit/RuntimeInterfaceArtifactExecution.uv,false,true,false,false,true
rule.24.BuiltinSym-IO-OpenRead,HelloUltraviolet::Audit,artifactProjectRuntimeInterfaceSymbolsExercise,Source/Audit/RuntimeInterfaceArtifactExecution.uv,false,true,false,false,true
rule.24.BuiltinSym-IO-OpenWrite,HelloUltraviolet::Audit,artifactProjectRuntimeInterfaceSymbolsExercise,Source/Audit/RuntimeInterfaceArtifactExecution.uv,false,true,false,false,true
rule.24.BuiltinSym-IO-OpenAppend,HelloUltraviolet::Audit,artifactProjectRuntimeInterfaceSymbolsExercise,Source/Audit/RuntimeInterfaceArtifactExecution.uv,false,true,false,false,true
rule.24.BuiltinSym-IO-CreateWrite,HelloUltraviolet::Audit,artifactProjectRuntimeInterfaceSymbolsExercise,Source/Audit/RuntimeInterfaceArtifactExecution.uv,false,true,false,false,true
rule.24.BuiltinSym-IO-ReadFile,HelloUltraviolet::Audit,artifactProjectRuntimeInterfaceSymbolsExercise,Source/Audit/RuntimeInterfaceArtifactExecution.uv,false,true,false,false,true
rule.24.BuiltinSym-IO-ReadBytes,HelloUltraviolet::Audit,artifactProjectRuntimeInterfaceSymbolsExercise,Source/Audit/RuntimeInterfaceArtifactExecution.uv,false,true,false,false,true
rule.24.BuiltinSym-IO-WriteFile,HelloUltraviolet::Audit,artifactProjectRuntimeInterfaceSymbolsExercise,Source/Audit/RuntimeInterfaceArtifactExecution.uv,false,true,false,false,true
rule.24.BuiltinSym-IO-WriteStdout,HelloUltraviolet::Audit,artifactProjectRuntimeInterfaceSymbolsExercise,Source/Audit/RuntimeInterfaceArtifactExecution.uv,false,true,false,false,true
rule.24.BuiltinSym-IO-WriteStderr,HelloUltraviolet::Audit,artifactProjectRuntimeInterfaceSymbolsExercise,Source/Audit/RuntimeInterfaceArtifactExecution.uv,false,true,false,false,true
rule.24.BuiltinSym-IO-Exists,HelloUltraviolet::Audit,artifactProjectRuntimeInterfaceSymbolsExercise,Source/Audit/RuntimeInterfaceArtifactExecution.uv,false,true,false,false,true
rule.24.BuiltinSym-IO-Remove,HelloUltraviolet::Audit,artifactProjectRuntimeInterfaceSymbolsExercise,Source/Audit/RuntimeInterfaceArtifactExecution.uv,false,true,false,false,true
rule.24.BuiltinSym-IO-OpenDir,HelloUltraviolet::Audit,artifactProjectRuntimeInterfaceSymbolsExercise,Source/Audit/RuntimeInterfaceArtifactExecution.uv,false,true,false,false,true
rule.24.BuiltinSym-IO-CreateDir,HelloUltraviolet::Audit,artifactProjectRuntimeInterfaceSymbolsExercise,Source/Audit/RuntimeInterfaceArtifactExecution.uv,false,true,false,false,true
rule.24.BuiltinSym-IO-EnsureDir,HelloUltraviolet::Audit,artifactProjectRuntimeInterfaceSymbolsExercise,Source/Audit/RuntimeInterfaceArtifactExecution.uv,false,true,false,false,true
rule.24.BuiltinSym-IO-Kind,HelloUltraviolet::Audit,artifactProjectRuntimeInterfaceSymbolsExercise,Source/Audit/RuntimeInterfaceArtifactExecution.uv,false,true,false,false,true
rule.24.BuiltinSym-IO-Restrict,HelloUltraviolet::Audit,artifactProjectRuntimeInterfaceSymbolsExercise,Source/Audit/RuntimeInterfaceArtifactExecution.uv,false,true,false,false,true
rule.24.BuiltinSym-Network-RestrictHost,HelloUltraviolet::Audit,artifactProjectRuntimeInterfaceSymbolsExercise,Source/Audit/RuntimeInterfaceArtifactExecution.uv,false,true,false,false,true
rule.24.BuiltinSym-HeapAllocator-WithQuota,HelloUltraviolet::Audit,artifactProjectRuntimeInterfaceSymbolsExercise,Source/Audit/RuntimeInterfaceArtifactExecution.uv,false,true,false,false,true
rule.24.BuiltinSym-HeapAllocator-AllocRaw,HelloUltraviolet::Audit,artifactProjectRuntimeInterfaceSymbolsExercise,Source/Audit/RuntimeInterfaceArtifactExecution.uv,false,true,false,false,true
rule.24.BuiltinSym-HeapAllocator-DeallocRaw,HelloUltraviolet::Audit,artifactProjectRuntimeInterfaceSymbolsExercise,Source/Audit/RuntimeInterfaceArtifactExecution.uv,false,true,false,false,true
rule.24.BuiltinSym-Reactor-Run,HelloUltraviolet::Audit,artifactProjectRuntimeInterfaceSymbolsExercise,Source/Audit/RuntimeInterfaceArtifactExecution.uv,false,true,false,false,true
rule.24.BuiltinSym-Reactor-Register,HelloUltraviolet::Audit,artifactProjectRuntimeInterfaceSymbolsExercise,Source/Audit/RuntimeInterfaceArtifactExecution.uv,false,true,false,false,true
rule.24.BuiltinSym-Time-Monotonic,HelloUltraviolet::Audit,artifactProjectRuntimeInterfaceSymbolsExercise,Source/Audit/RuntimeInterfaceArtifactExecution.uv,false,true,false,false,true
rule.24.BuiltinSym-Time-Wall,HelloUltraviolet::Audit,artifactProjectRuntimeInterfaceSymbolsExercise,Source/Audit/RuntimeInterfaceArtifactExecution.uv,false,true,false,false,true
rule.24.BuiltinSym-MonotonicTime-Now,HelloUltraviolet::Audit,artifactProjectRuntimeInterfaceSymbolsExercise,Source/Audit/RuntimeInterfaceArtifactExecution.uv,false,true,false,false,true
rule.24.BuiltinSym-MonotonicTime-Resolution,HelloUltraviolet::Audit,artifactProjectRuntimeInterfaceSymbolsExercise,Source/Audit/RuntimeInterfaceArtifactExecution.uv,false,true,false,false,true
rule.24.BuiltinSym-MonotonicTime-Elapsed,HelloUltraviolet::Audit,artifactProjectRuntimeInterfaceSymbolsExercise,Source/Audit/RuntimeInterfaceArtifactExecution.uv,false,true,false,false,true
rule.24.BuiltinSym-MonotonicTime-Coarsen,HelloUltraviolet::Audit,artifactProjectRuntimeInterfaceSymbolsExercise,Source/Audit/RuntimeInterfaceArtifactExecution.uv,false,true,false,false,true
rule.24.BuiltinSym-WallTime-NowUtc,HelloUltraviolet::Audit,artifactProjectRuntimeInterfaceSymbolsExercise,Source/Audit/RuntimeInterfaceArtifactExecution.uv,false,true,false,false,true
rule.24.BuiltinSym-WallTime-Resolution,HelloUltraviolet::Audit,artifactProjectRuntimeInterfaceSymbolsExercise,Source/Audit/RuntimeInterfaceArtifactExecution.uv,false,true,false,false,true
rule.24.BuiltinSym-WallTime-Coarsen,HelloUltraviolet::Audit,artifactProjectRuntimeInterfaceSymbolsExercise,Source/Audit/RuntimeInterfaceArtifactExecution.uv,false,true,false,false,true
rule.24.BuiltinSym-System-Exit,HelloUltraviolet::Audit,artifactProjectRuntimeInterfaceSymbolsExercise,Source/Audit/RuntimeInterfaceArtifactExecution.uv,false,true,false,false,true
rule.24.BuiltinSym-System-GetEnv,HelloUltraviolet::Audit,artifactProjectRuntimeInterfaceSymbolsExercise,Source/Audit/RuntimeInterfaceArtifactExecution.uv,false,true,false,false,true
rule.24.BuiltinSym-System-ExecutablePath,HelloUltraviolet::Audit,artifactProjectRuntimeInterfaceSymbolsExercise,Source/Audit/RuntimeInterfaceArtifactExecution.uv,false,true,false,false,true
rule.24.BuiltinSym-System-ArgumentCount,HelloUltraviolet::Audit,artifactProjectRuntimeInterfaceSymbolsExercise,Source/Audit/RuntimeInterfaceArtifactExecution.uv,false,true,false,false,true
rule.24.BuiltinSym-System-Argument,HelloUltraviolet::Audit,artifactProjectRuntimeInterfaceSymbolsExercise,Source/Audit/RuntimeInterfaceArtifactExecution.uv,false,true,false,false,true
rule.24.BuiltinSym-System-CurrentDirectory,HelloUltraviolet::Audit,artifactProjectRuntimeInterfaceSymbolsExercise,Source/Audit/RuntimeInterfaceArtifactExecution.uv,false,true,false,false,true
rule.24.BuiltinSym-System-Run,HelloUltraviolet::Audit,artifactProjectRuntimeInterfaceSymbolsExercise,Source/Audit/RuntimeInterfaceArtifactExecution.uv,false,true,false,false,true
def.24.BuiltinSymJudg,HelloUltraviolet::Audit,artifactProjectRuntimeInterfaceSymbolsExercise,Source/Audit/RuntimeInterfaceArtifactExecution.uv,false,true,false,false,true
def.24.StringBytesBuiltinMethodSets,HelloUltraviolet::Audit,artifactProjectRuntimeInterfaceSymbolsExercise,Source/Audit/RuntimeInterfaceArtifactExecution.uv,false,true,false,false,true
def.24.StringBuiltinSymbols,HelloUltraviolet::Audit,artifactProjectRuntimeInterfaceSymbolsExercise,Source/Audit/RuntimeInterfaceArtifactExecution.uv,false,true,false,false,true
def.24.BytesBuiltinSymbols,HelloUltraviolet::Audit,artifactProjectRuntimeInterfaceSymbolsExercise,Source/Audit/RuntimeInterfaceArtifactExecution.uv,false,true,false,false,true
rule.24.BuiltinSym-String-Err,HelloUltraviolet::Audit,artifactProjectRuntimeInterfaceSymbolsExercise,Source/Audit/RuntimeInterfaceArtifactExecution.uv,false,true,false,false,true
rule.24.BuiltinSym-Bytes-Err,HelloUltraviolet::Audit,artifactProjectRuntimeInterfaceSymbolsExercise,Source/Audit/RuntimeInterfaceArtifactExecution.uv,false,true,false,false,true
def.24.DropHookJudg,HelloUltraviolet::Audit,artifactProjectRuntimeInterfaceSymbolsExercise,Source/Audit/RuntimeInterfaceArtifactExecution.uv,false,true,false,false,true
rule.24.StringDropSym-Decl,HelloUltraviolet::Audit,artifactProjectRuntimeInterfaceSymbolsExercise,Source/Audit/RuntimeInterfaceArtifactExecution.uv,false,true,false,false,true
rule.24.BytesDropSym-Decl,HelloUltraviolet::Audit,artifactProjectRuntimeInterfaceSymbolsExercise,Source/Audit/RuntimeInterfaceArtifactExecution.uv,false,true,false,false,true
rule.24.StringDropSym-Err,HelloUltraviolet::Audit,artifactProjectRuntimeInterfaceSymbolsExercise,Source/Audit/RuntimeInterfaceArtifactExecution.uv,false,true,false,false,true
rule.24.BytesDropSym-Err,HelloUltraviolet::Audit,artifactProjectRuntimeInterfaceSymbolsExercise,Source/Audit/RuntimeInterfaceArtifactExecution.uv,false,true,false,false,true
def.24.RuntimeDeclJudg,HelloUltraviolet::Audit,artifactProjectRuntimeInterfaceSymbolsExercise,Source/Audit/RuntimeInterfaceArtifactExecution.uv,false,true,false,false,true
def.24.RuntimeMethodAndSymbolSets,HelloUltraviolet::Audit,artifactProjectRuntimeInterfaceSymbolsExercise,Source/Audit/RuntimeInterfaceArtifactExecution.uv,false,true,false,false,true
def.24.CapabilityBuiltinSigs,HelloUltraviolet::Audit,artifactProjectRuntimeInterfaceSymbolsExercise,Source/Audit/RuntimeInterfaceArtifactExecution.uv,false,true,false,false,true
def.24.CoreRuntimeSigs,HelloUltraviolet::Audit,artifactProjectRuntimeInterfaceSymbolsExercise,Source/Audit/RuntimeInterfaceArtifactExecution.uv,false,true,false,false,true
def.24.BuiltinModalProcSigs,HelloUltraviolet::Audit,artifactProjectRuntimeInterfaceSymbolsExercise,Source/Audit/RuntimeInterfaceArtifactExecution.uv,false,true,false,false,true
def.24.RuntimeSigBuiltinModalAndMethodDispatch,HelloUltraviolet::Audit,artifactProjectRuntimeInterfaceSymbolsExercise,Source/Audit/RuntimeInterfaceArtifactExecution.uv,false,true,false,false,true
def.24.LLVMDeclType,HelloUltraviolet::Audit,artifactProjectRuntimeInterfaceSymbolsExercise,Source/Audit/RuntimeInterfaceArtifactExecution.uv,false,true,false,false,true
def.24.RuntimeDeclarationCoverage,HelloUltraviolet::Audit,artifactProjectRuntimeInterfaceSymbolsExercise,Source/Audit/RuntimeInterfaceArtifactExecution.uv,false,true,false,false,true
rule.24.Prim-Network-RestrictHost-Runtime,HelloUltraviolet::Audit,artifactProjectRuntimeInterfaceSymbolsExercise,Source/Audit/RuntimeInterfaceArtifactExecution.uv,false,true,false,false,true
def.24.HeapJudg,HelloUltraviolet::Audit,artifactProjectRuntimeInterfaceSymbolsExercise,Source/Audit/RuntimeInterfaceArtifactExecution.uv,false,true,false,false,true
req.24.HeapHostPrimitiveRelations,HelloUltraviolet::Audit,artifactProjectRuntimeInterfaceSymbolsExercise,Source/Audit/RuntimeInterfaceArtifactExecution.uv,false,true,false,false,true
def.24.HeapStateAccountingDefinitions,HelloUltraviolet::Audit,artifactProjectRuntimeInterfaceSymbolsExercise,Source/Audit/RuntimeInterfaceArtifactExecution.uv,false,true,false,false,true
req.24.HeapPrimitiveSemantics,HelloUltraviolet::Audit,artifactProjectRuntimeInterfaceSymbolsExercise,Source/Audit/RuntimeInterfaceArtifactExecution.uv,false,true,false,false,true
rule.24.Prim-Heap-WithQuota,HelloUltraviolet::Audit,artifactProjectRuntimeInterfaceSymbolsExercise,Source/Audit/RuntimeInterfaceArtifactExecution.uv,false,true,false,false,true
rule.24.Prim-Heap-AllocRaw,HelloUltraviolet::Audit,artifactProjectRuntimeInterfaceSymbolsExercise,Source/Audit/RuntimeInterfaceArtifactExecution.uv,false,true,false,false,true
rule.24.Prim-Heap-DeallocRaw,HelloUltraviolet::Audit,artifactProjectRuntimeInterfaceSymbolsExercise,Source/Audit/RuntimeInterfaceArtifactExecution.uv,false,true,false,false,true
def.24.ReactorJudg,HelloUltraviolet::Audit,artifactProjectRuntimeInterfaceSymbolsExercise,Source/Audit/RuntimeInterfaceArtifactExecution.uv,false,true,false,false,true
req.24.ReactorHostPrimitiveRelations,HelloUltraviolet::Audit,artifactProjectRuntimeInterfaceSymbolsExercise,Source/Audit/RuntimeInterfaceArtifactExecution.uv,false,true,false,false,true
rule.24.Prim-Reactor-Run,HelloUltraviolet::Audit,artifactProjectRuntimeInterfaceSymbolsExercise,Source/Audit/RuntimeInterfaceArtifactExecution.uv,false,true,false,false,true
rule.24.Prim-Reactor-Register,HelloUltraviolet::Audit,artifactProjectRuntimeInterfaceSymbolsExercise,Source/Audit/RuntimeInterfaceArtifactExecution.uv,false,true,false,false,true
req.24.TimeHostPrimitivesDefinedInAuthorityModel,HelloUltraviolet::Reference::Authority,authorityTimePrimitiveCallsReference,Source/Reference/Authority/Time.uv,false,true,false,false,true
rule.24.Prim-Time-Monotonic-Runtime,HelloUltraviolet::Reference::Authority,authorityTimePrimitiveCallsReference,Source/Reference/Authority/Time.uv,false,true,false,false,true
rule.24.Prim-Time-Wall-Runtime,HelloUltraviolet::Reference::Authority,authorityTimePrimitiveCallsReference,Source/Reference/Authority/Time.uv,false,true,false,false,true
rule.24.Prim-MonotonicTime-Now-Runtime,HelloUltraviolet::Reference::Authority,authorityTimePrimitiveCallsReference,Source/Reference/Authority/Time.uv,false,true,false,false,true
rule.24.Prim-MonotonicTime-Resolution-Runtime,HelloUltraviolet::Reference::Authority,authorityTimePrimitiveCallsReference,Source/Reference/Authority/Time.uv,false,true,false,false,true
rule.24.Prim-MonotonicTime-Elapsed-Runtime,HelloUltraviolet::Reference::Authority,authorityTimePrimitiveCallsReference,Source/Reference/Authority/Time.uv,false,true,false,false,true
rule.24.Prim-MonotonicTime-Coarsen-Runtime,HelloUltraviolet::Reference::Authority,authorityTimePrimitiveCallsReference,Source/Reference/Authority/Time.uv,false,true,false,false,true
rule.24.Prim-WallTime-NowUtc-Runtime,HelloUltraviolet::Reference::Authority,authorityTimePrimitiveCallsReference,Source/Reference/Authority/Time.uv,false,true,false,false,true
rule.24.Prim-WallTime-Resolution-Runtime,HelloUltraviolet::Reference::Authority,authorityTimePrimitiveCallsReference,Source/Reference/Authority/Time.uv,false,true,false,false,true
rule.24.Prim-WallTime-Coarsen-Runtime,HelloUltraviolet::Reference::Authority,authorityTimePrimitiveCallsReference,Source/Reference/Authority/Time.uv,false,true,false,false,true
def.24.LLVMHeader,HelloUltraviolet::Audit,artifactProjectEmitLlExercise,Source/Audit/ArtifactProjectExecution.uv,false,true,false,false,true
def.24.OpaquePointerModel,HelloUltraviolet::Audit,artifactProjectEmitLlExercise,Source/Audit/ArtifactProjectExecution.uv,false,true,false,false,true
def.24.LLVMAttrJudg,HelloUltraviolet::Audit,artifactProjectEmitLlExercise,Source/Audit/ArtifactProjectExecution.uv,false,true,false,false,true
rule.24.PtrStateOf-Perm,HelloUltraviolet::Audit,artifactProjectEmitLlExercise,Source/Audit/ArtifactProjectExecution.uv,false,true,false,false,true
rule.24.LLVM-PtrAttrs-Valid,HelloUltraviolet::Audit,artifactProjectEmitLlExercise,Source/Audit/ArtifactProjectExecution.uv,false,true,false,false,true
rule.24.LLVM-PtrAttrs-Other,HelloUltraviolet::Audit,artifactProjectEmitLlExercise,Source/Audit/ArtifactProjectExecution.uv,false,true,false,false,true
rule.24.LLVM-PtrAttrs-RawPtr,HelloUltraviolet::Audit,artifactProjectEmitLlExercise,Source/Audit/ArtifactProjectExecution.uv,false,true,false,false,true
rule.24.LLVM-ArgAttrs-Ptr,HelloUltraviolet::Audit,artifactProjectEmitLlExercise,Source/Audit/ArtifactProjectExecution.uv,false,true,false,false,true
rule.24.LLVM-ArgAttrs-RawPtr,HelloUltraviolet::Audit,artifactProjectEmitLlExercise,Source/Audit/ArtifactProjectExecution.uv,false,true,false,false,true
rule.24.LLVM-ArgAttrs-NonPtr,HelloUltraviolet::Audit,artifactProjectEmitLlExercise,Source/Audit/ArtifactProjectExecution.uv,false,true,false,false,true
def.24.LLVMOptionalArgumentAttrs,HelloUltraviolet::Audit,artifactProjectEmitLlExercise,Source/Audit/ArtifactProjectExecution.uv,false,true,false,false,true
def.24.LLVMUBAndPoisonAvoidance,HelloUltraviolet::Audit,artifactProjectEmitLlExercise,Source/Audit/ArtifactProjectExecution.uv,false,true,false,false,true
def.24.MemoryIntrinsics,HelloUltraviolet::Audit,artifactProjectEmitLlExercise,Source/Audit/ArtifactProjectExecution.uv,false,true,false,false,true
def.24.LLVMTyJudg,HelloUltraviolet::Audit,artifactProjectEmitLlExercise,Source/Audit/ArtifactProjectExecution.uv,false,true,false,false,true
def.24.LLVMPrimitiveTypeHelpers,HelloUltraviolet::Audit,artifactProjectEmitLlExercise,Source/Audit/ArtifactProjectExecution.uv,false,true,false,false,true
def.24.StructElems,HelloUltraviolet::Audit,artifactProjectEmitLlExercise,Source/Audit/ArtifactProjectExecution.uv,false,true,false,false,true
def.24.TaggedElems,HelloUltraviolet::Audit,artifactProjectEmitLlExercise,Source/Audit/ArtifactProjectExecution.uv,false,true,false,false,true
rule.24.LLVMTy-Prim,HelloUltraviolet::Audit,artifactProjectEmitLlExercise,Source/Audit/ArtifactProjectExecution.uv,false,true,false,false,true
rule.24.LLVMTy-Perm,HelloUltraviolet::Audit,artifactProjectEmitLlExercise,Source/Audit/ArtifactProjectExecution.uv,false,true,false,false,true
rule.24.LLVMTy-Refine,HelloUltraviolet::Audit,artifactProjectEmitLlExercise,Source/Audit/ArtifactProjectExecution.uv,false,true,false,false,true
rule.24.LLVMTy-Ptr,HelloUltraviolet::Audit,artifactProjectEmitLlExercise,Source/Audit/ArtifactProjectExecution.uv,false,true,false,false,true
rule.24.LLVMTy-RawPtr,HelloUltraviolet::Audit,artifactProjectEmitLlExercise,Source/Audit/ArtifactProjectExecution.uv,false,true,false,false,true
rule.24.LLVMTy-Func,HelloUltraviolet::Audit,artifactProjectEmitLlExercise,Source/Audit/ArtifactProjectExecution.uv,false,true,false,false,true
rule.24.LLVMTy-Closure,HelloUltraviolet::Audit,artifactProjectEmitLlExercise,Source/Audit/ArtifactProjectExecution.uv,false,true,false,false,true
rule.24.LLVMTy-Alias,HelloUltraviolet::Audit,artifactProjectEmitLlExercise,Source/Audit/ArtifactProjectExecution.uv,false,true,false,false,true
rule.24.LLVMTy-Record,HelloUltraviolet::Audit,artifactProjectEmitLlExercise,Source/Audit/ArtifactProjectExecution.uv,false,true,false,false,true
rule.24.LLVMTy-Tuple,HelloUltraviolet::Audit,artifactProjectEmitLlExercise,Source/Audit/ArtifactProjectExecution.uv,false,true,false,false,true
rule.24.LLVMTy-Array,HelloUltraviolet::Audit,artifactProjectEmitLlExercise,Source/Audit/ArtifactProjectExecution.uv,false,true,false,false,true
rule.24.LLVMTy-Slice,HelloUltraviolet::Audit,artifactProjectEmitLlExercise,Source/Audit/ArtifactProjectExecution.uv,false,true,false,false,true
rule.24.LLVMTy-Range,HelloUltraviolet::Audit,artifactProjectEmitLlExercise,Source/Audit/ArtifactProjectExecution.uv,false,true,false,false,true
rule.24.LLVMTy-RangeInclusive,HelloUltraviolet::Audit,artifactProjectEmitLlExercise,Source/Audit/ArtifactProjectExecution.uv,false,true,false,false,true
rule.24.LLVMTy-RangeFrom,HelloUltraviolet::Audit,artifactProjectEmitLlExercise,Source/Audit/ArtifactProjectExecution.uv,false,true,false,false,true
rule.24.LLVMTy-RangeTo,HelloUltraviolet::Audit,artifactProjectEmitLlExercise,Source/Audit/ArtifactProjectExecution.uv,false,true,false,false,true
rule.24.LLVMTy-RangeToInclusive,HelloUltraviolet::Audit,artifactProjectEmitLlExercise,Source/Audit/ArtifactProjectExecution.uv,false,true,false,false,true
rule.24.LLVMTy-RangeFull,HelloUltraviolet::Audit,artifactProjectEmitLlExercise,Source/Audit/ArtifactProjectExecution.uv,false,true,false,false,true
rule.24.LLVMTy-Enum,HelloUltraviolet::Audit,artifactProjectEmitLlExercise,Source/Audit/ArtifactProjectExecution.uv,false,true,false,false,true
rule.24.LLVMTy-Union-Niche,HelloUltraviolet::Audit,artifactProjectEmitLlExercise,Source/Audit/ArtifactProjectExecution.uv,false,true,false,false,true
rule.24.LLVMTy-Union-Tagged,HelloUltraviolet::Audit,artifactProjectEmitLlExercise,Source/Audit/ArtifactProjectExecution.uv,false,true,false,false,true
rule.24.LLVMTy-Modal-Niche,HelloUltraviolet::Audit,artifactProjectEmitLlExercise,Source/Audit/ArtifactProjectExecution.uv,false,true,false,false,true
rule.24.LLVMTy-Modal-Tagged,HelloUltraviolet::Audit,artifactProjectEmitLlExercise,Source/Audit/ArtifactProjectExecution.uv,false,true,false,false,true
rule.24.LLVMTy-Modal-StringBytes,HelloUltraviolet::Audit,artifactProjectEmitLlExercise,Source/Audit/ArtifactProjectExecution.uv,false,true,false,false,true
rule.24.LLVMTy-ModalState,HelloUltraviolet::Audit,artifactProjectEmitLlExercise,Source/Audit/ArtifactProjectExecution.uv,false,true,false,false,true
rule.24.LLVMTy-Dynamic,HelloUltraviolet::Audit,artifactProjectEmitLlExercise,Source/Audit/ArtifactProjectExecution.uv,false,true,false,false,true
rule.24.LLVMTy-StringView,HelloUltraviolet::Audit,artifactProjectEmitLlExercise,Source/Audit/ArtifactProjectExecution.uv,false,true,false,false,true
rule.24.LLVMTy-StringManaged,HelloUltraviolet::Audit,artifactProjectEmitLlExercise,Source/Audit/ArtifactProjectExecution.uv,false,true,false,false,true
rule.24.LLVMTy-BytesView,HelloUltraviolet::Audit,artifactProjectEmitLlExercise,Source/Audit/ArtifactProjectExecution.uv,false,true,false,false,true
rule.24.LLVMTy-BytesManaged,HelloUltraviolet::Audit,artifactProjectEmitLlExercise,Source/Audit/ArtifactProjectExecution.uv,false,true,false,false,true
def.24.LowerIRJudg,HelloUltraviolet::Audit,artifactProjectIrLoweringFormsExercise,Source/Audit/ArtifactProjectExecution.uv,false,true,false,false,true
def.24.LLVMInstrHelpers,HelloUltraviolet::Audit,artifactProjectIrLoweringFormsExercise,Source/Audit/ArtifactProjectExecution.uv,false,true,false,false,true
rule.24.LowerIRInstr-Empty,HelloUltraviolet::Audit,artifactProjectIrLoweringFormsExercise,Source/Audit/ArtifactProjectExecution.uv,false,true,false,false,true
rule.24.LowerIRInstr-Seq,HelloUltraviolet::Audit,artifactProjectIrLoweringFormsExercise,Source/Audit/ArtifactProjectExecution.uv,false,true,false,false,true
def.24.MemoryInstructionHelpers,HelloUltraviolet::Audit,artifactProjectEmitLlExercise,Source/Audit/ArtifactProjectExecution.uv,false,true,false,false,true
def.24.ConstBytesEncoding,HelloUltraviolet::Audit,artifactProjectEmitLlExercise,Source/Audit/ArtifactProjectExecution.uv,false,true,false,false,true
def.24.StaticTypeBySymbol,HelloUltraviolet::Audit,artifactProjectEmitLlExercise,Source/Audit/ArtifactProjectExecution.uv,false,true,false,false,true
def.24.StateRefJudg,HelloUltraviolet::Audit,artifactProjectEmitLlExercise,Source/Audit/ArtifactProjectExecution.uv,false,true,false,false,true
rule.24.StateRef-Session,HelloUltraviolet::Audit,acceptedProjectHostedExercise,Source/Audit/AcceptedProjectExecution.uv,false,true,false,false,true
rule.24.StateRef-Global,HelloUltraviolet::Audit,artifactProjectEmitLlExercise,Source/Audit/ArtifactProjectExecution.uv,false,true,false,false,true
def.24.CallSignatureHelpers,HelloUltraviolet::Audit,artifactProjectEmitLlExercise,Source/Audit/ArtifactProjectExecution.uv,false,true,false,false,true
def.24.ParamInitHelpers,HelloUltraviolet::Audit,artifactProjectEmitLlExercise,Source/Audit/ArtifactProjectExecution.uv,false,true,false,false,true
rule.24.LowerIRDecl-Proc-User,HelloUltraviolet::Audit,artifactProjectEmitLlExercise,Source/Audit/ArtifactProjectExecution.uv,false,true,false,false,true
rule.24.LowerIRDecl-Proc-Gen,HelloUltraviolet::Audit,artifactProjectEmitLlExercise,Source/Audit/ArtifactProjectExecution.uv,false,true,false,false,true
rule.24.LowerIRDecl-GlobalConst,HelloUltraviolet::Audit,artifactProjectEmitLlExercise,Source/Audit/ArtifactProjectExecution.uv,false,true,false,false,true
rule.24.LowerIRDecl-GlobalZero,HelloUltraviolet::Audit,artifactProjectEmitLlExercise,Source/Audit/ArtifactProjectExecution.uv,false,true,false,false,true
req.24.HostedStateInitializerTemplates,HelloUltraviolet::Audit,acceptedProjectHostedExercise,Source/Audit/AcceptedProjectExecution.uv,false,true,false,false,true
rule.24.LowerIRDecl-VTable,HelloUltraviolet::Audit,artifactProjectEmitLlExercise,Source/Audit/ArtifactProjectExecution.uv,false,true,false,false,true
rule.24.Lower-AllocIR,HelloUltraviolet::Audit,artifactProjectRuntimeInterfaceSymbolsExercise,Source/Audit/RuntimeInterfaceArtifactExecution.uv,false,true,false,false,true
rule.24.Lower-BindVarIR,HelloUltraviolet::Audit,artifactProjectEmitLlExercise,Source/Audit/ArtifactProjectExecution.uv,false,true,false,false,true
rule.24.Lower-ReadVarIR,HelloUltraviolet::Audit,artifactProjectEmitLlExercise,Source/Audit/ArtifactProjectExecution.uv,false,true,false,false,true
def.24.ProcSymbol,HelloUltraviolet::Audit,artifactProjectEmitLlExercise,Source/Audit/ArtifactProjectExecution.uv,false,true,false,false,true
rule.24.Lower-ReadPathIR-Proc-User,HelloUltraviolet::Reference::Lowering,runLoweringBackendRequirementsReference,Source/Reference/Lowering/BackendRequirements.uv,false,true,false,false,true
rule.24.Lower-ReadPathIR-Record,HelloUltraviolet::Reference::Lowering,runLoweringBackendRequirementsReference,Source/Reference/Lowering/BackendRequirements.uv,false,true,false,false,true
rule.24.Lower-StoreVarIR,HelloUltraviolet::Reference::Lowering,runLoweringBackendRequirementsReference,Source/Reference/Lowering/BackendRequirements.uv,false,true,false,false,true
rule.24.Lower-StoreVarNoDropIR,HelloUltraviolet::Reference::Lowering,runLoweringBackendRequirementsReference,Source/Reference/Lowering/BackendRequirements.uv,false,true,false,false,true
rule.24.Lower-ReadPlaceIR,HelloUltraviolet::Reference::Lowering,runLoweringBackendRequirementsReference,Source/Reference/Lowering/BackendRequirements.uv,false,true,false,false,true
rule.24.Lower-WritePlaceIR,HelloUltraviolet::Reference::Lowering,runLoweringBackendRequirementsReference,Source/Reference/Lowering/BackendRequirements.uv,false,true,false,false,true
def.24.CallLoweringHelpers,HelloUltraviolet::Reference::Lowering,runLoweringBackendRequirementsReference,Source/Reference/Lowering/BackendRequirements.uv,false,true,false,false,true
rule.24.Lower-CallIR-Func,HelloUltraviolet::Reference::Lowering,runLoweringBackendRequirementsReference,Source/Reference/Lowering/BackendRequirements.uv,false,true,false,false,true
def.24.IfLoweringHelpers,HelloUltraviolet::Reference::Lowering,runLoweringBackendRequirementsReference,Source/Reference/Lowering/BackendRequirements.uv,false,true,false,false,true
rule.24.Lower-IfIR,HelloUltraviolet::Reference::Lowering,runLoweringBackendRequirementsReference,Source/Reference/Lowering/BackendRequirements.uv,false,true,false,false,true
def.24.BlockCleanupLoweringHelpers,HelloUltraviolet::Reference::Lowering,runLoweringBackendRequirementsReference,Source/Reference/Lowering/BackendRequirements.uv,false,true,false,false,true
rule.24.Lower-BlockIR,HelloUltraviolet::Reference::Lowering,runLoweringBackendRequirementsReference,Source/Reference/Lowering/BackendRequirements.uv,false,true,false,false,true
def.24.StructuredIRLoweringForms,HelloUltraviolet::Audit,artifactProjectIrLoweringFormsExercise,Source/Audit/ArtifactProjectExecution.uv,false,true,false,false,true
rule.24.Lower-LoopIR,HelloUltraviolet::Audit,artifactProjectIrLoweringFormsExercise,Source/Audit/ArtifactProjectExecution.uv,false,true,false,false,true
rule.24.Lower-IfCaseIR,HelloUltraviolet::Audit,artifactProjectIrLoweringFormsExercise,Source/Audit/ArtifactProjectExecution.uv,false,true,false,false,true
rule.24.Lower-RegionIR,HelloUltraviolet::Audit,artifactProjectIrLoweringFormsExercise,Source/Audit/ArtifactProjectExecution.uv,false,true,false,false,true
rule.24.Lower-FrameIR,HelloUltraviolet::Audit,artifactProjectIrLoweringFormsExercise,Source/Audit/ArtifactProjectExecution.uv,false,true,false,false,true
def.24.BranchLowerForms,HelloUltraviolet::Audit,artifactProjectIrLoweringFormsExercise,Source/Audit/ArtifactProjectExecution.uv,false,true,false,false,true
rule.24.Lower-BranchIR-Unconditional,HelloUltraviolet::Audit,artifactProjectIrLoweringFormsExercise,Source/Audit/ArtifactProjectExecution.uv,false,true,false,false,true
rule.24.Lower-BranchIR-Conditional,HelloUltraviolet::Audit,artifactProjectIrLoweringFormsExercise,Source/Audit/ArtifactProjectExecution.uv,false,true,false,false,true
def.24.PhiLowerForm,HelloUltraviolet::Audit,artifactProjectIrLoweringFormsExercise,Source/Audit/ArtifactProjectExecution.uv,false,true,false,false,true
rule.24.Lower-PhiIR,HelloUltraviolet::Audit,artifactProjectIrLoweringFormsExercise,Source/Audit/ArtifactProjectExecution.uv,false,true,false,false,true
def.24.BindStorageJudg,HelloUltraviolet::Reference::Lowering,runLoweringBackendRequirementsReference,Source/Reference/Lowering/BackendRequirements.uv,false,true,false,false,true
rule.24.BindValid-Sigma,HelloUltraviolet::Reference::Lowering,runLoweringBackendRequirementsReference,Source/Reference/Lowering/BackendRequirements.uv,false,true,false,false,true
rule.24.BindSlot-Param-ByValue,HelloUltraviolet::Reference::Lowering,runLoweringBackendRequirementsReference,Source/Reference/Lowering/BackendRequirements.uv,false,true,false,false,true
rule.24.BindSlot-Local,HelloUltraviolet::Reference::Lowering,runLoweringBackendRequirementsReference,Source/Reference/Lowering/BackendRequirements.uv,false,true,false,false,true
rule.24.UpdateValid-BindVar,HelloUltraviolet::Reference::Lowering,runLoweringBackendRequirementsReference,Source/Reference/Lowering/BackendRequirements.uv,false,true,false,false,true
rule.24.UpdateValid-StoreVar,HelloUltraviolet::Reference::Lowering,runLoweringBackendRequirementsReference,Source/Reference/Lowering/BackendRequirements.uv,false,true,false,false,true
rule.24.UpdateValid-StoreVarNoDrop,HelloUltraviolet::Reference::Lowering,runLoweringBackendRequirementsReference,Source/Reference/Lowering/BackendRequirements.uv,false,true,false,false,true
rule.24.UpdateValid-MoveRoot,HelloUltraviolet::Reference::Lowering,runLoweringBackendRequirementsReference,Source/Reference/Lowering/BackendRequirements.uv,false,true,false,false,true
rule.24.DropOnAssign-NotApplicable,HelloUltraviolet::Reference::Lowering,runLoweringBackendRequirementsReference,Source/Reference/Lowering/BackendRequirements.uv,false,true,false,false,true
def.24.LLVMCallJudg,HelloUltraviolet::Audit,artifactProjectEmitLlExercise,Source/Audit/ArtifactProjectExecution.uv,false,true,false,false,true
def.24.LLVMCallSigFields,HelloUltraviolet::Audit,artifactProjectEmitLlExercise,Source/Audit/ArtifactProjectExecution.uv,false,true,false,false,true
rule.24.LLVMArgLower-ByValue-PtrValid,HelloUltraviolet::Audit,artifactProjectEmitLlExercise,Source/Audit/ArtifactProjectExecution.uv,false,true,false,false,true
rule.24.LLVMArgLower-ByValue-Other,HelloUltraviolet::Audit,artifactProjectEmitLlExercise,Source/Audit/ArtifactProjectExecution.uv,false,true,false,false,true
rule.24.LLVMArgLower-ByRef,HelloUltraviolet::Audit,artifactProjectEmitLlExercise,Source/Audit/ArtifactProjectExecution.uv,false,true,false,false,true
rule.24.LLVMRetLower-ByValue-ZST,HelloUltraviolet::Audit,artifactProjectEmitLlExercise,Source/Audit/ArtifactProjectExecution.uv,false,true,false,false,true
rule.24.LLVMRetLower-ByValue,HelloUltraviolet::Audit,artifactProjectEmitLlExercise,Source/Audit/ArtifactProjectExecution.uv,false,true,false,false,true
rule.24.LLVMRetLower-SRet,HelloUltraviolet::Audit,artifactProjectEmitLlExercise,Source/Audit/ArtifactProjectExecution.uv,false,true,false,false,true
def.24.LLVMCallArgLists,HelloUltraviolet::Audit,artifactProjectEmitLlExercise,Source/Audit/ArtifactProjectExecution.uv,false,true,false,false,true
rule.24.LLVMCall-ByValue,HelloUltraviolet::Audit,artifactProjectEmitLlExercise,Source/Audit/ArtifactProjectExecution.uv,false,true,false,false,true
rule.24.LLVMCall-SRet,HelloUltraviolet::Audit,artifactProjectEmitLlExercise,Source/Audit/ArtifactProjectExecution.uv,false,true,false,false,true
def.24.ByRefAccess,HelloUltraviolet::Audit,artifactProjectEmitLlExercise,Source/Audit/ArtifactProjectExecution.uv,false,true,false,false,true
rule.24.LLVMCall-Err,HelloUltraviolet::Audit,outputDiagnosticFixturesExecuteAndEmitExpectedDiagnostics,Source/Audit/OutputDiagnosticExecution.uv,false,true,false,false,true
def.24.VTableJudg,HelloUltraviolet::Audit,artifactProjectEmitLlExercise,Source/Audit/ArtifactProjectExecution.uv,false,true,false,false,true
def.24.VTableEmissionHelpers,HelloUltraviolet::Audit,artifactProjectEmitLlExercise,Source/Audit/ArtifactProjectExecution.uv,false,true,false,false,true
rule.24.EmitDropGlue-Decl,HelloUltraviolet::Audit,artifactProjectEmitLlExercise,Source/Audit/ArtifactProjectExecution.uv,false,true,false,false,true
def.24.LiteralEmitJudg,HelloUltraviolet::Audit,artifactProjectEmitLlExercise,Source/Audit/ArtifactProjectExecution.uv,false,true,false,false,true
def.24.StringBytesAndRawBytes,HelloUltraviolet::Audit,artifactProjectEmitLlExercise,Source/Audit/ArtifactProjectExecution.uv,false,true,false,false,true
rule.24.EmitLiteralData-Decl,HelloUltraviolet::Audit,artifactProjectEmitLlExercise,Source/Audit/ArtifactProjectExecution.uv,false,true,false,false,true
rule.24.EmitLiteral-String,HelloUltraviolet::Audit,artifactProjectEmitLlExercise,Source/Audit/ArtifactProjectExecution.uv,false,true,false,false,true
req.24.EmitLiteral-String-Utf8Valid,HelloUltraviolet::Audit,artifactProjectEmitLlExercise,Source/Audit/ArtifactProjectExecution.uv,false,true,false,false,true
rule.24.EmitLiteral-Bytes,HelloUltraviolet::Audit,artifactProjectEmitLlExercise,Source/Audit/ArtifactProjectExecution.uv,false,true,false,false,true
req.24.EmitLiteral-Bytes-UndefinedRawBytes,HelloUltraviolet::Audit,artifactProjectEmitLlExercise,Source/Audit/ArtifactProjectExecution.uv,false,true,false,false,true
rule.24.EmitLiteral-Char,HelloUltraviolet::Audit,artifactProjectEmitLlExercise,Source/Audit/ArtifactProjectExecution.uv,false,true,false,false,true
rule.24.EmitLiteral-Int,HelloUltraviolet::Audit,artifactProjectEmitLlExercise,Source/Audit/ArtifactProjectExecution.uv,false,true,false,false,true
rule.24.EmitLiteral-Float,HelloUltraviolet::Audit,artifactProjectEmitLlExercise,Source/Audit/ArtifactProjectExecution.uv,false,true,false,false,true
def.24.PoisonJudg,HelloUltraviolet::Audit,artifactProjectEmitLlExercise,Source/Audit/ArtifactProjectExecution.uv,false,true,false,false,true
def.24.PoisonSet,HelloUltraviolet::Audit,artifactProjectEmitLlExercise,Source/Audit/ArtifactProjectExecution.uv,false,true,false,false,true
rule.24.PoisonFlag-Decl,HelloUltraviolet::Audit,artifactProjectEmitLlExercise,Source/Audit/ArtifactProjectExecution.uv,false,true,false,false,true
def.24.PoisonFlagStorage,HelloUltraviolet::Audit,artifactProjectEmitLlExercise,Source/Audit/ArtifactProjectExecution.uv,false,true,false,false,true
req.24.HostedPoisonFlagTemplate,HelloUltraviolet::Audit,acceptedProjectHostedExercise,Source/Audit/AcceptedProjectExecution.uv,false,true,false,false,true
rule.24.CheckPoison-Use,HelloUltraviolet::Audit,artifactProjectEmitLlExercise,Source/Audit/ArtifactProjectExecution.uv,false,true,false,false,true
sem.24.CheckPoisonBehavior,HelloUltraviolet::Audit,artifactProjectEmitLlExercise,Source/Audit/ArtifactProjectExecution.uv,false,true,false,false,true
req.24.HostedPoisonStateIsolation,HelloUltraviolet::Audit,acceptedProjectHostedExercise,Source/Audit/AcceptedProjectExecution.uv,false,true,false,false,true
req.24.OutputBackendDiagnosticsOwnership,HelloUltraviolet::Audit,outputDiagnosticFixturesExecuteAndEmitExpectedDiagnostics,Source/Audit/OutputDiagnosticExecution.uv,false,true,false,false,true
diag.24.OutputBackendDiagnostics,HelloUltraviolet::Audit,outputDiagnosticFixturesExecuteAndEmitExpectedDiagnostics,Source/Audit/OutputDiagnosticExecution.uv,false,true,false,false,true
grammar.B.1.LexicalGrammar,HelloUltraviolet::Reference::AppendixB,runAppendixBLexicalGrammarReference,Source/Reference/AppendixB/CompleteGrammar.uv,false,true,true,true,true
grammar.B.2.TypeGrammar,HelloUltraviolet::Reference::AppendixB,runAppendixBTypeGrammarReference,Source/Reference/AppendixB/CompleteGrammar.uv,false,true,true,true,true
req.B.2.ClosureTypeUnionParameterParentheses,HelloUltraviolet::Reference::ModalTypes,runModalTypesClosuresReference,Source/Reference/ModalTypes/Closures.uv,false,true,false,false,true
grammar.B.2.GenericRefinementModalTypeGrammar,HelloUltraviolet::Reference::AppendixB,runAppendixBGenericRefinementModalTypeGrammarReference,Source/Reference/AppendixB/CompleteGrammar.uv,false,true,true,true,true
grammar.B.3.ExpressionGrammar,HelloUltraviolet::Reference::AppendixB,runAppendixBExpressionGrammarReference,Source/Reference/AppendixB/CompleteGrammar.uv,false,true,true,true,true
req.B.3.ClosureExprUnionParameterParentheses,HelloUltraviolet::Reference::Expressions,runExpressionsClosuresAndPipelinesReference,Source/Reference/Expressions/ClosuresAndPipelines.uv,false,true,false,false,true
grammar.B.3.ControlAndSpecialExpressionGrammar,HelloUltraviolet::Reference::AppendixB,runAppendixBControlAndSpecialExpressionGrammarReference,Source/Reference/AppendixB/CompleteGrammar.uv,false,true,true,true,true
grammar.B.4.PatternGrammar,HelloUltraviolet::Reference::AppendixB,runAppendixBPatternGrammarReference,Source/Reference/AppendixB/CompleteGrammar.uv,false,true,true,true,true
grammar.B.5.StatementGrammar,HelloUltraviolet::Reference::AppendixB,runAppendixBStatementGrammarReference,Source/Reference/AppendixB/CompleteGrammar.uv,false,true,true,true,true
grammar.B.6.DeclarationGrammar,HelloUltraviolet::Reference::AppendixB,runAppendixBDeclarationGrammarReference,Source/Reference/AppendixB/CompleteGrammar.uv,false,true,true,true,true
grammar.B.7.ContractGrammar,HelloUltraviolet::Reference::AppendixB,runAppendixBContractGrammarReference,Source/Reference/AppendixB/CompleteGrammar.uv,false,true,true,true,true
grammar.B.8.AttributeGrammar,HelloUltraviolet::Reference::AppendixB,runAppendixBAttributeGrammarReference,Source/Reference/AppendixB/CompleteGrammar.uv,false,true,true,true,true
grammar.B.9.KeySystemGrammar,HelloUltraviolet::Reference::AppendixB,runAppendixBKeySystemGrammarReference,Source/Reference/AppendixB/CompleteGrammar.uv,false,true,true,true,true
grammar.B.10.ConcurrencyGrammar,HelloUltraviolet::Reference::AppendixB,runAppendixBConcurrencyGrammarReference,Source/Reference/AppendixB/CompleteGrammar.uv,false,true,true,true,true
grammar.B.11.AsyncGrammar,HelloUltraviolet::Reference::AppendixB,runAppendixBAsyncGrammarReference,Source/Reference/AppendixB/CompleteGrammar.uv,false,true,true,true,true
grammar.B.12.MetaprogrammingGrammar,HelloUltraviolet::Reference::AppendixB,runAppendixBMetaprogrammingGrammarReference,Source/Reference/AppendixB/CompleteGrammar.uv,false,true,true,true,true
grammar.B.13.FFIGrammar,HelloUltraviolet::Reference::AppendixB,runAppendixBFFIGrammarReference,Source/Reference/AppendixB/CompleteGrammar.uv,false,true,true,true,true
grammar.B.14.RegionGrammar,HelloUltraviolet::Reference::AppendixB,runAppendixBRegionGrammarReference,Source/Reference/AppendixB/CompleteGrammar.uv,false,true,true,true,true
